2025-02-18 10:10:10 0 [Note] Starting MariaDB 10.4.28-MariaDB source revision c8f2e9a5c0ac5905f28b050b7df5a9ffd914b7e7 as process 16852
2025-02-18 10:10:10 0 [Note] InnoDB: Mutexes and rw_locks use Windows interlocked functions
2025-02-18 10:10:10 0 [Note] InnoDB: Uses event mutexes
2025-02-18 10:10:10 0 [Note] InnoDB: Compressed tables use zlib 1.2.12
2025-02-18 10:10:10 0 [Note] InnoDB: Number of pools: 1
2025-02-18 10:10:10 0 [Note] InnoDB: Using SSE2 crc32 instructions
2025-02-18 10:10:10 0 [Note] InnoDB: Initializing buffer pool, total size = 256M, instances = 1, chunk size = 128M
2025-02-18 10:10:10 0 [Note] InnoDB: Completed initialization of buffer pool
2025-02-18 10:10:10 0 [Note] InnoDB: Starting crash recovery from checkpoint LSN=300288
2025-02-18 10:10:11 0 [Note] InnoDB: Resizing redo log from 2*5242880 to 2*67108864 bytes; LSN=300306
2025-02-18 10:10:11 0 [Note] InnoDB: Starting to delete and rewrite log files.
2025-02-18 10:10:11 0 [Note] InnoDB: Setting log file C:\Users\Zedric Berwin\Desktop\OJT files\project system moodle\moodleinstall\server\mysql\data\ib_logfile101 size to 67108864 bytes
2025-02-18 10:10:11 0 [Note] InnoDB: Setting log file C:\Users\Zedric Berwin\Desktop\OJT files\project system moodle\moodleinstall\server\mysql\data\ib_logfile1 size to 67108864 bytes
2025-02-18 10:10:11 0 [Note] InnoDB: Renaming log file C:\Users\Zedric Berwin\Desktop\OJT files\project system moodle\moodleinstall\server\mysql\data\ib_logfile101 to C:\Users\Zedric Berwin\Desktop\OJT files\project system moodle\moodleinstall\server\mysql\data\ib_logfile0
2025-02-18 10:10:11 0 [Note] InnoDB: New log files created, LSN=300306
2025-02-18 10:10:11 0 [ERROR] InnoDB: Operating system error number 3 in a file operation.
2025-02-18 10:10:11 0 [ERROR] InnoDB: The error means the system cannot find the path specified.
2025-02-18 10:10:11 0 [ERROR] InnoDB: If you are installing InnoDB, remember that you must create directories yourself, InnoDB does not create them.
2025-02-18 10:10:11 0 [ERROR] InnoDB: Cannot open datafile for read-only: '.\phpmyadmin\pma__bookmark.ibd' OS error: 203
2025-02-18 10:10:11 0 [ERROR] InnoDB: Operating system error number 203 in a file operation.
2025-02-18 10:10:11 0 [Note] InnoDB: Some operating system error numbers are described at https://mariadb.com/kb/en/library/operating-system-error-codes/
2025-02-18 10:10:11 0 [ERROR] InnoDB: Could not find a valid tablespace file for ``phpmyadmin`.`pma__bookmark``. Please refer to https://mariadb.com/kb/en/innodb-data-dictionary-troubleshooting/ for how to resolve the issue.
2025-02-18 10:10:11 0 [Warning] InnoDB: Ignoring tablespace for `phpmyadmin`.`pma__bookmark` because it could not be opened.
2025-02-18 10:10:11 0 [ERROR] InnoDB: Operating system error number 3 in a file operation.
2025-02-18 10:10:11 0 [ERROR] InnoDB: The error means the system cannot find the path specified.
2025-02-18 10:10:11 0 [ERROR] InnoDB: If you are installing InnoDB, remember that you must create directories yourself, InnoDB does not create them.
2025-02-18 10:10:11 0 [ERROR] InnoDB: Cannot open datafile for read-only: '.\phpmyadmin\pma__central_columns.ibd' OS error: 203
2025-02-18 10:10:11 0 [ERROR] InnoDB: Operating system error number 203 in a file operation.
2025-02-18 10:10:11 0 [Note] InnoDB: Some operating system error numbers are described at https://mariadb.com/kb/en/library/operating-system-error-codes/
2025-02-18 10:10:11 0 [ERROR] InnoDB: Could not find a valid tablespace file for ``phpmyadmin`.`pma__central_columns``. Please refer to https://mariadb.com/kb/en/innodb-data-dictionary-troubleshooting/ for how to resolve the issue.
2025-02-18 10:10:11 0 [Warning] InnoDB: Ignoring tablespace for `phpmyadmin`.`pma__central_columns` because it could not be opened.
2025-02-18 10:10:11 0 [ERROR] InnoDB: Operating system error number 3 in a file operation.
2025-02-18 10:10:11 0 [ERROR] InnoDB: The error means the system cannot find the path specified.
2025-02-18 10:10:11 0 [ERROR] InnoDB: If you are installing InnoDB, remember that you must create directories yourself, InnoDB does not create them.
2025-02-18 10:10:11 0 [ERROR] InnoDB: Cannot open datafile for read-only: '.\phpmyadmin\pma__column_info.ibd' OS error: 203
2025-02-18 10:10:11 0 [ERROR] InnoDB: Operating system error number 203 in a file operation.
2025-02-18 10:10:11 0 [Note] InnoDB: Some operating system error numbers are described at https://mariadb.com/kb/en/library/operating-system-error-codes/
2025-02-18 10:10:11 0 [ERROR] InnoDB: Could not find a valid tablespace file for ``phpmyadmin`.`pma__column_info``. Please refer to https://mariadb.com/kb/en/innodb-data-dictionary-troubleshooting/ for how to resolve the issue.
2025-02-18 10:10:11 0 [Warning] InnoDB: Ignoring tablespace for `phpmyadmin`.`pma__column_info` because it could not be opened.
2025-02-18 10:10:11 0 [ERROR] InnoDB: Operating system error number 3 in a file operation.
2025-02-18 10:10:11 0 [ERROR] InnoDB: The error means the system cannot find the path specified.
2025-02-18 10:10:11 0 [ERROR] InnoDB: If you are installing InnoDB, remember that you must create directories yourself, InnoDB does not create them.
2025-02-18 10:10:11 0 [ERROR] InnoDB: Cannot open datafile for read-only: '.\phpmyadmin\pma__designer_settings.ibd' OS error: 203
2025-02-18 10:10:11 0 [ERROR] InnoDB: Operating system error number 203 in a file operation.
2025-02-18 10:10:11 0 [Note] InnoDB: Some operating system error numbers are described at https://mariadb.com/kb/en/library/operating-system-error-codes/
2025-02-18 10:10:11 0 [ERROR] InnoDB: Could not find a valid tablespace file for ``phpmyadmin`.`pma__designer_settings``. Please refer to https://mariadb.com/kb/en/innodb-data-dictionary-troubleshooting/ for how to resolve the issue.
2025-02-18 10:10:11 0 [Warning] InnoDB: Ignoring tablespace for `phpmyadmin`.`pma__designer_settings` because it could not be opened.
2025-02-18 10:10:11 0 [ERROR] InnoDB: Operating system error number 3 in a file operation.
2025-02-18 10:10:11 0 [ERROR] InnoDB: The error means the system cannot find the path specified.
2025-02-18 10:10:11 0 [ERROR] InnoDB: If you are installing InnoDB, remember that you must create directories yourself, InnoDB does not create them.
2025-02-18 10:10:11 0 [ERROR] InnoDB: Cannot open datafile for read-only: '.\phpmyadmin\pma__export_templates.ibd' OS error: 203
2025-02-18 10:10:11 0 [ERROR] InnoDB: Operating system error number 203 in a file operation.
2025-02-18 10:10:11 0 [Note] InnoDB: Some operating system error numbers are described at https://mariadb.com/kb/en/library/operating-system-error-codes/
2025-02-18 10:10:11 0 [ERROR] InnoDB: Could not find a valid tablespace file for ``phpmyadmin`.`pma__export_templates``. Please refer to https://mariadb.com/kb/en/innodb-data-dictionary-troubleshooting/ for how to resolve the issue.
2025-02-18 10:10:11 0 [Warning] InnoDB: Ignoring tablespace for `phpmyadmin`.`pma__export_templates` because it could not be opened.
2025-02-18 10:10:11 0 [ERROR] InnoDB: Operating system error number 3 in a file operation.
2025-02-18 10:10:11 0 [ERROR] InnoDB: The error means the system cannot find the path specified.
2025-02-18 10:10:11 0 [ERROR] InnoDB: If you are installing InnoDB, remember that you must create directories yourself, InnoDB does not create them.
2025-02-18 10:10:11 0 [ERROR] InnoDB: Cannot open datafile for read-only: '.\phpmyadmin\pma__favorite.ibd' OS error: 203
2025-02-18 10:10:11 0 [ERROR] InnoDB: Operating system error number 203 in a file operation.
2025-02-18 10:10:11 0 [Note] InnoDB: Some operating system error numbers are described at https://mariadb.com/kb/en/library/operating-system-error-codes/
2025-02-18 10:10:11 0 [ERROR] InnoDB: Could not find a valid tablespace file for ``phpmyadmin`.`pma__favorite``. Please refer to https://mariadb.com/kb/en/innodb-data-dictionary-troubleshooting/ for how to resolve the issue.
2025-02-18 10:10:11 0 [Warning] InnoDB: Ignoring tablespace for `phpmyadmin`.`pma__favorite` because it could not be opened.
2025-02-18 10:10:11 0 [ERROR] InnoDB: Operating system error number 3 in a file operation.
2025-02-18 10:10:11 0 [ERROR] InnoDB: The error means the system cannot find the path specified.
2025-02-18 10:10:11 0 [ERROR] InnoDB: If you are installing InnoDB, remember that you must create directories yourself, InnoDB does not create them.
2025-02-18 10:10:11 0 [ERROR] InnoDB: Cannot open datafile for read-only: '.\phpmyadmin\pma__history.ibd' OS error: 203
2025-02-18 10:10:11 0 [ERROR] InnoDB: Operating system error number 203 in a file operation.
2025-02-18 10:10:11 0 [Note] InnoDB: Some operating system error numbers are described at https://mariadb.com/kb/en/library/operating-system-error-codes/
2025-02-18 10:10:11 0 [ERROR] InnoDB: Could not find a valid tablespace file for ``phpmyadmin`.`pma__history``. Please refer to https://mariadb.com/kb/en/innodb-data-dictionary-troubleshooting/ for how to resolve the issue.
2025-02-18 10:10:11 0 [Warning] InnoDB: Ignoring tablespace for `phpmyadmin`.`pma__history` because it could not be opened.
2025-02-18 10:10:11 0 [ERROR] InnoDB: Operating system error number 3 in a file operation.
2025-02-18 10:10:11 0 [ERROR] InnoDB: The error means the system cannot find the path specified.
2025-02-18 10:10:11 0 [ERROR] InnoDB: If you are installing InnoDB, remember that you must create directories yourself, InnoDB does not create them.
2025-02-18 10:10:11 0 [ERROR] InnoDB: Cannot open datafile for read-only: '.\phpmyadmin\pma__navigationhiding.ibd' OS error: 203
2025-02-18 10:10:11 0 [ERROR] InnoDB: Operating system error number 203 in a file operation.
2025-02-18 10:10:11 0 [Note] InnoDB: Some operating system error numbers are described at https://mariadb.com/kb/en/library/operating-system-error-codes/
2025-02-18 10:10:11 0 [ERROR] InnoDB: Could not find a valid tablespace file for ``phpmyadmin`.`pma__navigationhiding``. Please refer to https://mariadb.com/kb/en/innodb-data-dictionary-troubleshooting/ for how to resolve the issue.
2025-02-18 10:10:11 0 [Warning] InnoDB: Ignoring tablespace for `phpmyadmin`.`pma__navigationhiding` because it could not be opened.
2025-02-18 10:10:11 0 [ERROR] InnoDB: Operating system error number 3 in a file operation.
2025-02-18 10:10:11 0 [ERROR] InnoDB: The error means the system cannot find the path specified.
2025-02-18 10:10:11 0 [ERROR] InnoDB: If you are installing InnoDB, remember that you must create directories yourself, InnoDB does not create them.
2025-02-18 10:10:11 0 [ERROR] InnoDB: Cannot open datafile for read-only: '.\phpmyadmin\pma__pdf_pages.ibd' OS error: 203
2025-02-18 10:10:11 0 [ERROR] InnoDB: Operating system error number 203 in a file operation.
2025-02-18 10:10:11 0 [Note] InnoDB: Some operating system error numbers are described at https://mariadb.com/kb/en/library/operating-system-error-codes/
2025-02-18 10:10:11 0 [ERROR] InnoDB: Could not find a valid tablespace file for ``phpmyadmin`.`pma__pdf_pages``. Please refer to https://mariadb.com/kb/en/innodb-data-dictionary-troubleshooting/ for how to resolve the issue.
2025-02-18 10:10:11 0 [Warning] InnoDB: Ignoring tablespace for `phpmyadmin`.`pma__pdf_pages` because it could not be opened.
2025-02-18 10:10:11 0 [ERROR] InnoDB: Operating system error number 3 in a file operation.
2025-02-18 10:10:11 0 [ERROR] InnoDB: The error means the system cannot find the path specified.
2025-02-18 10:10:11 0 [ERROR] InnoDB: If you are installing InnoDB, remember that you must create directories yourself, InnoDB does not create them.
2025-02-18 10:10:11 0 [ERROR] InnoDB: Cannot open datafile for read-only: '.\phpmyadmin\pma__recent.ibd' OS error: 203
2025-02-18 10:10:11 0 [ERROR] InnoDB: Operating system error number 203 in a file operation.
2025-02-18 10:10:11 0 [Note] InnoDB: Some operating system error numbers are described at https://mariadb.com/kb/en/library/operating-system-error-codes/
2025-02-18 10:10:11 0 [ERROR] InnoDB: Could not find a valid tablespace file for ``phpmyadmin`.`pma__recent``. Please refer to https://mariadb.com/kb/en/innodb-data-dictionary-troubleshooting/ for how to resolve the issue.
2025-02-18 10:10:11 0 [Warning] InnoDB: Ignoring tablespace for `phpmyadmin`.`pma__recent` because it could not be opened.
2025-02-18 10:10:11 0 [ERROR] InnoDB: Operating system error number 3 in a file operation.
2025-02-18 10:10:11 0 [ERROR] InnoDB: The error means the system cannot find the path specified.
2025-02-18 10:10:11 0 [ERROR] InnoDB: If you are installing InnoDB, remember that you must create directories yourself, InnoDB does not create them.
2025-02-18 10:10:11 0 [ERROR] InnoDB: Cannot open datafile for read-only: '.\phpmyadmin\pma__relation.ibd' OS error: 203
2025-02-18 10:10:11 0 [ERROR] InnoDB: Operating system error number 203 in a file operation.
2025-02-18 10:10:11 0 [Note] InnoDB: Some operating system error numbers are described at https://mariadb.com/kb/en/library/operating-system-error-codes/
2025-02-18 10:10:11 0 [ERROR] InnoDB: Could not find a valid tablespace file for ``phpmyadmin`.`pma__relation``. Please refer to https://mariadb.com/kb/en/innodb-data-dictionary-troubleshooting/ for how to resolve the issue.
2025-02-18 10:10:11 0 [Warning] InnoDB: Ignoring tablespace for `phpmyadmin`.`pma__relation` because it could not be opened.
2025-02-18 10:10:11 0 [ERROR] InnoDB: Operating system error number 3 in a file operation.
2025-02-18 10:10:11 0 [ERROR] InnoDB: The error means the system cannot find the path specified.
2025-02-18 10:10:11 0 [ERROR] InnoDB: If you are installing InnoDB, remember that you must create directories yourself, InnoDB does not create them.
2025-02-18 10:10:11 0 [ERROR] InnoDB: Cannot open datafile for read-only: '.\phpmyadmin\pma__savedsearches.ibd' OS error: 203
2025-02-18 10:10:11 0 [ERROR] InnoDB: Operating system error number 203 in a file operation.
2025-02-18 10:10:11 0 [Note] InnoDB: Some operating system error numbers are described at https://mariadb.com/kb/en/library/operating-system-error-codes/
2025-02-18 10:10:11 0 [ERROR] InnoDB: Could not find a valid tablespace file for ``phpmyadmin`.`pma__savedsearches``. Please refer to https://mariadb.com/kb/en/innodb-data-dictionary-troubleshooting/ for how to resolve the issue.
2025-02-18 10:10:11 0 [Warning] InnoDB: Ignoring tablespace for `phpmyadmin`.`pma__savedsearches` because it could not be opened.
2025-02-18 10:10:11 0 [ERROR] InnoDB: Operating system error number 3 in a file operation.
2025-02-18 10:10:11 0 [ERROR] InnoDB: The error means the system cannot find the path specified.
2025-02-18 10:10:11 0 [ERROR] InnoDB: If you are installing InnoDB, remember that you must create directories yourself, InnoDB does not create them.
2025-02-18 10:10:11 0 [ERROR] InnoDB: Cannot open datafile for read-only: '.\phpmyadmin\pma__table_coords.ibd' OS error: 203
2025-02-18 10:10:11 0 [ERROR] InnoDB: Operating system error number 203 in a file operation.
2025-02-18 10:10:11 0 [Note] InnoDB: Some operating system error numbers are described at https://mariadb.com/kb/en/library/operating-system-error-codes/
2025-02-18 10:10:11 0 [ERROR] InnoDB: Could not find a valid tablespace file for ``phpmyadmin`.`pma__table_coords``. Please refer to https://mariadb.com/kb/en/innodb-data-dictionary-troubleshooting/ for how to resolve the issue.
2025-02-18 10:10:11 0 [Warning] InnoDB: Ignoring tablespace for `phpmyadmin`.`pma__table_coords` because it could not be opened.
2025-02-18 10:10:11 0 [ERROR] InnoDB: Operating system error number 3 in a file operation.
2025-02-18 10:10:11 0 [ERROR] InnoDB: The error means the system cannot find the path specified.
2025-02-18 10:10:11 0 [ERROR] InnoDB: If you are installing InnoDB, remember that you must create directories yourself, InnoDB does not create them.
2025-02-18 10:10:11 0 [ERROR] InnoDB: Cannot open datafile for read-only: '.\phpmyadmin\pma__table_info.ibd' OS error: 203
2025-02-18 10:10:11 0 [ERROR] InnoDB: Operating system error number 203 in a file operation.
2025-02-18 10:10:11 0 [Note] InnoDB: Some operating system error numbers are described at https://mariadb.com/kb/en/library/operating-system-error-codes/
2025-02-18 10:10:11 0 [ERROR] InnoDB: Could not find a valid tablespace file for ``phpmyadmin`.`pma__table_info``. Please refer to https://mariadb.com/kb/en/innodb-data-dictionary-troubleshooting/ for how to resolve the issue.
2025-02-18 10:10:11 0 [Warning] InnoDB: Ignoring tablespace for `phpmyadmin`.`pma__table_info` because it could not be opened.
2025-02-18 10:10:11 0 [ERROR] InnoDB: Operating system error number 3 in a file operation.
2025-02-18 10:10:11 0 [ERROR] InnoDB: The error means the system cannot find the path specified.
2025-02-18 10:10:11 0 [ERROR] InnoDB: If you are installing InnoDB, remember that you must create directories yourself, InnoDB does not create them.
2025-02-18 10:10:11 0 [ERROR] InnoDB: Cannot open datafile for read-only: '.\phpmyadmin\pma__table_uiprefs.ibd' OS error: 203
2025-02-18 10:10:11 0 [ERROR] InnoDB: Operating system error number 203 in a file operation.
2025-02-18 10:10:11 0 [Note] InnoDB: Some operating system error numbers are described at https://mariadb.com/kb/en/library/operating-system-error-codes/
2025-02-18 10:10:11 0 [ERROR] InnoDB: Could not find a valid tablespace file for ``phpmyadmin`.`pma__table_uiprefs``. Please refer to https://mariadb.com/kb/en/innodb-data-dictionary-troubleshooting/ for how to resolve the issue.
2025-02-18 10:10:11 0 [Warning] InnoDB: Ignoring tablespace for `phpmyadmin`.`pma__table_uiprefs` because it could not be opened.
2025-02-18 10:10:11 0 [ERROR] InnoDB: Operating system error number 3 in a file operation.
2025-02-18 10:10:11 0 [ERROR] InnoDB: The error means the system cannot find the path specified.
2025-02-18 10:10:11 0 [ERROR] InnoDB: If you are installing InnoDB, remember that you must create directories yourself, InnoDB does not create them.
2025-02-18 10:10:11 0 [ERROR] InnoDB: Cannot open datafile for read-only: '.\phpmyadmin\pma__tracking.ibd' OS error: 203
2025-02-18 10:10:11 0 [ERROR] InnoDB: Operating system error number 203 in a file operation.
2025-02-18 10:10:11 0 [Note] InnoDB: Some operating system error numbers are described at https://mariadb.com/kb/en/library/operating-system-error-codes/
2025-02-18 10:10:11 0 [ERROR] InnoDB: Could not find a valid tablespace file for ``phpmyadmin`.`pma__tracking``. Please refer to https://mariadb.com/kb/en/innodb-data-dictionary-troubleshooting/ for how to resolve the issue.
2025-02-18 10:10:11 0 [Warning] InnoDB: Ignoring tablespace for `phpmyadmin`.`pma__tracking` because it could not be opened.
2025-02-18 10:10:11 0 [ERROR] InnoDB: Operating system error number 3 in a file operation.
2025-02-18 10:10:11 0 [ERROR] InnoDB: The error means the system cannot find the path specified.
2025-02-18 10:10:11 0 [ERROR] InnoDB: If you are installing InnoDB, remember that you must create directories yourself, InnoDB does not create them.
2025-02-18 10:10:11 0 [ERROR] InnoDB: Cannot open datafile for read-only: '.\phpmyadmin\pma__userconfig.ibd' OS error: 203
2025-02-18 10:10:11 0 [ERROR] InnoDB: Operating system error number 203 in a file operation.
2025-02-18 10:10:11 0 [Note] InnoDB: Some operating system error numbers are described at https://mariadb.com/kb/en/library/operating-system-error-codes/
2025-02-18 10:10:11 0 [ERROR] InnoDB: Could not find a valid tablespace file for ``phpmyadmin`.`pma__userconfig``. Please refer to https://mariadb.com/kb/en/innodb-data-dictionary-troubleshooting/ for how to resolve the issue.
2025-02-18 10:10:11 0 [Warning] InnoDB: Ignoring tablespace for `phpmyadmin`.`pma__userconfig` because it could not be opened.
2025-02-18 10:10:11 0 [ERROR] InnoDB: Operating system error number 3 in a file operation.
2025-02-18 10:10:11 0 [ERROR] InnoDB: The error means the system cannot find the path specified.
2025-02-18 10:10:11 0 [ERROR] InnoDB: If you are installing InnoDB, remember that you must create directories yourself, InnoDB does not create them.
2025-02-18 10:10:11 0 [ERROR] InnoDB: Cannot open datafile for read-only: '.\phpmyadmin\pma__usergroups.ibd' OS error: 203
2025-02-18 10:10:11 0 [ERROR] InnoDB: Operating system error number 203 in a file operation.
2025-02-18 10:10:11 0 [Note] InnoDB: Some operating system error numbers are described at https://mariadb.com/kb/en/library/operating-system-error-codes/
2025-02-18 10:10:11 0 [ERROR] InnoDB: Could not find a valid tablespace file for ``phpmyadmin`.`pma__usergroups``. Please refer to https://mariadb.com/kb/en/innodb-data-dictionary-troubleshooting/ for how to resolve the issue.
2025-02-18 10:10:11 0 [Warning] InnoDB: Ignoring tablespace for `phpmyadmin`.`pma__usergroups` because it could not be opened.
2025-02-18 10:10:11 0 [ERROR] InnoDB: Operating system error number 3 in a file operation.
2025-02-18 10:10:11 0 [ERROR] InnoDB: The error means the system cannot find the path specified.
2025-02-18 10:10:11 0 [ERROR] InnoDB: If you are installing InnoDB, remember that you must create directories yourself, InnoDB does not create them.
2025-02-18 10:10:11 0 [ERROR] InnoDB: Cannot open datafile for read-only: '.\phpmyadmin\pma__users.ibd' OS error: 203
2025-02-18 10:10:11 0 [ERROR] InnoDB: Operating system error number 203 in a file operation.
2025-02-18 10:10:11 0 [Note] InnoDB: Some operating system error numbers are described at https://mariadb.com/kb/en/library/operating-system-error-codes/
2025-02-18 10:10:11 0 [ERROR] InnoDB: Could not find a valid tablespace file for ``phpmyadmin`.`pma__users``. Please refer to https://mariadb.com/kb/en/innodb-data-dictionary-troubleshooting/ for how to resolve the issue.
2025-02-18 10:10:11 0 [Warning] InnoDB: Ignoring tablespace for `phpmyadmin`.`pma__users` because it could not be opened.
2025-02-18 10:10:11 0 [Note] InnoDB: 128 out of 128 rollback segments are active.
2025-02-18 10:10:11 0 [Note] InnoDB: Removed temporary tablespace data file: "ibtmp1"
2025-02-18 10:10:11 0 [Note] InnoDB: Creating shared tablespace for temporary tables
2025-02-18 10:10:11 0 [Note] InnoDB: Setting file 'C:\Users\Zedric Berwin\Desktop\OJT files\project system moodle\moodleinstall\server\mysql\data\ibtmp1' size to 12 MB. Physically writing the file full; Please wait ...
2025-02-18 10:10:11 0 [Note] InnoDB: File 'C:\Users\Zedric Berwin\Desktop\OJT files\project system moodle\moodleinstall\server\mysql\data\ibtmp1' size is now 12 MB.
2025-02-18 10:10:11 0 [Note] InnoDB: Waiting for purge to start
2025-02-18 10:10:11 2 [ERROR] InnoDB: Operating system error number 3 in a file operation.
2025-02-18 10:10:11 2 [ERROR] InnoDB: The error means the system cannot find the path specified.
2025-02-18 10:10:11 2 [ERROR] InnoDB: If you are installing InnoDB, remember that you must create directories yourself, InnoDB does not create them.
2025-02-18 10:10:11 2 [ERROR] InnoDB: Cannot open datafile for read-only: '.\phpmyadmin\pma__userconfig.ibd' OS error: 203
2025-02-18 10:10:11 2 [ERROR] InnoDB: Operating system error number 203 in a file operation.
2025-02-18 10:10:11 2 [Note] InnoDB: Some operating system error numbers are described at https://mariadb.com/kb/en/library/operating-system-error-codes/
2025-02-18 10:10:11 2 [ERROR] InnoDB: Could not find a valid tablespace file for ``phpmyadmin`.`pma__userconfig``. Please refer to https://mariadb.com/kb/en/innodb-data-dictionary-troubleshooting/ for how to resolve the issue.
2025-02-18 10:10:11 0 [Note] InnoDB: 10.4.28 started; log sequence number 300306; transaction id 170
2025-02-18 10:10:11 0 [Note] InnoDB: Loading buffer pool(s) from C:\Users\Zedric Berwin\Desktop\OJT files\project system moodle\moodleinstall\server\mysql\data\ib_buffer_pool
2025-02-18 10:10:11 0 [Note] Plugin 'FEEDBACK' is disabled.
2025-02-18 10:10:11 0 [Note] Server socket created on IP: '::'.
2025-02-18 10:10:11 0 [Note] InnoDB: Buffer pool(s) load completed at 250218 10:10:11
2025-02-18 10:10:11 0 [Note] Reading of all Master_info entries succeeded
2025-02-18 10:10:11 0 [Note] Added new Master_info '' to hash table
2025-02-18 10:10:11 0 [Note] mysql\bin\mysqld.exe: ready for connections.
Version: '10.4.28-MariaDB'  socket: ''  port: 3306  mariadb.org binary distribution
2025-02-19 10:49:23 0 [Note] Starting MariaDB 10.4.28-MariaDB source revision c8f2e9a5c0ac5905f28b050b7df5a9ffd914b7e7 as process 15740
2025-02-19 10:49:23 0 [Note] InnoDB: Mutexes and rw_locks use Windows interlocked functions
2025-02-19 10:49:23 0 [Note] InnoDB: Uses event mutexes
2025-02-19 10:49:23 0 [Note] InnoDB: Compressed tables use zlib 1.2.12
2025-02-19 10:49:23 0 [Note] InnoDB: Number of pools: 1
2025-02-19 10:49:23 0 [Note] InnoDB: Using SSE2 crc32 instructions
2025-02-19 10:49:23 0 [Note] InnoDB: Initializing buffer pool, total size = 256M, instances = 1, chunk size = 128M
2025-02-19 10:49:23 0 [Note] InnoDB: Completed initialization of buffer pool
2025-02-19 10:49:23 0 [Note] InnoDB: Starting crash recovery from checkpoint LSN=14751847
2025-02-19 10:49:24 0 [ERROR] InnoDB: Operating system error number 3 in a file operation.
2025-02-19 10:49:24 0 [ERROR] InnoDB: The error means the system cannot find the path specified.
2025-02-19 10:49:24 0 [ERROR] InnoDB: If you are installing InnoDB, remember that you must create directories yourself, InnoDB does not create them.
2025-02-19 10:49:24 0 [ERROR] InnoDB: Cannot open datafile for read-only: '.\phpmyadmin\pma__bookmark.ibd' OS error: 203
2025-02-19 10:49:24 0 [ERROR] InnoDB: Operating system error number 203 in a file operation.
2025-02-19 10:49:24 0 [Note] InnoDB: Some operating system error numbers are described at https://mariadb.com/kb/en/library/operating-system-error-codes/
2025-02-19 10:49:24 0 [ERROR] InnoDB: Could not find a valid tablespace file for ``phpmyadmin`.`pma__bookmark``. Please refer to https://mariadb.com/kb/en/innodb-data-dictionary-troubleshooting/ for how to resolve the issue.
2025-02-19 10:49:24 0 [Warning] InnoDB: Ignoring tablespace for `phpmyadmin`.`pma__bookmark` because it could not be opened.
2025-02-19 10:49:24 0 [ERROR] InnoDB: Operating system error number 3 in a file operation.
2025-02-19 10:49:24 0 [ERROR] InnoDB: The error means the system cannot find the path specified.
2025-02-19 10:49:24 0 [ERROR] InnoDB: If you are installing InnoDB, remember that you must create directories yourself, InnoDB does not create them.
2025-02-19 10:49:24 0 [ERROR] InnoDB: Cannot open datafile for read-only: '.\phpmyadmin\pma__central_columns.ibd' OS error: 203
2025-02-19 10:49:24 0 [ERROR] InnoDB: Operating system error number 203 in a file operation.
2025-02-19 10:49:24 0 [Note] InnoDB: Some operating system error numbers are described at https://mariadb.com/kb/en/library/operating-system-error-codes/
2025-02-19 10:49:24 0 [ERROR] InnoDB: Could not find a valid tablespace file for ``phpmyadmin`.`pma__central_columns``. Please refer to https://mariadb.com/kb/en/innodb-data-dictionary-troubleshooting/ for how to resolve the issue.
2025-02-19 10:49:24 0 [Warning] InnoDB: Ignoring tablespace for `phpmyadmin`.`pma__central_columns` because it could not be opened.
2025-02-19 10:49:24 0 [ERROR] InnoDB: Operating system error number 3 in a file operation.
2025-02-19 10:49:24 0 [ERROR] InnoDB: The error means the system cannot find the path specified.
2025-02-19 10:49:24 0 [ERROR] InnoDB: If you are installing InnoDB, remember that you must create directories yourself, InnoDB does not create them.
2025-02-19 10:49:24 0 [ERROR] InnoDB: Cannot open datafile for read-only: '.\phpmyadmin\pma__column_info.ibd' OS error: 203
2025-02-19 10:49:24 0 [ERROR] InnoDB: Operating system error number 203 in a file operation.
2025-02-19 10:49:24 0 [Note] InnoDB: Some operating system error numbers are described at https://mariadb.com/kb/en/library/operating-system-error-codes/
2025-02-19 10:49:24 0 [ERROR] InnoDB: Could not find a valid tablespace file for ``phpmyadmin`.`pma__column_info``. Please refer to https://mariadb.com/kb/en/innodb-data-dictionary-troubleshooting/ for how to resolve the issue.
2025-02-19 10:49:24 0 [Warning] InnoDB: Ignoring tablespace for `phpmyadmin`.`pma__column_info` because it could not be opened.
2025-02-19 10:49:24 0 [ERROR] InnoDB: Operating system error number 3 in a file operation.
2025-02-19 10:49:24 0 [ERROR] InnoDB: The error means the system cannot find the path specified.
2025-02-19 10:49:24 0 [ERROR] InnoDB: If you are installing InnoDB, remember that you must create directories yourself, InnoDB does not create them.
2025-02-19 10:49:24 0 [ERROR] InnoDB: Cannot open datafile for read-only: '.\phpmyadmin\pma__designer_settings.ibd' OS error: 203
2025-02-19 10:49:24 0 [ERROR] InnoDB: Operating system error number 203 in a file operation.
2025-02-19 10:49:24 0 [Note] InnoDB: Some operating system error numbers are described at https://mariadb.com/kb/en/library/operating-system-error-codes/
2025-02-19 10:49:24 0 [ERROR] InnoDB: Could not find a valid tablespace file for ``phpmyadmin`.`pma__designer_settings``. Please refer to https://mariadb.com/kb/en/innodb-data-dictionary-troubleshooting/ for how to resolve the issue.
2025-02-19 10:49:24 0 [Warning] InnoDB: Ignoring tablespace for `phpmyadmin`.`pma__designer_settings` because it could not be opened.
2025-02-19 10:49:24 0 [ERROR] InnoDB: Operating system error number 3 in a file operation.
2025-02-19 10:49:24 0 [ERROR] InnoDB: The error means the system cannot find the path specified.
2025-02-19 10:49:24 0 [ERROR] InnoDB: If you are installing InnoDB, remember that you must create directories yourself, InnoDB does not create them.
2025-02-19 10:49:24 0 [ERROR] InnoDB: Cannot open datafile for read-only: '.\phpmyadmin\pma__export_templates.ibd' OS error: 203
2025-02-19 10:49:24 0 [ERROR] InnoDB: Operating system error number 203 in a file operation.
2025-02-19 10:49:24 0 [Note] InnoDB: Some operating system error numbers are described at https://mariadb.com/kb/en/library/operating-system-error-codes/
2025-02-19 10:49:24 0 [ERROR] InnoDB: Could not find a valid tablespace file for ``phpmyadmin`.`pma__export_templates``. Please refer to https://mariadb.com/kb/en/innodb-data-dictionary-troubleshooting/ for how to resolve the issue.
2025-02-19 10:49:24 0 [Warning] InnoDB: Ignoring tablespace for `phpmyadmin`.`pma__export_templates` because it could not be opened.
2025-02-19 10:49:24 0 [ERROR] InnoDB: Operating system error number 3 in a file operation.
2025-02-19 10:49:24 0 [ERROR] InnoDB: The error means the system cannot find the path specified.
2025-02-19 10:49:24 0 [ERROR] InnoDB: If you are installing InnoDB, remember that you must create directories yourself, InnoDB does not create them.
2025-02-19 10:49:24 0 [ERROR] InnoDB: Cannot open datafile for read-only: '.\phpmyadmin\pma__favorite.ibd' OS error: 203
2025-02-19 10:49:24 0 [ERROR] InnoDB: Operating system error number 203 in a file operation.
2025-02-19 10:49:24 0 [Note] InnoDB: Some operating system error numbers are described at https://mariadb.com/kb/en/library/operating-system-error-codes/
2025-02-19 10:49:24 0 [ERROR] InnoDB: Could not find a valid tablespace file for ``phpmyadmin`.`pma__favorite``. Please refer to https://mariadb.com/kb/en/innodb-data-dictionary-troubleshooting/ for how to resolve the issue.
2025-02-19 10:49:24 0 [Warning] InnoDB: Ignoring tablespace for `phpmyadmin`.`pma__favorite` because it could not be opened.
2025-02-19 10:49:24 0 [ERROR] InnoDB: Operating system error number 3 in a file operation.
2025-02-19 10:49:24 0 [ERROR] InnoDB: The error means the system cannot find the path specified.
2025-02-19 10:49:24 0 [ERROR] InnoDB: If you are installing InnoDB, remember that you must create directories yourself, InnoDB does not create them.
2025-02-19 10:49:24 0 [ERROR] InnoDB: Cannot open datafile for read-only: '.\phpmyadmin\pma__history.ibd' OS error: 203
2025-02-19 10:49:24 0 [ERROR] InnoDB: Operating system error number 203 in a file operation.
2025-02-19 10:49:24 0 [Note] InnoDB: Some operating system error numbers are described at https://mariadb.com/kb/en/library/operating-system-error-codes/
2025-02-19 10:49:24 0 [ERROR] InnoDB: Could not find a valid tablespace file for ``phpmyadmin`.`pma__history``. Please refer to https://mariadb.com/kb/en/innodb-data-dictionary-troubleshooting/ for how to resolve the issue.
2025-02-19 10:49:24 0 [Warning] InnoDB: Ignoring tablespace for `phpmyadmin`.`pma__history` because it could not be opened.
2025-02-19 10:49:24 0 [ERROR] InnoDB: Operating system error number 3 in a file operation.
2025-02-19 10:49:24 0 [ERROR] InnoDB: The error means the system cannot find the path specified.
2025-02-19 10:49:24 0 [ERROR] InnoDB: If you are installing InnoDB, remember that you must create directories yourself, InnoDB does not create them.
2025-02-19 10:49:24 0 [ERROR] InnoDB: Cannot open datafile for read-only: '.\phpmyadmin\pma__navigationhiding.ibd' OS error: 203
2025-02-19 10:49:24 0 [ERROR] InnoDB: Operating system error number 203 in a file operation.
2025-02-19 10:49:24 0 [Note] InnoDB: Some operating system error numbers are described at https://mariadb.com/kb/en/library/operating-system-error-codes/
2025-02-19 10:49:24 0 [ERROR] InnoDB: Could not find a valid tablespace file for ``phpmyadmin`.`pma__navigationhiding``. Please refer to https://mariadb.com/kb/en/innodb-data-dictionary-troubleshooting/ for how to resolve the issue.
2025-02-19 10:49:24 0 [Warning] InnoDB: Ignoring tablespace for `phpmyadmin`.`pma__navigationhiding` because it could not be opened.
2025-02-19 10:49:24 0 [ERROR] InnoDB: Operating system error number 3 in a file operation.
2025-02-19 10:49:24 0 [ERROR] InnoDB: The error means the system cannot find the path specified.
2025-02-19 10:49:24 0 [ERROR] InnoDB: If you are installing InnoDB, remember that you must create directories yourself, InnoDB does not create them.
2025-02-19 10:49:24 0 [ERROR] InnoDB: Cannot open datafile for read-only: '.\phpmyadmin\pma__pdf_pages.ibd' OS error: 203
2025-02-19 10:49:24 0 [ERROR] InnoDB: Operating system error number 203 in a file operation.
2025-02-19 10:49:24 0 [Note] InnoDB: Some operating system error numbers are described at https://mariadb.com/kb/en/library/operating-system-error-codes/
2025-02-19 10:49:24 0 [ERROR] InnoDB: Could not find a valid tablespace file for ``phpmyadmin`.`pma__pdf_pages``. Please refer to https://mariadb.com/kb/en/innodb-data-dictionary-troubleshooting/ for how to resolve the issue.
2025-02-19 10:49:24 0 [Warning] InnoDB: Ignoring tablespace for `phpmyadmin`.`pma__pdf_pages` because it could not be opened.
2025-02-19 10:49:24 0 [ERROR] InnoDB: Operating system error number 3 in a file operation.
2025-02-19 10:49:24 0 [ERROR] InnoDB: The error means the system cannot find the path specified.
2025-02-19 10:49:24 0 [ERROR] InnoDB: If you are installing InnoDB, remember that you must create directories yourself, InnoDB does not create them.
2025-02-19 10:49:24 0 [ERROR] InnoDB: Cannot open datafile for read-only: '.\phpmyadmin\pma__recent.ibd' OS error: 203
2025-02-19 10:49:24 0 [ERROR] InnoDB: Operating system error number 203 in a file operation.
2025-02-19 10:49:24 0 [Note] InnoDB: Some operating system error numbers are described at https://mariadb.com/kb/en/library/operating-system-error-codes/
2025-02-19 10:49:24 0 [ERROR] InnoDB: Could not find a valid tablespace file for ``phpmyadmin`.`pma__recent``. Please refer to https://mariadb.com/kb/en/innodb-data-dictionary-troubleshooting/ for how to resolve the issue.
2025-02-19 10:49:24 0 [Warning] InnoDB: Ignoring tablespace for `phpmyadmin`.`pma__recent` because it could not be opened.
2025-02-19 10:49:24 0 [ERROR] InnoDB: Operating system error number 3 in a file operation.
2025-02-19 10:49:24 0 [ERROR] InnoDB: The error means the system cannot find the path specified.
2025-02-19 10:49:24 0 [ERROR] InnoDB: If you are installing InnoDB, remember that you must create directories yourself, InnoDB does not create them.
2025-02-19 10:49:24 0 [ERROR] InnoDB: Cannot open datafile for read-only: '.\phpmyadmin\pma__relation.ibd' OS error: 203
2025-02-19 10:49:24 0 [ERROR] InnoDB: Operating system error number 203 in a file operation.
2025-02-19 10:49:24 0 [Note] InnoDB: Some operating system error numbers are described at https://mariadb.com/kb/en/library/operating-system-error-codes/
2025-02-19 10:49:24 0 [ERROR] InnoDB: Could not find a valid tablespace file for ``phpmyadmin`.`pma__relation``. Please refer to https://mariadb.com/kb/en/innodb-data-dictionary-troubleshooting/ for how to resolve the issue.
2025-02-19 10:49:24 0 [Warning] InnoDB: Ignoring tablespace for `phpmyadmin`.`pma__relation` because it could not be opened.
2025-02-19 10:49:24 0 [ERROR] InnoDB: Operating system error number 3 in a file operation.
2025-02-19 10:49:24 0 [ERROR] InnoDB: The error means the system cannot find the path specified.
2025-02-19 10:49:24 0 [ERROR] InnoDB: If you are installing InnoDB, remember that you must create directories yourself, InnoDB does not create them.
2025-02-19 10:49:24 0 [ERROR] InnoDB: Cannot open datafile for read-only: '.\phpmyadmin\pma__savedsearches.ibd' OS error: 203
2025-02-19 10:49:24 0 [ERROR] InnoDB: Operating system error number 203 in a file operation.
2025-02-19 10:49:24 0 [Note] InnoDB: Some operating system error numbers are described at https://mariadb.com/kb/en/library/operating-system-error-codes/
2025-02-19 10:49:24 0 [ERROR] InnoDB: Could not find a valid tablespace file for ``phpmyadmin`.`pma__savedsearches``. Please refer to https://mariadb.com/kb/en/innodb-data-dictionary-troubleshooting/ for how to resolve the issue.
2025-02-19 10:49:24 0 [Warning] InnoDB: Ignoring tablespace for `phpmyadmin`.`pma__savedsearches` because it could not be opened.
2025-02-19 10:49:24 0 [ERROR] InnoDB: Operating system error number 3 in a file operation.
2025-02-19 10:49:24 0 [ERROR] InnoDB: The error means the system cannot find the path specified.
2025-02-19 10:49:24 0 [ERROR] InnoDB: If you are installing InnoDB, remember that you must create directories yourself, InnoDB does not create them.
2025-02-19 10:49:24 0 [ERROR] InnoDB: Cannot open datafile for read-only: '.\phpmyadmin\pma__table_coords.ibd' OS error: 203
2025-02-19 10:49:24 0 [ERROR] InnoDB: Operating system error number 203 in a file operation.
2025-02-19 10:49:24 0 [Note] InnoDB: Some operating system error numbers are described at https://mariadb.com/kb/en/library/operating-system-error-codes/
2025-02-19 10:49:24 0 [ERROR] InnoDB: Could not find a valid tablespace file for ``phpmyadmin`.`pma__table_coords``. Please refer to https://mariadb.com/kb/en/innodb-data-dictionary-troubleshooting/ for how to resolve the issue.
2025-02-19 10:49:24 0 [Warning] InnoDB: Ignoring tablespace for `phpmyadmin`.`pma__table_coords` because it could not be opened.
2025-02-19 10:49:24 0 [ERROR] InnoDB: Operating system error number 3 in a file operation.
2025-02-19 10:49:24 0 [ERROR] InnoDB: The error means the system cannot find the path specified.
2025-02-19 10:49:24 0 [ERROR] InnoDB: If you are installing InnoDB, remember that you must create directories yourself, InnoDB does not create them.
2025-02-19 10:49:24 0 [ERROR] InnoDB: Cannot open datafile for read-only: '.\phpmyadmin\pma__table_info.ibd' OS error: 203
2025-02-19 10:49:24 0 [ERROR] InnoDB: Operating system error number 203 in a file operation.
2025-02-19 10:49:24 0 [Note] InnoDB: Some operating system error numbers are described at https://mariadb.com/kb/en/library/operating-system-error-codes/
2025-02-19 10:49:24 0 [ERROR] InnoDB: Could not find a valid tablespace file for ``phpmyadmin`.`pma__table_info``. Please refer to https://mariadb.com/kb/en/innodb-data-dictionary-troubleshooting/ for how to resolve the issue.
2025-02-19 10:49:24 0 [Warning] InnoDB: Ignoring tablespace for `phpmyadmin`.`pma__table_info` because it could not be opened.
2025-02-19 10:49:24 0 [ERROR] InnoDB: Operating system error number 3 in a file operation.
2025-02-19 10:49:24 0 [ERROR] InnoDB: The error means the system cannot find the path specified.
2025-02-19 10:49:24 0 [ERROR] InnoDB: If you are installing InnoDB, remember that you must create directories yourself, InnoDB does not create them.
2025-02-19 10:49:24 0 [ERROR] InnoDB: Cannot open datafile for read-only: '.\phpmyadmin\pma__table_uiprefs.ibd' OS error: 203
2025-02-19 10:49:24 0 [ERROR] InnoDB: Operating system error number 203 in a file operation.
2025-02-19 10:49:24 0 [Note] InnoDB: Some operating system error numbers are described at https://mariadb.com/kb/en/library/operating-system-error-codes/
2025-02-19 10:49:24 0 [ERROR] InnoDB: Could not find a valid tablespace file for ``phpmyadmin`.`pma__table_uiprefs``. Please refer to https://mariadb.com/kb/en/innodb-data-dictionary-troubleshooting/ for how to resolve the issue.
2025-02-19 10:49:24 0 [Warning] InnoDB: Ignoring tablespace for `phpmyadmin`.`pma__table_uiprefs` because it could not be opened.
2025-02-19 10:49:24 0 [ERROR] InnoDB: Operating system error number 3 in a file operation.
2025-02-19 10:49:24 0 [ERROR] InnoDB: The error means the system cannot find the path specified.
2025-02-19 10:49:24 0 [ERROR] InnoDB: If you are installing InnoDB, remember that you must create directories yourself, InnoDB does not create them.
2025-02-19 10:49:24 0 [ERROR] InnoDB: Cannot open datafile for read-only: '.\phpmyadmin\pma__tracking.ibd' OS error: 203
2025-02-19 10:49:24 0 [ERROR] InnoDB: Operating system error number 203 in a file operation.
2025-02-19 10:49:24 0 [Note] InnoDB: Some operating system error numbers are described at https://mariadb.com/kb/en/library/operating-system-error-codes/
2025-02-19 10:49:24 0 [ERROR] InnoDB: Could not find a valid tablespace file for ``phpmyadmin`.`pma__tracking``. Please refer to https://mariadb.com/kb/en/innodb-data-dictionary-troubleshooting/ for how to resolve the issue.
2025-02-19 10:49:24 0 [Warning] InnoDB: Ignoring tablespace for `phpmyadmin`.`pma__tracking` because it could not be opened.
2025-02-19 10:49:24 0 [ERROR] InnoDB: Operating system error number 3 in a file operation.
2025-02-19 10:49:24 0 [ERROR] InnoDB: The error means the system cannot find the path specified.
2025-02-19 10:49:24 0 [ERROR] InnoDB: If you are installing InnoDB, remember that you must create directories yourself, InnoDB does not create them.
2025-02-19 10:49:24 0 [ERROR] InnoDB: Cannot open datafile for read-only: '.\phpmyadmin\pma__userconfig.ibd' OS error: 203
2025-02-19 10:49:24 0 [ERROR] InnoDB: Operating system error number 203 in a file operation.
2025-02-19 10:49:24 0 [Note] InnoDB: Some operating system error numbers are described at https://mariadb.com/kb/en/library/operating-system-error-codes/
2025-02-19 10:49:24 0 [ERROR] InnoDB: Could not find a valid tablespace file for ``phpmyadmin`.`pma__userconfig``. Please refer to https://mariadb.com/kb/en/innodb-data-dictionary-troubleshooting/ for how to resolve the issue.
2025-02-19 10:49:24 0 [Warning] InnoDB: Ignoring tablespace for `phpmyadmin`.`pma__userconfig` because it could not be opened.
2025-02-19 10:49:24 0 [ERROR] InnoDB: Operating system error number 3 in a file operation.
2025-02-19 10:49:24 0 [ERROR] InnoDB: The error means the system cannot find the path specified.
2025-02-19 10:49:24 0 [ERROR] InnoDB: If you are installing InnoDB, remember that you must create directories yourself, InnoDB does not create them.
2025-02-19 10:49:24 0 [ERROR] InnoDB: Cannot open datafile for read-only: '.\phpmyadmin\pma__usergroups.ibd' OS error: 203
2025-02-19 10:49:24 0 [ERROR] InnoDB: Operating system error number 203 in a file operation.
2025-02-19 10:49:24 0 [Note] InnoDB: Some operating system error numbers are described at https://mariadb.com/kb/en/library/operating-system-error-codes/
2025-02-19 10:49:24 0 [ERROR] InnoDB: Could not find a valid tablespace file for ``phpmyadmin`.`pma__usergroups``. Please refer to https://mariadb.com/kb/en/innodb-data-dictionary-troubleshooting/ for how to resolve the issue.
2025-02-19 10:49:24 0 [Warning] InnoDB: Ignoring tablespace for `phpmyadmin`.`pma__usergroups` because it could not be opened.
2025-02-19 10:49:24 0 [ERROR] InnoDB: Operating system error number 3 in a file operation.
2025-02-19 10:49:24 0 [ERROR] InnoDB: The error means the system cannot find the path specified.
2025-02-19 10:49:24 0 [ERROR] InnoDB: If you are installing InnoDB, remember that you must create directories yourself, InnoDB does not create them.
2025-02-19 10:49:24 0 [ERROR] InnoDB: Cannot open datafile for read-only: '.\phpmyadmin\pma__users.ibd' OS error: 203
2025-02-19 10:49:24 0 [ERROR] InnoDB: Operating system error number 203 in a file operation.
2025-02-19 10:49:24 0 [Note] InnoDB: Some operating system error numbers are described at https://mariadb.com/kb/en/library/operating-system-error-codes/
2025-02-19 10:49:24 0 [ERROR] InnoDB: Could not find a valid tablespace file for ``phpmyadmin`.`pma__users``. Please refer to https://mariadb.com/kb/en/innodb-data-dictionary-troubleshooting/ for how to resolve the issue.
2025-02-19 10:49:24 0 [Warning] InnoDB: Ignoring tablespace for `phpmyadmin`.`pma__users` because it could not be opened.
2025-02-19 10:49:24 0 [Note] InnoDB: 128 out of 128 rollback segments are active.
2025-02-19 10:49:24 0 [Note] InnoDB: Removed temporary tablespace data file: "ibtmp1"
2025-02-19 10:49:24 0 [Note] InnoDB: Creating shared tablespace for temporary tables
2025-02-19 10:49:24 0 [Note] InnoDB: Setting file 'C:\Users\Zedric Berwin\Desktop\OJT files\project system moodle\moodleinstall\server\mysql\data\ibtmp1' size to 12 MB. Physically writing the file full; Please wait ...
2025-02-19 10:49:24 0 [Note] InnoDB: File 'C:\Users\Zedric Berwin\Desktop\OJT files\project system moodle\moodleinstall\server\mysql\data\ibtmp1' size is now 12 MB.
2025-02-19 10:49:24 0 [Note] InnoDB: Waiting for purge to start
2025-02-19 10:49:24 0 [Note] InnoDB: 10.4.28 started; log sequence number 14751856; transaction id 30193
2025-02-19 10:49:24 0 [Note] InnoDB: Loading buffer pool(s) from C:\Users\Zedric Berwin\Desktop\OJT files\project system moodle\moodleinstall\server\mysql\data\ib_buffer_pool
2025-02-19 10:49:24 0 [Note] Plugin 'FEEDBACK' is disabled.
2025-02-19 10:49:24 0 [Note] Server socket created on IP: '::'.
2025-02-19 10:49:24 0 [Note] InnoDB: Buffer pool(s) load completed at 250219 10:49:24
2025-02-19 10:49:24 0 [Note] Reading of all Master_info entries succeeded
2025-02-19 10:49:24 0 [Note] Added new Master_info '' to hash table
2025-02-19 10:49:24 0 [Note] mysql\bin\mysqld.exe: ready for connections.
Version: '10.4.28-MariaDB'  socket: ''  port: 3306  mariadb.org binary distribution
2025-02-20 15:11:12 0 [Note] Starting MariaDB 10.4.28-MariaDB source revision c8f2e9a5c0ac5905f28b050b7df5a9ffd914b7e7 as process 15432
2025-02-20 15:11:12 0 [Note] InnoDB: Mutexes and rw_locks use Windows interlocked functions
2025-02-20 15:11:12 0 [Note] InnoDB: Uses event mutexes
2025-02-20 15:11:12 0 [Note] InnoDB: Compressed tables use zlib 1.2.12
2025-02-20 15:11:12 0 [Note] InnoDB: Number of pools: 1
2025-02-20 15:11:12 0 [Note] InnoDB: Using SSE2 crc32 instructions
2025-02-20 15:11:12 0 [Note] InnoDB: Initializing buffer pool, total size = 256M, instances = 1, chunk size = 128M
2025-02-20 15:11:12 0 [Note] InnoDB: Completed initialization of buffer pool
2025-02-20 15:11:12 0 [Note] InnoDB: Starting crash recovery from checkpoint LSN=16789476
2025-02-20 15:11:13 0 [ERROR] InnoDB: Operating system error number 3 in a file operation.
2025-02-20 15:11:13 0 [ERROR] InnoDB: The error means the system cannot find the path specified.
2025-02-20 15:11:13 0 [ERROR] InnoDB: If you are installing InnoDB, remember that you must create directories yourself, InnoDB does not create them.
2025-02-20 15:11:13 0 [ERROR] InnoDB: Cannot open datafile for read-only: '.\phpmyadmin\pma__bookmark.ibd' OS error: 203
2025-02-20 15:11:13 0 [ERROR] InnoDB: Operating system error number 203 in a file operation.
2025-02-20 15:11:13 0 [Note] InnoDB: Some operating system error numbers are described at https://mariadb.com/kb/en/library/operating-system-error-codes/
2025-02-20 15:11:13 0 [ERROR] InnoDB: Could not find a valid tablespace file for ``phpmyadmin`.`pma__bookmark``. Please refer to https://mariadb.com/kb/en/innodb-data-dictionary-troubleshooting/ for how to resolve the issue.
2025-02-20 15:11:13 0 [Warning] InnoDB: Ignoring tablespace for `phpmyadmin`.`pma__bookmark` because it could not be opened.
2025-02-20 15:11:13 0 [ERROR] InnoDB: Operating system error number 3 in a file operation.
2025-02-20 15:11:13 0 [ERROR] InnoDB: The error means the system cannot find the path specified.
2025-02-20 15:11:13 0 [ERROR] InnoDB: If you are installing InnoDB, remember that you must create directories yourself, InnoDB does not create them.
2025-02-20 15:11:13 0 [ERROR] InnoDB: Cannot open datafile for read-only: '.\phpmyadmin\pma__central_columns.ibd' OS error: 203
2025-02-20 15:11:13 0 [ERROR] InnoDB: Operating system error number 203 in a file operation.
2025-02-20 15:11:13 0 [Note] InnoDB: Some operating system error numbers are described at https://mariadb.com/kb/en/library/operating-system-error-codes/
2025-02-20 15:11:13 0 [ERROR] InnoDB: Could not find a valid tablespace file for ``phpmyadmin`.`pma__central_columns``. Please refer to https://mariadb.com/kb/en/innodb-data-dictionary-troubleshooting/ for how to resolve the issue.
2025-02-20 15:11:13 0 [Warning] InnoDB: Ignoring tablespace for `phpmyadmin`.`pma__central_columns` because it could not be opened.
2025-02-20 15:11:13 0 [ERROR] InnoDB: Operating system error number 3 in a file operation.
2025-02-20 15:11:13 0 [ERROR] InnoDB: The error means the system cannot find the path specified.
2025-02-20 15:11:13 0 [ERROR] InnoDB: If you are installing InnoDB, remember that you must create directories yourself, InnoDB does not create them.
2025-02-20 15:11:13 0 [ERROR] InnoDB: Cannot open datafile for read-only: '.\phpmyadmin\pma__column_info.ibd' OS error: 203
2025-02-20 15:11:13 0 [ERROR] InnoDB: Operating system error number 203 in a file operation.
2025-02-20 15:11:13 0 [Note] InnoDB: Some operating system error numbers are described at https://mariadb.com/kb/en/library/operating-system-error-codes/
2025-02-20 15:11:13 0 [ERROR] InnoDB: Could not find a valid tablespace file for ``phpmyadmin`.`pma__column_info``. Please refer to https://mariadb.com/kb/en/innodb-data-dictionary-troubleshooting/ for how to resolve the issue.
2025-02-20 15:11:13 0 [Warning] InnoDB: Ignoring tablespace for `phpmyadmin`.`pma__column_info` because it could not be opened.
2025-02-20 15:11:13 0 [ERROR] InnoDB: Operating system error number 3 in a file operation.
2025-02-20 15:11:13 0 [ERROR] InnoDB: The error means the system cannot find the path specified.
2025-02-20 15:11:13 0 [ERROR] InnoDB: If you are installing InnoDB, remember that you must create directories yourself, InnoDB does not create them.
2025-02-20 15:11:13 0 [ERROR] InnoDB: Cannot open datafile for read-only: '.\phpmyadmin\pma__designer_settings.ibd' OS error: 203
2025-02-20 15:11:13 0 [ERROR] InnoDB: Operating system error number 203 in a file operation.
2025-02-20 15:11:13 0 [Note] InnoDB: Some operating system error numbers are described at https://mariadb.com/kb/en/library/operating-system-error-codes/
2025-02-20 15:11:13 0 [ERROR] InnoDB: Could not find a valid tablespace file for ``phpmyadmin`.`pma__designer_settings``. Please refer to https://mariadb.com/kb/en/innodb-data-dictionary-troubleshooting/ for how to resolve the issue.
2025-02-20 15:11:13 0 [Warning] InnoDB: Ignoring tablespace for `phpmyadmin`.`pma__designer_settings` because it could not be opened.
2025-02-20 15:11:13 0 [ERROR] InnoDB: Operating system error number 3 in a file operation.
2025-02-20 15:11:13 0 [ERROR] InnoDB: The error means the system cannot find the path specified.
2025-02-20 15:11:13 0 [ERROR] InnoDB: If you are installing InnoDB, remember that you must create directories yourself, InnoDB does not create them.
2025-02-20 15:11:13 0 [ERROR] InnoDB: Cannot open datafile for read-only: '.\phpmyadmin\pma__export_templates.ibd' OS error: 203
2025-02-20 15:11:13 0 [ERROR] InnoDB: Operating system error number 203 in a file operation.
2025-02-20 15:11:13 0 [Note] InnoDB: Some operating system error numbers are described at https://mariadb.com/kb/en/library/operating-system-error-codes/
2025-02-20 15:11:13 0 [ERROR] InnoDB: Could not find a valid tablespace file for ``phpmyadmin`.`pma__export_templates``. Please refer to https://mariadb.com/kb/en/innodb-data-dictionary-troubleshooting/ for how to resolve the issue.
2025-02-20 15:11:13 0 [Warning] InnoDB: Ignoring tablespace for `phpmyadmin`.`pma__export_templates` because it could not be opened.
2025-02-20 15:11:13 0 [ERROR] InnoDB: Operating system error number 3 in a file operation.
2025-02-20 15:11:13 0 [ERROR] InnoDB: The error means the system cannot find the path specified.
2025-02-20 15:11:13 0 [ERROR] InnoDB: If you are installing InnoDB, remember that you must create directories yourself, InnoDB does not create them.
2025-02-20 15:11:13 0 [ERROR] InnoDB: Cannot open datafile for read-only: '.\phpmyadmin\pma__favorite.ibd' OS error: 203
2025-02-20 15:11:13 0 [ERROR] InnoDB: Operating system error number 203 in a file operation.
2025-02-20 15:11:13 0 [Note] InnoDB: Some operating system error numbers are described at https://mariadb.com/kb/en/library/operating-system-error-codes/
2025-02-20 15:11:13 0 [ERROR] InnoDB: Could not find a valid tablespace file for ``phpmyadmin`.`pma__favorite``. Please refer to https://mariadb.com/kb/en/innodb-data-dictionary-troubleshooting/ for how to resolve the issue.
2025-02-20 15:11:13 0 [Warning] InnoDB: Ignoring tablespace for `phpmyadmin`.`pma__favorite` because it could not be opened.
2025-02-20 15:11:13 0 [ERROR] InnoDB: Operating system error number 3 in a file operation.
2025-02-20 15:11:13 0 [ERROR] InnoDB: The error means the system cannot find the path specified.
2025-02-20 15:11:13 0 [ERROR] InnoDB: If you are installing InnoDB, remember that you must create directories yourself, InnoDB does not create them.
2025-02-20 15:11:13 0 [ERROR] InnoDB: Cannot open datafile for read-only: '.\phpmyadmin\pma__history.ibd' OS error: 203
2025-02-20 15:11:13 0 [ERROR] InnoDB: Operating system error number 203 in a file operation.
2025-02-20 15:11:13 0 [Note] InnoDB: Some operating system error numbers are described at https://mariadb.com/kb/en/library/operating-system-error-codes/
2025-02-20 15:11:13 0 [ERROR] InnoDB: Could not find a valid tablespace file for ``phpmyadmin`.`pma__history``. Please refer to https://mariadb.com/kb/en/innodb-data-dictionary-troubleshooting/ for how to resolve the issue.
2025-02-20 15:11:13 0 [Warning] InnoDB: Ignoring tablespace for `phpmyadmin`.`pma__history` because it could not be opened.
2025-02-20 15:11:13 0 [ERROR] InnoDB: Operating system error number 3 in a file operation.
2025-02-20 15:11:13 0 [ERROR] InnoDB: The error means the system cannot find the path specified.
2025-02-20 15:11:13 0 [ERROR] InnoDB: If you are installing InnoDB, remember that you must create directories yourself, InnoDB does not create them.
2025-02-20 15:11:13 0 [ERROR] InnoDB: Cannot open datafile for read-only: '.\phpmyadmin\pma__navigationhiding.ibd' OS error: 203
2025-02-20 15:11:13 0 [ERROR] InnoDB: Operating system error number 203 in a file operation.
2025-02-20 15:11:13 0 [Note] InnoDB: Some operating system error numbers are described at https://mariadb.com/kb/en/library/operating-system-error-codes/
2025-02-20 15:11:13 0 [ERROR] InnoDB: Could not find a valid tablespace file for ``phpmyadmin`.`pma__navigationhiding``. Please refer to https://mariadb.com/kb/en/innodb-data-dictionary-troubleshooting/ for how to resolve the issue.
2025-02-20 15:11:13 0 [Warning] InnoDB: Ignoring tablespace for `phpmyadmin`.`pma__navigationhiding` because it could not be opened.
2025-02-20 15:11:13 0 [ERROR] InnoDB: Operating system error number 3 in a file operation.
2025-02-20 15:11:13 0 [ERROR] InnoDB: The error means the system cannot find the path specified.
2025-02-20 15:11:13 0 [ERROR] InnoDB: If you are installing InnoDB, remember that you must create directories yourself, InnoDB does not create them.
2025-02-20 15:11:13 0 [ERROR] InnoDB: Cannot open datafile for read-only: '.\phpmyadmin\pma__pdf_pages.ibd' OS error: 203
2025-02-20 15:11:13 0 [ERROR] InnoDB: Operating system error number 203 in a file operation.
2025-02-20 15:11:13 0 [Note] InnoDB: Some operating system error numbers are described at https://mariadb.com/kb/en/library/operating-system-error-codes/
2025-02-20 15:11:13 0 [ERROR] InnoDB: Could not find a valid tablespace file for ``phpmyadmin`.`pma__pdf_pages``. Please refer to https://mariadb.com/kb/en/innodb-data-dictionary-troubleshooting/ for how to resolve the issue.
2025-02-20 15:11:13 0 [Warning] InnoDB: Ignoring tablespace for `phpmyadmin`.`pma__pdf_pages` because it could not be opened.
2025-02-20 15:11:13 0 [ERROR] InnoDB: Operating system error number 3 in a file operation.
2025-02-20 15:11:13 0 [ERROR] InnoDB: The error means the system cannot find the path specified.
2025-02-20 15:11:13 0 [ERROR] InnoDB: If you are installing InnoDB, remember that you must create directories yourself, InnoDB does not create them.
2025-02-20 15:11:13 0 [ERROR] InnoDB: Cannot open datafile for read-only: '.\phpmyadmin\pma__recent.ibd' OS error: 203
2025-02-20 15:11:13 0 [ERROR] InnoDB: Operating system error number 203 in a file operation.
2025-02-20 15:11:13 0 [Note] InnoDB: Some operating system error numbers are described at https://mariadb.com/kb/en/library/operating-system-error-codes/
2025-02-20 15:11:13 0 [ERROR] InnoDB: Could not find a valid tablespace file for ``phpmyadmin`.`pma__recent``. Please refer to https://mariadb.com/kb/en/innodb-data-dictionary-troubleshooting/ for how to resolve the issue.
2025-02-20 15:11:13 0 [Warning] InnoDB: Ignoring tablespace for `phpmyadmin`.`pma__recent` because it could not be opened.
2025-02-20 15:11:13 0 [ERROR] InnoDB: Operating system error number 3 in a file operation.
2025-02-20 15:11:13 0 [ERROR] InnoDB: The error means the system cannot find the path specified.
2025-02-20 15:11:13 0 [ERROR] InnoDB: If you are installing InnoDB, remember that you must create directories yourself, InnoDB does not create them.
2025-02-20 15:11:13 0 [ERROR] InnoDB: Cannot open datafile for read-only: '.\phpmyadmin\pma__relation.ibd' OS error: 203
2025-02-20 15:11:13 0 [ERROR] InnoDB: Operating system error number 203 in a file operation.
2025-02-20 15:11:13 0 [Note] InnoDB: Some operating system error numbers are described at https://mariadb.com/kb/en/library/operating-system-error-codes/
2025-02-20 15:11:13 0 [ERROR] InnoDB: Could not find a valid tablespace file for ``phpmyadmin`.`pma__relation``. Please refer to https://mariadb.com/kb/en/innodb-data-dictionary-troubleshooting/ for how to resolve the issue.
2025-02-20 15:11:13 0 [Warning] InnoDB: Ignoring tablespace for `phpmyadmin`.`pma__relation` because it could not be opened.
2025-02-20 15:11:13 0 [ERROR] InnoDB: Operating system error number 3 in a file operation.
2025-02-20 15:11:13 0 [ERROR] InnoDB: The error means the system cannot find the path specified.
2025-02-20 15:11:13 0 [ERROR] InnoDB: If you are installing InnoDB, remember that you must create directories yourself, InnoDB does not create them.
2025-02-20 15:11:13 0 [ERROR] InnoDB: Cannot open datafile for read-only: '.\phpmyadmin\pma__savedsearches.ibd' OS error: 203
2025-02-20 15:11:13 0 [ERROR] InnoDB: Operating system error number 203 in a file operation.
2025-02-20 15:11:13 0 [Note] InnoDB: Some operating system error numbers are described at https://mariadb.com/kb/en/library/operating-system-error-codes/
2025-02-20 15:11:13 0 [ERROR] InnoDB: Could not find a valid tablespace file for ``phpmyadmin`.`pma__savedsearches``. Please refer to https://mariadb.com/kb/en/innodb-data-dictionary-troubleshooting/ for how to resolve the issue.
2025-02-20 15:11:13 0 [Warning] InnoDB: Ignoring tablespace for `phpmyadmin`.`pma__savedsearches` because it could not be opened.
2025-02-20 15:11:13 0 [ERROR] InnoDB: Operating system error number 3 in a file operation.
2025-02-20 15:11:13 0 [ERROR] InnoDB: The error means the system cannot find the path specified.
2025-02-20 15:11:13 0 [ERROR] InnoDB: If you are installing InnoDB, remember that you must create directories yourself, InnoDB does not create them.
2025-02-20 15:11:13 0 [ERROR] InnoDB: Cannot open datafile for read-only: '.\phpmyadmin\pma__table_coords.ibd' OS error: 203
2025-02-20 15:11:13 0 [ERROR] InnoDB: Operating system error number 203 in a file operation.
2025-02-20 15:11:13 0 [Note] InnoDB: Some operating system error numbers are described at https://mariadb.com/kb/en/library/operating-system-error-codes/
2025-02-20 15:11:13 0 [ERROR] InnoDB: Could not find a valid tablespace file for ``phpmyadmin`.`pma__table_coords``. Please refer to https://mariadb.com/kb/en/innodb-data-dictionary-troubleshooting/ for how to resolve the issue.
2025-02-20 15:11:13 0 [Warning] InnoDB: Ignoring tablespace for `phpmyadmin`.`pma__table_coords` because it could not be opened.
2025-02-20 15:11:13 0 [ERROR] InnoDB: Operating system error number 3 in a file operation.
2025-02-20 15:11:13 0 [ERROR] InnoDB: The error means the system cannot find the path specified.
2025-02-20 15:11:13 0 [ERROR] InnoDB: If you are installing InnoDB, remember that you must create directories yourself, InnoDB does not create them.
2025-02-20 15:11:13 0 [ERROR] InnoDB: Cannot open datafile for read-only: '.\phpmyadmin\pma__table_info.ibd' OS error: 203
2025-02-20 15:11:13 0 [ERROR] InnoDB: Operating system error number 203 in a file operation.
2025-02-20 15:11:13 0 [Note] InnoDB: Some operating system error numbers are described at https://mariadb.com/kb/en/library/operating-system-error-codes/
2025-02-20 15:11:13 0 [ERROR] InnoDB: Could not find a valid tablespace file for ``phpmyadmin`.`pma__table_info``. Please refer to https://mariadb.com/kb/en/innodb-data-dictionary-troubleshooting/ for how to resolve the issue.
2025-02-20 15:11:13 0 [Warning] InnoDB: Ignoring tablespace for `phpmyadmin`.`pma__table_info` because it could not be opened.
2025-02-20 15:11:13 0 [ERROR] InnoDB: Operating system error number 3 in a file operation.
2025-02-20 15:11:13 0 [ERROR] InnoDB: The error means the system cannot find the path specified.
2025-02-20 15:11:13 0 [ERROR] InnoDB: If you are installing InnoDB, remember that you must create directories yourself, InnoDB does not create them.
2025-02-20 15:11:13 0 [ERROR] InnoDB: Cannot open datafile for read-only: '.\phpmyadmin\pma__table_uiprefs.ibd' OS error: 203
2025-02-20 15:11:13 0 [ERROR] InnoDB: Operating system error number 203 in a file operation.
2025-02-20 15:11:13 0 [Note] InnoDB: Some operating system error numbers are described at https://mariadb.com/kb/en/library/operating-system-error-codes/
2025-02-20 15:11:13 0 [ERROR] InnoDB: Could not find a valid tablespace file for ``phpmyadmin`.`pma__table_uiprefs``. Please refer to https://mariadb.com/kb/en/innodb-data-dictionary-troubleshooting/ for how to resolve the issue.
2025-02-20 15:11:13 0 [Warning] InnoDB: Ignoring tablespace for `phpmyadmin`.`pma__table_uiprefs` because it could not be opened.
2025-02-20 15:11:13 0 [ERROR] InnoDB: Operating system error number 3 in a file operation.
2025-02-20 15:11:13 0 [ERROR] InnoDB: The error means the system cannot find the path specified.
2025-02-20 15:11:13 0 [ERROR] InnoDB: If you are installing InnoDB, remember that you must create directories yourself, InnoDB does not create them.
2025-02-20 15:11:13 0 [ERROR] InnoDB: Cannot open datafile for read-only: '.\phpmyadmin\pma__tracking.ibd' OS error: 203
2025-02-20 15:11:13 0 [ERROR] InnoDB: Operating system error number 203 in a file operation.
2025-02-20 15:11:13 0 [Note] InnoDB: Some operating system error numbers are described at https://mariadb.com/kb/en/library/operating-system-error-codes/
2025-02-20 15:11:13 0 [ERROR] InnoDB: Could not find a valid tablespace file for ``phpmyadmin`.`pma__tracking``. Please refer to https://mariadb.com/kb/en/innodb-data-dictionary-troubleshooting/ for how to resolve the issue.
2025-02-20 15:11:13 0 [Warning] InnoDB: Ignoring tablespace for `phpmyadmin`.`pma__tracking` because it could not be opened.
2025-02-20 15:11:13 0 [ERROR] InnoDB: Operating system error number 3 in a file operation.
2025-02-20 15:11:13 0 [ERROR] InnoDB: The error means the system cannot find the path specified.
2025-02-20 15:11:13 0 [ERROR] InnoDB: If you are installing InnoDB, remember that you must create directories yourself, InnoDB does not create them.
2025-02-20 15:11:13 0 [ERROR] InnoDB: Cannot open datafile for read-only: '.\phpmyadmin\pma__userconfig.ibd' OS error: 203
2025-02-20 15:11:13 0 [ERROR] InnoDB: Operating system error number 203 in a file operation.
2025-02-20 15:11:13 0 [Note] InnoDB: Some operating system error numbers are described at https://mariadb.com/kb/en/library/operating-system-error-codes/
2025-02-20 15:11:13 0 [ERROR] InnoDB: Could not find a valid tablespace file for ``phpmyadmin`.`pma__userconfig``. Please refer to https://mariadb.com/kb/en/innodb-data-dictionary-troubleshooting/ for how to resolve the issue.
2025-02-20 15:11:13 0 [Warning] InnoDB: Ignoring tablespace for `phpmyadmin`.`pma__userconfig` because it could not be opened.
2025-02-20 15:11:13 0 [ERROR] InnoDB: Operating system error number 3 in a file operation.
2025-02-20 15:11:13 0 [ERROR] InnoDB: The error means the system cannot find the path specified.
2025-02-20 15:11:13 0 [ERROR] InnoDB: If you are installing InnoDB, remember that you must create directories yourself, InnoDB does not create them.
2025-02-20 15:11:13 0 [ERROR] InnoDB: Cannot open datafile for read-only: '.\phpmyadmin\pma__usergroups.ibd' OS error: 203
2025-02-20 15:11:13 0 [ERROR] InnoDB: Operating system error number 203 in a file operation.
2025-02-20 15:11:13 0 [Note] InnoDB: Some operating system error numbers are described at https://mariadb.com/kb/en/library/operating-system-error-codes/
2025-02-20 15:11:13 0 [ERROR] InnoDB: Could not find a valid tablespace file for ``phpmyadmin`.`pma__usergroups``. Please refer to https://mariadb.com/kb/en/innodb-data-dictionary-troubleshooting/ for how to resolve the issue.
2025-02-20 15:11:13 0 [Warning] InnoDB: Ignoring tablespace for `phpmyadmin`.`pma__usergroups` because it could not be opened.
2025-02-20 15:11:13 0 [ERROR] InnoDB: Operating system error number 3 in a file operation.
2025-02-20 15:11:13 0 [ERROR] InnoDB: The error means the system cannot find the path specified.
2025-02-20 15:11:13 0 [ERROR] InnoDB: If you are installing InnoDB, remember that you must create directories yourself, InnoDB does not create them.
2025-02-20 15:11:13 0 [ERROR] InnoDB: Cannot open datafile for read-only: '.\phpmyadmin\pma__users.ibd' OS error: 203
2025-02-20 15:11:13 0 [ERROR] InnoDB: Operating system error number 203 in a file operation.
2025-02-20 15:11:13 0 [Note] InnoDB: Some operating system error numbers are described at https://mariadb.com/kb/en/library/operating-system-error-codes/
2025-02-20 15:11:13 0 [ERROR] InnoDB: Could not find a valid tablespace file for ``phpmyadmin`.`pma__users``. Please refer to https://mariadb.com/kb/en/innodb-data-dictionary-troubleshooting/ for how to resolve the issue.
2025-02-20 15:11:13 0 [Warning] InnoDB: Ignoring tablespace for `phpmyadmin`.`pma__users` because it could not be opened.
2025-02-20 15:11:13 0 [Note] InnoDB: 128 out of 128 rollback segments are active.
2025-02-20 15:11:13 0 [Note] InnoDB: Removed temporary tablespace data file: "ibtmp1"
2025-02-20 15:11:13 0 [Note] InnoDB: Creating shared tablespace for temporary tables
2025-02-20 15:11:13 0 [Note] InnoDB: Setting file 'C:\Users\Zedric Berwin\Desktop\OJT files\repository\ojt\server\mysql\data\ibtmp1' size to 12 MB. Physically writing the file full; Please wait ...
2025-02-20 15:11:13 0 [Note] InnoDB: File 'C:\Users\Zedric Berwin\Desktop\OJT files\repository\ojt\server\mysql\data\ibtmp1' size is now 12 MB.
2025-02-20 15:11:13 0 [Note] InnoDB: Waiting for purge to start
2025-02-20 15:11:13 0 [Note] InnoDB: 10.4.28 started; log sequence number 16789485; transaction id 32336
2025-02-20 15:11:13 0 [Note] InnoDB: Loading buffer pool(s) from C:\Users\Zedric Berwin\Desktop\OJT files\repository\ojt\server\mysql\data\ib_buffer_pool
2025-02-20 15:11:13 0 [Note] Plugin 'FEEDBACK' is disabled.
2025-02-20 15:11:13 0 [Note] InnoDB: Buffer pool(s) load completed at 250220 15:11:13
2025-02-20 15:11:13 0 [Note] Server socket created on IP: '::'.
2025-02-20 15:11:13 0 [ERROR] Can't start server: Bind on TCP/IP port. Got error: 10048: Only one usage of each socket address (protocol/network address/port) is normally permitted.

2025-02-20 15:11:13 0 [ERROR] Do you already have another mysqld server running on port: 3306 ?
2025-02-20 15:11:13 0 [ERROR] Aborting
2025-02-20 15:20:26 0 [Note] Starting MariaDB 10.4.28-MariaDB source revision c8f2e9a5c0ac5905f28b050b7df5a9ffd914b7e7 as process 23452
2025-02-20 15:20:26 0 [Note] InnoDB: Mutexes and rw_locks use Windows interlocked functions
2025-02-20 15:20:26 0 [Note] InnoDB: Uses event mutexes
2025-02-20 15:20:26 0 [Note] InnoDB: Compressed tables use zlib 1.2.12
2025-02-20 15:20:26 0 [Note] InnoDB: Number of pools: 1
2025-02-20 15:20:26 0 [Note] InnoDB: Using SSE2 crc32 instructions
2025-02-20 15:20:26 0 [Note] InnoDB: Initializing buffer pool, total size = 256M, instances = 1, chunk size = 128M
2025-02-20 15:20:26 0 [Note] InnoDB: Completed initialization of buffer pool
2025-02-20 15:20:26 0 [ERROR] InnoDB: Operating system error number 3 in a file operation.
2025-02-20 15:20:26 0 [ERROR] InnoDB: The error means the system cannot find the path specified.
2025-02-20 15:20:26 0 [ERROR] InnoDB: If you are installing InnoDB, remember that you must create directories yourself, InnoDB does not create them.
2025-02-20 15:20:26 0 [ERROR] InnoDB: Cannot open datafile for read-only: '.\phpmyadmin\pma__bookmark.ibd' OS error: 203
2025-02-20 15:20:26 0 [ERROR] InnoDB: Operating system error number 203 in a file operation.
2025-02-20 15:20:26 0 [Note] InnoDB: Some operating system error numbers are described at https://mariadb.com/kb/en/library/operating-system-error-codes/
2025-02-20 15:20:26 0 [ERROR] InnoDB: Could not find a valid tablespace file for ``phpmyadmin`.`pma__bookmark``. Please refer to https://mariadb.com/kb/en/innodb-data-dictionary-troubleshooting/ for how to resolve the issue.
2025-02-20 15:20:26 0 [Warning] InnoDB: Ignoring tablespace for `phpmyadmin`.`pma__bookmark` because it could not be opened.
2025-02-20 15:20:26 0 [ERROR] InnoDB: Operating system error number 3 in a file operation.
2025-02-20 15:20:26 0 [ERROR] InnoDB: The error means the system cannot find the path specified.
2025-02-20 15:20:26 0 [ERROR] InnoDB: If you are installing InnoDB, remember that you must create directories yourself, InnoDB does not create them.
2025-02-20 15:20:26 0 [ERROR] InnoDB: Cannot open datafile for read-only: '.\phpmyadmin\pma__central_columns.ibd' OS error: 203
2025-02-20 15:20:26 0 [ERROR] InnoDB: Operating system error number 203 in a file operation.
2025-02-20 15:20:26 0 [Note] InnoDB: Some operating system error numbers are described at https://mariadb.com/kb/en/library/operating-system-error-codes/
2025-02-20 15:20:26 0 [ERROR] InnoDB: Could not find a valid tablespace file for ``phpmyadmin`.`pma__central_columns``. Please refer to https://mariadb.com/kb/en/innodb-data-dictionary-troubleshooting/ for how to resolve the issue.
2025-02-20 15:20:26 0 [Warning] InnoDB: Ignoring tablespace for `phpmyadmin`.`pma__central_columns` because it could not be opened.
2025-02-20 15:20:26 0 [ERROR] InnoDB: Operating system error number 3 in a file operation.
2025-02-20 15:20:26 0 [ERROR] InnoDB: The error means the system cannot find the path specified.
2025-02-20 15:20:26 0 [ERROR] InnoDB: If you are installing InnoDB, remember that you must create directories yourself, InnoDB does not create them.
2025-02-20 15:20:26 0 [ERROR] InnoDB: Cannot open datafile for read-only: '.\phpmyadmin\pma__column_info.ibd' OS error: 203
2025-02-20 15:20:26 0 [ERROR] InnoDB: Operating system error number 203 in a file operation.
2025-02-20 15:20:26 0 [Note] InnoDB: Some operating system error numbers are described at https://mariadb.com/kb/en/library/operating-system-error-codes/
2025-02-20 15:20:26 0 [ERROR] InnoDB: Could not find a valid tablespace file for ``phpmyadmin`.`pma__column_info``. Please refer to https://mariadb.com/kb/en/innodb-data-dictionary-troubleshooting/ for how to resolve the issue.
2025-02-20 15:20:26 0 [Warning] InnoDB: Ignoring tablespace for `phpmyadmin`.`pma__column_info` because it could not be opened.
2025-02-20 15:20:26 0 [ERROR] InnoDB: Operating system error number 3 in a file operation.
2025-02-20 15:20:26 0 [ERROR] InnoDB: The error means the system cannot find the path specified.
2025-02-20 15:20:26 0 [ERROR] InnoDB: If you are installing InnoDB, remember that you must create directories yourself, InnoDB does not create them.
2025-02-20 15:20:26 0 [ERROR] InnoDB: Cannot open datafile for read-only: '.\phpmyadmin\pma__designer_settings.ibd' OS error: 203
2025-02-20 15:20:26 0 [ERROR] InnoDB: Operating system error number 203 in a file operation.
2025-02-20 15:20:26 0 [Note] InnoDB: Some operating system error numbers are described at https://mariadb.com/kb/en/library/operating-system-error-codes/
2025-02-20 15:20:26 0 [ERROR] InnoDB: Could not find a valid tablespace file for ``phpmyadmin`.`pma__designer_settings``. Please refer to https://mariadb.com/kb/en/innodb-data-dictionary-troubleshooting/ for how to resolve the issue.
2025-02-20 15:20:26 0 [Warning] InnoDB: Ignoring tablespace for `phpmyadmin`.`pma__designer_settings` because it could not be opened.
2025-02-20 15:20:26 0 [ERROR] InnoDB: Operating system error number 3 in a file operation.
2025-02-20 15:20:26 0 [ERROR] InnoDB: The error means the system cannot find the path specified.
2025-02-20 15:20:26 0 [ERROR] InnoDB: If you are installing InnoDB, remember that you must create directories yourself, InnoDB does not create them.
2025-02-20 15:20:26 0 [ERROR] InnoDB: Cannot open datafile for read-only: '.\phpmyadmin\pma__export_templates.ibd' OS error: 203
2025-02-20 15:20:26 0 [ERROR] InnoDB: Operating system error number 203 in a file operation.
2025-02-20 15:20:26 0 [Note] InnoDB: Some operating system error numbers are described at https://mariadb.com/kb/en/library/operating-system-error-codes/
2025-02-20 15:20:26 0 [ERROR] InnoDB: Could not find a valid tablespace file for ``phpmyadmin`.`pma__export_templates``. Please refer to https://mariadb.com/kb/en/innodb-data-dictionary-troubleshooting/ for how to resolve the issue.
2025-02-20 15:20:26 0 [Warning] InnoDB: Ignoring tablespace for `phpmyadmin`.`pma__export_templates` because it could not be opened.
2025-02-20 15:20:26 0 [ERROR] InnoDB: Operating system error number 3 in a file operation.
2025-02-20 15:20:26 0 [ERROR] InnoDB: The error means the system cannot find the path specified.
2025-02-20 15:20:26 0 [ERROR] InnoDB: If you are installing InnoDB, remember that you must create directories yourself, InnoDB does not create them.
2025-02-20 15:20:26 0 [ERROR] InnoDB: Cannot open datafile for read-only: '.\phpmyadmin\pma__favorite.ibd' OS error: 203
2025-02-20 15:20:26 0 [ERROR] InnoDB: Operating system error number 203 in a file operation.
2025-02-20 15:20:26 0 [Note] InnoDB: Some operating system error numbers are described at https://mariadb.com/kb/en/library/operating-system-error-codes/
2025-02-20 15:20:26 0 [ERROR] InnoDB: Could not find a valid tablespace file for ``phpmyadmin`.`pma__favorite``. Please refer to https://mariadb.com/kb/en/innodb-data-dictionary-troubleshooting/ for how to resolve the issue.
2025-02-20 15:20:26 0 [Warning] InnoDB: Ignoring tablespace for `phpmyadmin`.`pma__favorite` because it could not be opened.
2025-02-20 15:20:26 0 [ERROR] InnoDB: Operating system error number 3 in a file operation.
2025-02-20 15:20:26 0 [ERROR] InnoDB: The error means the system cannot find the path specified.
2025-02-20 15:20:26 0 [ERROR] InnoDB: If you are installing InnoDB, remember that you must create directories yourself, InnoDB does not create them.
2025-02-20 15:20:26 0 [ERROR] InnoDB: Cannot open datafile for read-only: '.\phpmyadmin\pma__history.ibd' OS error: 203
2025-02-20 15:20:26 0 [ERROR] InnoDB: Operating system error number 203 in a file operation.
2025-02-20 15:20:26 0 [Note] InnoDB: Some operating system error numbers are described at https://mariadb.com/kb/en/library/operating-system-error-codes/
2025-02-20 15:20:26 0 [ERROR] InnoDB: Could not find a valid tablespace file for ``phpmyadmin`.`pma__history``. Please refer to https://mariadb.com/kb/en/innodb-data-dictionary-troubleshooting/ for how to resolve the issue.
2025-02-20 15:20:26 0 [Warning] InnoDB: Ignoring tablespace for `phpmyadmin`.`pma__history` because it could not be opened.
2025-02-20 15:20:26 0 [ERROR] InnoDB: Operating system error number 3 in a file operation.
2025-02-20 15:20:26 0 [ERROR] InnoDB: The error means the system cannot find the path specified.
2025-02-20 15:20:26 0 [ERROR] InnoDB: If you are installing InnoDB, remember that you must create directories yourself, InnoDB does not create them.
2025-02-20 15:20:26 0 [ERROR] InnoDB: Cannot open datafile for read-only: '.\phpmyadmin\pma__navigationhiding.ibd' OS error: 203
2025-02-20 15:20:26 0 [ERROR] InnoDB: Operating system error number 203 in a file operation.
2025-02-20 15:20:26 0 [Note] InnoDB: Some operating system error numbers are described at https://mariadb.com/kb/en/library/operating-system-error-codes/
2025-02-20 15:20:26 0 [ERROR] InnoDB: Could not find a valid tablespace file for ``phpmyadmin`.`pma__navigationhiding``. Please refer to https://mariadb.com/kb/en/innodb-data-dictionary-troubleshooting/ for how to resolve the issue.
2025-02-20 15:20:26 0 [Warning] InnoDB: Ignoring tablespace for `phpmyadmin`.`pma__navigationhiding` because it could not be opened.
2025-02-20 15:20:26 0 [ERROR] InnoDB: Operating system error number 3 in a file operation.
2025-02-20 15:20:26 0 [ERROR] InnoDB: The error means the system cannot find the path specified.
2025-02-20 15:20:26 0 [ERROR] InnoDB: If you are installing InnoDB, remember that you must create directories yourself, InnoDB does not create them.
2025-02-20 15:20:26 0 [ERROR] InnoDB: Cannot open datafile for read-only: '.\phpmyadmin\pma__pdf_pages.ibd' OS error: 203
2025-02-20 15:20:26 0 [ERROR] InnoDB: Operating system error number 203 in a file operation.
2025-02-20 15:20:26 0 [Note] InnoDB: Some operating system error numbers are described at https://mariadb.com/kb/en/library/operating-system-error-codes/
2025-02-20 15:20:26 0 [ERROR] InnoDB: Could not find a valid tablespace file for ``phpmyadmin`.`pma__pdf_pages``. Please refer to https://mariadb.com/kb/en/innodb-data-dictionary-troubleshooting/ for how to resolve the issue.
2025-02-20 15:20:26 0 [Warning] InnoDB: Ignoring tablespace for `phpmyadmin`.`pma__pdf_pages` because it could not be opened.
2025-02-20 15:20:26 0 [ERROR] InnoDB: Operating system error number 3 in a file operation.
2025-02-20 15:20:26 0 [ERROR] InnoDB: The error means the system cannot find the path specified.
2025-02-20 15:20:26 0 [ERROR] InnoDB: If you are installing InnoDB, remember that you must create directories yourself, InnoDB does not create them.
2025-02-20 15:20:26 0 [ERROR] InnoDB: Cannot open datafile for read-only: '.\phpmyadmin\pma__recent.ibd' OS error: 203
2025-02-20 15:20:26 0 [ERROR] InnoDB: Operating system error number 203 in a file operation.
2025-02-20 15:20:26 0 [Note] InnoDB: Some operating system error numbers are described at https://mariadb.com/kb/en/library/operating-system-error-codes/
2025-02-20 15:20:26 0 [ERROR] InnoDB: Could not find a valid tablespace file for ``phpmyadmin`.`pma__recent``. Please refer to https://mariadb.com/kb/en/innodb-data-dictionary-troubleshooting/ for how to resolve the issue.
2025-02-20 15:20:26 0 [Warning] InnoDB: Ignoring tablespace for `phpmyadmin`.`pma__recent` because it could not be opened.
2025-02-20 15:20:26 0 [ERROR] InnoDB: Operating system error number 3 in a file operation.
2025-02-20 15:20:26 0 [ERROR] InnoDB: The error means the system cannot find the path specified.
2025-02-20 15:20:26 0 [ERROR] InnoDB: If you are installing InnoDB, remember that you must create directories yourself, InnoDB does not create them.
2025-02-20 15:20:26 0 [ERROR] InnoDB: Cannot open datafile for read-only: '.\phpmyadmin\pma__relation.ibd' OS error: 203
2025-02-20 15:20:26 0 [ERROR] InnoDB: Operating system error number 203 in a file operation.
2025-02-20 15:20:26 0 [Note] InnoDB: Some operating system error numbers are described at https://mariadb.com/kb/en/library/operating-system-error-codes/
2025-02-20 15:20:26 0 [ERROR] InnoDB: Could not find a valid tablespace file for ``phpmyadmin`.`pma__relation``. Please refer to https://mariadb.com/kb/en/innodb-data-dictionary-troubleshooting/ for how to resolve the issue.
2025-02-20 15:20:26 0 [Warning] InnoDB: Ignoring tablespace for `phpmyadmin`.`pma__relation` because it could not be opened.
2025-02-20 15:20:26 0 [ERROR] InnoDB: Operating system error number 3 in a file operation.
2025-02-20 15:20:26 0 [ERROR] InnoDB: The error means the system cannot find the path specified.
2025-02-20 15:20:26 0 [ERROR] InnoDB: If you are installing InnoDB, remember that you must create directories yourself, InnoDB does not create them.
2025-02-20 15:20:26 0 [ERROR] InnoDB: Cannot open datafile for read-only: '.\phpmyadmin\pma__savedsearches.ibd' OS error: 203
2025-02-20 15:20:26 0 [ERROR] InnoDB: Operating system error number 203 in a file operation.
2025-02-20 15:20:26 0 [Note] InnoDB: Some operating system error numbers are described at https://mariadb.com/kb/en/library/operating-system-error-codes/
2025-02-20 15:20:26 0 [ERROR] InnoDB: Could not find a valid tablespace file for ``phpmyadmin`.`pma__savedsearches``. Please refer to https://mariadb.com/kb/en/innodb-data-dictionary-troubleshooting/ for how to resolve the issue.
2025-02-20 15:20:26 0 [Warning] InnoDB: Ignoring tablespace for `phpmyadmin`.`pma__savedsearches` because it could not be opened.
2025-02-20 15:20:26 0 [ERROR] InnoDB: Operating system error number 3 in a file operation.
2025-02-20 15:20:26 0 [ERROR] InnoDB: The error means the system cannot find the path specified.
2025-02-20 15:20:26 0 [ERROR] InnoDB: If you are installing InnoDB, remember that you must create directories yourself, InnoDB does not create them.
2025-02-20 15:20:26 0 [ERROR] InnoDB: Cannot open datafile for read-only: '.\phpmyadmin\pma__table_coords.ibd' OS error: 203
2025-02-20 15:20:26 0 [ERROR] InnoDB: Operating system error number 203 in a file operation.
2025-02-20 15:20:26 0 [Note] InnoDB: Some operating system error numbers are described at https://mariadb.com/kb/en/library/operating-system-error-codes/
2025-02-20 15:20:26 0 [ERROR] InnoDB: Could not find a valid tablespace file for ``phpmyadmin`.`pma__table_coords``. Please refer to https://mariadb.com/kb/en/innodb-data-dictionary-troubleshooting/ for how to resolve the issue.
2025-02-20 15:20:26 0 [Warning] InnoDB: Ignoring tablespace for `phpmyadmin`.`pma__table_coords` because it could not be opened.
2025-02-20 15:20:26 0 [ERROR] InnoDB: Operating system error number 3 in a file operation.
2025-02-20 15:20:26 0 [ERROR] InnoDB: The error means the system cannot find the path specified.
2025-02-20 15:20:26 0 [ERROR] InnoDB: If you are installing InnoDB, remember that you must create directories yourself, InnoDB does not create them.
2025-02-20 15:20:26 0 [ERROR] InnoDB: Cannot open datafile for read-only: '.\phpmyadmin\pma__table_info.ibd' OS error: 203
2025-02-20 15:20:26 0 [ERROR] InnoDB: Operating system error number 203 in a file operation.
2025-02-20 15:20:26 0 [Note] InnoDB: Some operating system error numbers are described at https://mariadb.com/kb/en/library/operating-system-error-codes/
2025-02-20 15:20:26 0 [ERROR] InnoDB: Could not find a valid tablespace file for ``phpmyadmin`.`pma__table_info``. Please refer to https://mariadb.com/kb/en/innodb-data-dictionary-troubleshooting/ for how to resolve the issue.
2025-02-20 15:20:26 0 [Warning] InnoDB: Ignoring tablespace for `phpmyadmin`.`pma__table_info` because it could not be opened.
2025-02-20 15:20:26 0 [ERROR] InnoDB: Operating system error number 3 in a file operation.
2025-02-20 15:20:26 0 [ERROR] InnoDB: The error means the system cannot find the path specified.
2025-02-20 15:20:26 0 [ERROR] InnoDB: If you are installing InnoDB, remember that you must create directories yourself, InnoDB does not create them.
2025-02-20 15:20:26 0 [ERROR] InnoDB: Cannot open datafile for read-only: '.\phpmyadmin\pma__table_uiprefs.ibd' OS error: 203
2025-02-20 15:20:26 0 [ERROR] InnoDB: Operating system error number 203 in a file operation.
2025-02-20 15:20:26 0 [Note] InnoDB: Some operating system error numbers are described at https://mariadb.com/kb/en/library/operating-system-error-codes/
2025-02-20 15:20:26 0 [ERROR] InnoDB: Could not find a valid tablespace file for ``phpmyadmin`.`pma__table_uiprefs``. Please refer to https://mariadb.com/kb/en/innodb-data-dictionary-troubleshooting/ for how to resolve the issue.
2025-02-20 15:20:26 0 [Warning] InnoDB: Ignoring tablespace for `phpmyadmin`.`pma__table_uiprefs` because it could not be opened.
2025-02-20 15:20:26 0 [ERROR] InnoDB: Operating system error number 3 in a file operation.
2025-02-20 15:20:26 0 [ERROR] InnoDB: The error means the system cannot find the path specified.
2025-02-20 15:20:26 0 [ERROR] InnoDB: If you are installing InnoDB, remember that you must create directories yourself, InnoDB does not create them.
2025-02-20 15:20:26 0 [ERROR] InnoDB: Cannot open datafile for read-only: '.\phpmyadmin\pma__tracking.ibd' OS error: 203
2025-02-20 15:20:26 0 [ERROR] InnoDB: Operating system error number 203 in a file operation.
2025-02-20 15:20:26 0 [Note] InnoDB: Some operating system error numbers are described at https://mariadb.com/kb/en/library/operating-system-error-codes/
2025-02-20 15:20:26 0 [ERROR] InnoDB: Could not find a valid tablespace file for ``phpmyadmin`.`pma__tracking``. Please refer to https://mariadb.com/kb/en/innodb-data-dictionary-troubleshooting/ for how to resolve the issue.
2025-02-20 15:20:26 0 [Warning] InnoDB: Ignoring tablespace for `phpmyadmin`.`pma__tracking` because it could not be opened.
2025-02-20 15:20:26 0 [ERROR] InnoDB: Operating system error number 3 in a file operation.
2025-02-20 15:20:26 0 [ERROR] InnoDB: The error means the system cannot find the path specified.
2025-02-20 15:20:26 0 [ERROR] InnoDB: If you are installing InnoDB, remember that you must create directories yourself, InnoDB does not create them.
2025-02-20 15:20:26 0 [ERROR] InnoDB: Cannot open datafile for read-only: '.\phpmyadmin\pma__userconfig.ibd' OS error: 203
2025-02-20 15:20:26 0 [ERROR] InnoDB: Operating system error number 203 in a file operation.
2025-02-20 15:20:26 0 [Note] InnoDB: Some operating system error numbers are described at https://mariadb.com/kb/en/library/operating-system-error-codes/
2025-02-20 15:20:26 0 [ERROR] InnoDB: Could not find a valid tablespace file for ``phpmyadmin`.`pma__userconfig``. Please refer to https://mariadb.com/kb/en/innodb-data-dictionary-troubleshooting/ for how to resolve the issue.
2025-02-20 15:20:26 0 [Warning] InnoDB: Ignoring tablespace for `phpmyadmin`.`pma__userconfig` because it could not be opened.
2025-02-20 15:20:26 0 [ERROR] InnoDB: Operating system error number 3 in a file operation.
2025-02-20 15:20:26 0 [ERROR] InnoDB: The error means the system cannot find the path specified.
2025-02-20 15:20:26 0 [ERROR] InnoDB: If you are installing InnoDB, remember that you must create directories yourself, InnoDB does not create them.
2025-02-20 15:20:26 0 [ERROR] InnoDB: Cannot open datafile for read-only: '.\phpmyadmin\pma__usergroups.ibd' OS error: 203
2025-02-20 15:20:26 0 [ERROR] InnoDB: Operating system error number 203 in a file operation.
2025-02-20 15:20:26 0 [Note] InnoDB: Some operating system error numbers are described at https://mariadb.com/kb/en/library/operating-system-error-codes/
2025-02-20 15:20:26 0 [ERROR] InnoDB: Could not find a valid tablespace file for ``phpmyadmin`.`pma__usergroups``. Please refer to https://mariadb.com/kb/en/innodb-data-dictionary-troubleshooting/ for how to resolve the issue.
2025-02-20 15:20:26 0 [Warning] InnoDB: Ignoring tablespace for `phpmyadmin`.`pma__usergroups` because it could not be opened.
2025-02-20 15:20:26 0 [ERROR] InnoDB: Operating system error number 3 in a file operation.
2025-02-20 15:20:26 0 [ERROR] InnoDB: The error means the system cannot find the path specified.
2025-02-20 15:20:26 0 [ERROR] InnoDB: If you are installing InnoDB, remember that you must create directories yourself, InnoDB does not create them.
2025-02-20 15:20:26 0 [ERROR] InnoDB: Cannot open datafile for read-only: '.\phpmyadmin\pma__users.ibd' OS error: 203
2025-02-20 15:20:26 0 [ERROR] InnoDB: Operating system error number 203 in a file operation.
2025-02-20 15:20:26 0 [Note] InnoDB: Some operating system error numbers are described at https://mariadb.com/kb/en/library/operating-system-error-codes/
2025-02-20 15:20:26 0 [ERROR] InnoDB: Could not find a valid tablespace file for ``phpmyadmin`.`pma__users``. Please refer to https://mariadb.com/kb/en/innodb-data-dictionary-troubleshooting/ for how to resolve the issue.
2025-02-20 15:20:26 0 [Warning] InnoDB: Ignoring tablespace for `phpmyadmin`.`pma__users` because it could not be opened.
2025-02-20 15:20:26 0 [Note] InnoDB: 128 out of 128 rollback segments are active.
2025-02-20 15:20:26 0 [Note] InnoDB: Creating shared tablespace for temporary tables
2025-02-20 15:20:26 0 [Note] InnoDB: Setting file 'C:\Users\Zedric Berwin\Desktop\OJT files\repository\ojt\server\mysql\data\ibtmp1' size to 12 MB. Physically writing the file full; Please wait ...
2025-02-20 15:20:26 0 [Note] InnoDB: File 'C:\Users\Zedric Berwin\Desktop\OJT files\repository\ojt\server\mysql\data\ibtmp1' size is now 12 MB.
2025-02-20 15:20:26 0 [Note] InnoDB: Waiting for purge to start
2025-02-20 15:20:26 0 [Note] InnoDB: 10.4.28 started; log sequence number 16789494; transaction id 32336
2025-02-20 15:20:26 0 [Note] InnoDB: Loading buffer pool(s) from C:\Users\Zedric Berwin\Desktop\OJT files\repository\ojt\server\mysql\data\ib_buffer_pool
2025-02-20 15:20:26 0 [Note] Plugin 'FEEDBACK' is disabled.
2025-02-20 15:20:26 0 [Note] Server socket created on IP: '::'.
2025-02-20 15:20:26 0 [ERROR] Can't start server: Bind on TCP/IP port. Got error: 10048: Only one usage of each socket address (protocol/network address/port) is normally permitted.

2025-02-20 15:20:26 0 [ERROR] Do you already have another mysqld server running on port: 3306 ?
2025-02-20 15:20:26 0 [ERROR] Aborting
2025-02-21  8:05:55 0 [Note] Starting MariaDB 10.4.28-MariaDB source revision c8f2e9a5c0ac5905f28b050b7df5a9ffd914b7e7 as process 14644
2025-02-21  8:05:55 0 [Note] InnoDB: Mutexes and rw_locks use Windows interlocked functions
2025-02-21  8:05:55 0 [Note] InnoDB: Uses event mutexes
2025-02-21  8:05:55 0 [Note] InnoDB: Compressed tables use zlib 1.2.12
2025-02-21  8:05:55 0 [Note] InnoDB: Number of pools: 1
2025-02-21  8:05:55 0 [Note] InnoDB: Using SSE2 crc32 instructions
2025-02-21  8:05:55 0 [Note] InnoDB: Initializing buffer pool, total size = 256M, instances = 1, chunk size = 128M
2025-02-21  8:05:55 0 [Note] InnoDB: Completed initialization of buffer pool
2025-02-21  8:05:55 0 [ERROR] InnoDB: Operating system error number 3 in a file operation.
2025-02-21  8:05:55 0 [ERROR] InnoDB: The error means the system cannot find the path specified.
2025-02-21  8:05:55 0 [ERROR] InnoDB: If you are installing InnoDB, remember that you must create directories yourself, InnoDB does not create them.
2025-02-21  8:05:55 0 [ERROR] InnoDB: Cannot open datafile for read-only: '.\phpmyadmin\pma__bookmark.ibd' OS error: 203
2025-02-21  8:05:55 0 [ERROR] InnoDB: Operating system error number 203 in a file operation.
2025-02-21  8:05:55 0 [Note] InnoDB: Some operating system error numbers are described at https://mariadb.com/kb/en/library/operating-system-error-codes/
2025-02-21  8:05:55 0 [ERROR] InnoDB: Could not find a valid tablespace file for ``phpmyadmin`.`pma__bookmark``. Please refer to https://mariadb.com/kb/en/innodb-data-dictionary-troubleshooting/ for how to resolve the issue.
2025-02-21  8:05:55 0 [Warning] InnoDB: Ignoring tablespace for `phpmyadmin`.`pma__bookmark` because it could not be opened.
2025-02-21  8:05:55 0 [ERROR] InnoDB: Operating system error number 3 in a file operation.
2025-02-21  8:05:55 0 [ERROR] InnoDB: The error means the system cannot find the path specified.
2025-02-21  8:05:55 0 [ERROR] InnoDB: If you are installing InnoDB, remember that you must create directories yourself, InnoDB does not create them.
2025-02-21  8:05:55 0 [ERROR] InnoDB: Cannot open datafile for read-only: '.\phpmyadmin\pma__central_columns.ibd' OS error: 203
2025-02-21  8:05:55 0 [ERROR] InnoDB: Operating system error number 203 in a file operation.
2025-02-21  8:05:55 0 [Note] InnoDB: Some operating system error numbers are described at https://mariadb.com/kb/en/library/operating-system-error-codes/
2025-02-21  8:05:55 0 [ERROR] InnoDB: Could not find a valid tablespace file for ``phpmyadmin`.`pma__central_columns``. Please refer to https://mariadb.com/kb/en/innodb-data-dictionary-troubleshooting/ for how to resolve the issue.
2025-02-21  8:05:55 0 [Warning] InnoDB: Ignoring tablespace for `phpmyadmin`.`pma__central_columns` because it could not be opened.
2025-02-21  8:05:55 0 [ERROR] InnoDB: Operating system error number 3 in a file operation.
2025-02-21  8:05:55 0 [ERROR] InnoDB: The error means the system cannot find the path specified.
2025-02-21  8:05:55 0 [ERROR] InnoDB: If you are installing InnoDB, remember that you must create directories yourself, InnoDB does not create them.
2025-02-21  8:05:55 0 [ERROR] InnoDB: Cannot open datafile for read-only: '.\phpmyadmin\pma__column_info.ibd' OS error: 203
2025-02-21  8:05:55 0 [ERROR] InnoDB: Operating system error number 203 in a file operation.
2025-02-21  8:05:55 0 [Note] InnoDB: Some operating system error numbers are described at https://mariadb.com/kb/en/library/operating-system-error-codes/
2025-02-21  8:05:55 0 [ERROR] InnoDB: Could not find a valid tablespace file for ``phpmyadmin`.`pma__column_info``. Please refer to https://mariadb.com/kb/en/innodb-data-dictionary-troubleshooting/ for how to resolve the issue.
2025-02-21  8:05:55 0 [Warning] InnoDB: Ignoring tablespace for `phpmyadmin`.`pma__column_info` because it could not be opened.
2025-02-21  8:05:55 0 [ERROR] InnoDB: Operating system error number 3 in a file operation.
2025-02-21  8:05:55 0 [ERROR] InnoDB: The error means the system cannot find the path specified.
2025-02-21  8:05:55 0 [ERROR] InnoDB: If you are installing InnoDB, remember that you must create directories yourself, InnoDB does not create them.
2025-02-21  8:05:55 0 [ERROR] InnoDB: Cannot open datafile for read-only: '.\phpmyadmin\pma__designer_settings.ibd' OS error: 203
2025-02-21  8:05:55 0 [ERROR] InnoDB: Operating system error number 203 in a file operation.
2025-02-21  8:05:55 0 [Note] InnoDB: Some operating system error numbers are described at https://mariadb.com/kb/en/library/operating-system-error-codes/
2025-02-21  8:05:55 0 [ERROR] InnoDB: Could not find a valid tablespace file for ``phpmyadmin`.`pma__designer_settings``. Please refer to https://mariadb.com/kb/en/innodb-data-dictionary-troubleshooting/ for how to resolve the issue.
2025-02-21  8:05:55 0 [Warning] InnoDB: Ignoring tablespace for `phpmyadmin`.`pma__designer_settings` because it could not be opened.
2025-02-21  8:05:55 0 [ERROR] InnoDB: Operating system error number 3 in a file operation.
2025-02-21  8:05:55 0 [ERROR] InnoDB: The error means the system cannot find the path specified.
2025-02-21  8:05:55 0 [ERROR] InnoDB: If you are installing InnoDB, remember that you must create directories yourself, InnoDB does not create them.
2025-02-21  8:05:55 0 [ERROR] InnoDB: Cannot open datafile for read-only: '.\phpmyadmin\pma__export_templates.ibd' OS error: 203
2025-02-21  8:05:55 0 [ERROR] InnoDB: Operating system error number 203 in a file operation.
2025-02-21  8:05:55 0 [Note] InnoDB: Some operating system error numbers are described at https://mariadb.com/kb/en/library/operating-system-error-codes/
2025-02-21  8:05:55 0 [ERROR] InnoDB: Could not find a valid tablespace file for ``phpmyadmin`.`pma__export_templates``. Please refer to https://mariadb.com/kb/en/innodb-data-dictionary-troubleshooting/ for how to resolve the issue.
2025-02-21  8:05:55 0 [Warning] InnoDB: Ignoring tablespace for `phpmyadmin`.`pma__export_templates` because it could not be opened.
2025-02-21  8:05:55 0 [ERROR] InnoDB: Operating system error number 3 in a file operation.
2025-02-21  8:05:55 0 [ERROR] InnoDB: The error means the system cannot find the path specified.
2025-02-21  8:05:55 0 [ERROR] InnoDB: If you are installing InnoDB, remember that you must create directories yourself, InnoDB does not create them.
2025-02-21  8:05:55 0 [ERROR] InnoDB: Cannot open datafile for read-only: '.\phpmyadmin\pma__favorite.ibd' OS error: 203
2025-02-21  8:05:55 0 [ERROR] InnoDB: Operating system error number 203 in a file operation.
2025-02-21  8:05:55 0 [Note] InnoDB: Some operating system error numbers are described at https://mariadb.com/kb/en/library/operating-system-error-codes/
2025-02-21  8:05:55 0 [ERROR] InnoDB: Could not find a valid tablespace file for ``phpmyadmin`.`pma__favorite``. Please refer to https://mariadb.com/kb/en/innodb-data-dictionary-troubleshooting/ for how to resolve the issue.
2025-02-21  8:05:55 0 [Warning] InnoDB: Ignoring tablespace for `phpmyadmin`.`pma__favorite` because it could not be opened.
2025-02-21  8:05:55 0 [ERROR] InnoDB: Operating system error number 3 in a file operation.
2025-02-21  8:05:55 0 [ERROR] InnoDB: The error means the system cannot find the path specified.
2025-02-21  8:05:55 0 [ERROR] InnoDB: If you are installing InnoDB, remember that you must create directories yourself, InnoDB does not create them.
2025-02-21  8:05:55 0 [ERROR] InnoDB: Cannot open datafile for read-only: '.\phpmyadmin\pma__history.ibd' OS error: 203
2025-02-21  8:05:55 0 [ERROR] InnoDB: Operating system error number 203 in a file operation.
2025-02-21  8:05:55 0 [Note] InnoDB: Some operating system error numbers are described at https://mariadb.com/kb/en/library/operating-system-error-codes/
2025-02-21  8:05:55 0 [ERROR] InnoDB: Could not find a valid tablespace file for ``phpmyadmin`.`pma__history``. Please refer to https://mariadb.com/kb/en/innodb-data-dictionary-troubleshooting/ for how to resolve the issue.
2025-02-21  8:05:55 0 [Warning] InnoDB: Ignoring tablespace for `phpmyadmin`.`pma__history` because it could not be opened.
2025-02-21  8:05:55 0 [ERROR] InnoDB: Operating system error number 3 in a file operation.
2025-02-21  8:05:55 0 [ERROR] InnoDB: The error means the system cannot find the path specified.
2025-02-21  8:05:55 0 [ERROR] InnoDB: If you are installing InnoDB, remember that you must create directories yourself, InnoDB does not create them.
2025-02-21  8:05:55 0 [ERROR] InnoDB: Cannot open datafile for read-only: '.\phpmyadmin\pma__navigationhiding.ibd' OS error: 203
2025-02-21  8:05:55 0 [ERROR] InnoDB: Operating system error number 203 in a file operation.
2025-02-21  8:05:55 0 [Note] InnoDB: Some operating system error numbers are described at https://mariadb.com/kb/en/library/operating-system-error-codes/
2025-02-21  8:05:55 0 [ERROR] InnoDB: Could not find a valid tablespace file for ``phpmyadmin`.`pma__navigationhiding``. Please refer to https://mariadb.com/kb/en/innodb-data-dictionary-troubleshooting/ for how to resolve the issue.
2025-02-21  8:05:55 0 [Warning] InnoDB: Ignoring tablespace for `phpmyadmin`.`pma__navigationhiding` because it could not be opened.
2025-02-21  8:05:55 0 [ERROR] InnoDB: Operating system error number 3 in a file operation.
2025-02-21  8:05:55 0 [ERROR] InnoDB: The error means the system cannot find the path specified.
2025-02-21  8:05:55 0 [ERROR] InnoDB: If you are installing InnoDB, remember that you must create directories yourself, InnoDB does not create them.
2025-02-21  8:05:55 0 [ERROR] InnoDB: Cannot open datafile for read-only: '.\phpmyadmin\pma__pdf_pages.ibd' OS error: 203
2025-02-21  8:05:55 0 [ERROR] InnoDB: Operating system error number 203 in a file operation.
2025-02-21  8:05:55 0 [Note] InnoDB: Some operating system error numbers are described at https://mariadb.com/kb/en/library/operating-system-error-codes/
2025-02-21  8:05:55 0 [ERROR] InnoDB: Could not find a valid tablespace file for ``phpmyadmin`.`pma__pdf_pages``. Please refer to https://mariadb.com/kb/en/innodb-data-dictionary-troubleshooting/ for how to resolve the issue.
2025-02-21  8:05:55 0 [Warning] InnoDB: Ignoring tablespace for `phpmyadmin`.`pma__pdf_pages` because it could not be opened.
2025-02-21  8:05:55 0 [ERROR] InnoDB: Operating system error number 3 in a file operation.
2025-02-21  8:05:55 0 [ERROR] InnoDB: The error means the system cannot find the path specified.
2025-02-21  8:05:55 0 [ERROR] InnoDB: If you are installing InnoDB, remember that you must create directories yourself, InnoDB does not create them.
2025-02-21  8:05:55 0 [ERROR] InnoDB: Cannot open datafile for read-only: '.\phpmyadmin\pma__recent.ibd' OS error: 203
2025-02-21  8:05:55 0 [ERROR] InnoDB: Operating system error number 203 in a file operation.
2025-02-21  8:05:55 0 [Note] InnoDB: Some operating system error numbers are described at https://mariadb.com/kb/en/library/operating-system-error-codes/
2025-02-21  8:05:55 0 [ERROR] InnoDB: Could not find a valid tablespace file for ``phpmyadmin`.`pma__recent``. Please refer to https://mariadb.com/kb/en/innodb-data-dictionary-troubleshooting/ for how to resolve the issue.
2025-02-21  8:05:55 0 [Warning] InnoDB: Ignoring tablespace for `phpmyadmin`.`pma__recent` because it could not be opened.
2025-02-21  8:05:55 0 [ERROR] InnoDB: Operating system error number 3 in a file operation.
2025-02-21  8:05:55 0 [ERROR] InnoDB: The error means the system cannot find the path specified.
2025-02-21  8:05:55 0 [ERROR] InnoDB: If you are installing InnoDB, remember that you must create directories yourself, InnoDB does not create them.
2025-02-21  8:05:55 0 [ERROR] InnoDB: Cannot open datafile for read-only: '.\phpmyadmin\pma__relation.ibd' OS error: 203
2025-02-21  8:05:55 0 [ERROR] InnoDB: Operating system error number 203 in a file operation.
2025-02-21  8:05:55 0 [Note] InnoDB: Some operating system error numbers are described at https://mariadb.com/kb/en/library/operating-system-error-codes/
2025-02-21  8:05:55 0 [ERROR] InnoDB: Could not find a valid tablespace file for ``phpmyadmin`.`pma__relation``. Please refer to https://mariadb.com/kb/en/innodb-data-dictionary-troubleshooting/ for how to resolve the issue.
2025-02-21  8:05:55 0 [Warning] InnoDB: Ignoring tablespace for `phpmyadmin`.`pma__relation` because it could not be opened.
2025-02-21  8:05:55 0 [ERROR] InnoDB: Operating system error number 3 in a file operation.
2025-02-21  8:05:55 0 [ERROR] InnoDB: The error means the system cannot find the path specified.
2025-02-21  8:05:55 0 [ERROR] InnoDB: If you are installing InnoDB, remember that you must create directories yourself, InnoDB does not create them.
2025-02-21  8:05:55 0 [ERROR] InnoDB: Cannot open datafile for read-only: '.\phpmyadmin\pma__savedsearches.ibd' OS error: 203
2025-02-21  8:05:55 0 [ERROR] InnoDB: Operating system error number 203 in a file operation.
2025-02-21  8:05:55 0 [Note] InnoDB: Some operating system error numbers are described at https://mariadb.com/kb/en/library/operating-system-error-codes/
2025-02-21  8:05:55 0 [ERROR] InnoDB: Could not find a valid tablespace file for ``phpmyadmin`.`pma__savedsearches``. Please refer to https://mariadb.com/kb/en/innodb-data-dictionary-troubleshooting/ for how to resolve the issue.
2025-02-21  8:05:55 0 [Warning] InnoDB: Ignoring tablespace for `phpmyadmin`.`pma__savedsearches` because it could not be opened.
2025-02-21  8:05:55 0 [ERROR] InnoDB: Operating system error number 3 in a file operation.
2025-02-21  8:05:55 0 [ERROR] InnoDB: The error means the system cannot find the path specified.
2025-02-21  8:05:55 0 [ERROR] InnoDB: If you are installing InnoDB, remember that you must create directories yourself, InnoDB does not create them.
2025-02-21  8:05:55 0 [ERROR] InnoDB: Cannot open datafile for read-only: '.\phpmyadmin\pma__table_coords.ibd' OS error: 203
2025-02-21  8:05:55 0 [ERROR] InnoDB: Operating system error number 203 in a file operation.
2025-02-21  8:05:55 0 [Note] InnoDB: Some operating system error numbers are described at https://mariadb.com/kb/en/library/operating-system-error-codes/
2025-02-21  8:05:55 0 [ERROR] InnoDB: Could not find a valid tablespace file for ``phpmyadmin`.`pma__table_coords``. Please refer to https://mariadb.com/kb/en/innodb-data-dictionary-troubleshooting/ for how to resolve the issue.
2025-02-21  8:05:55 0 [Warning] InnoDB: Ignoring tablespace for `phpmyadmin`.`pma__table_coords` because it could not be opened.
2025-02-21  8:05:55 0 [ERROR] InnoDB: Operating system error number 3 in a file operation.
2025-02-21  8:05:55 0 [ERROR] InnoDB: The error means the system cannot find the path specified.
2025-02-21  8:05:55 0 [ERROR] InnoDB: If you are installing InnoDB, remember that you must create directories yourself, InnoDB does not create them.
2025-02-21  8:05:55 0 [ERROR] InnoDB: Cannot open datafile for read-only: '.\phpmyadmin\pma__table_info.ibd' OS error: 203
2025-02-21  8:05:55 0 [ERROR] InnoDB: Operating system error number 203 in a file operation.
2025-02-21  8:05:55 0 [Note] InnoDB: Some operating system error numbers are described at https://mariadb.com/kb/en/library/operating-system-error-codes/
2025-02-21  8:05:55 0 [ERROR] InnoDB: Could not find a valid tablespace file for ``phpmyadmin`.`pma__table_info``. Please refer to https://mariadb.com/kb/en/innodb-data-dictionary-troubleshooting/ for how to resolve the issue.
2025-02-21  8:05:55 0 [Warning] InnoDB: Ignoring tablespace for `phpmyadmin`.`pma__table_info` because it could not be opened.
2025-02-21  8:05:55 0 [ERROR] InnoDB: Operating system error number 3 in a file operation.
2025-02-21  8:05:55 0 [ERROR] InnoDB: The error means the system cannot find the path specified.
2025-02-21  8:05:55 0 [ERROR] InnoDB: If you are installing InnoDB, remember that you must create directories yourself, InnoDB does not create them.
2025-02-21  8:05:55 0 [ERROR] InnoDB: Cannot open datafile for read-only: '.\phpmyadmin\pma__table_uiprefs.ibd' OS error: 203
2025-02-21  8:05:55 0 [ERROR] InnoDB: Operating system error number 203 in a file operation.
2025-02-21  8:05:55 0 [Note] InnoDB: Some operating system error numbers are described at https://mariadb.com/kb/en/library/operating-system-error-codes/
2025-02-21  8:05:55 0 [ERROR] InnoDB: Could not find a valid tablespace file for ``phpmyadmin`.`pma__table_uiprefs``. Please refer to https://mariadb.com/kb/en/innodb-data-dictionary-troubleshooting/ for how to resolve the issue.
2025-02-21  8:05:55 0 [Warning] InnoDB: Ignoring tablespace for `phpmyadmin`.`pma__table_uiprefs` because it could not be opened.
2025-02-21  8:05:55 0 [ERROR] InnoDB: Operating system error number 3 in a file operation.
2025-02-21  8:05:55 0 [ERROR] InnoDB: The error means the system cannot find the path specified.
2025-02-21  8:05:55 0 [ERROR] InnoDB: If you are installing InnoDB, remember that you must create directories yourself, InnoDB does not create them.
2025-02-21  8:05:55 0 [ERROR] InnoDB: Cannot open datafile for read-only: '.\phpmyadmin\pma__tracking.ibd' OS error: 203
2025-02-21  8:05:55 0 [ERROR] InnoDB: Operating system error number 203 in a file operation.
2025-02-21  8:05:55 0 [Note] InnoDB: Some operating system error numbers are described at https://mariadb.com/kb/en/library/operating-system-error-codes/
2025-02-21  8:05:55 0 [ERROR] InnoDB: Could not find a valid tablespace file for ``phpmyadmin`.`pma__tracking``. Please refer to https://mariadb.com/kb/en/innodb-data-dictionary-troubleshooting/ for how to resolve the issue.
2025-02-21  8:05:55 0 [Warning] InnoDB: Ignoring tablespace for `phpmyadmin`.`pma__tracking` because it could not be opened.
2025-02-21  8:05:55 0 [ERROR] InnoDB: Operating system error number 3 in a file operation.
2025-02-21  8:05:55 0 [ERROR] InnoDB: The error means the system cannot find the path specified.
2025-02-21  8:05:55 0 [ERROR] InnoDB: If you are installing InnoDB, remember that you must create directories yourself, InnoDB does not create them.
2025-02-21  8:05:55 0 [ERROR] InnoDB: Cannot open datafile for read-only: '.\phpmyadmin\pma__userconfig.ibd' OS error: 203
2025-02-21  8:05:55 0 [ERROR] InnoDB: Operating system error number 203 in a file operation.
2025-02-21  8:05:55 0 [Note] InnoDB: Some operating system error numbers are described at https://mariadb.com/kb/en/library/operating-system-error-codes/
2025-02-21  8:05:55 0 [ERROR] InnoDB: Could not find a valid tablespace file for ``phpmyadmin`.`pma__userconfig``. Please refer to https://mariadb.com/kb/en/innodb-data-dictionary-troubleshooting/ for how to resolve the issue.
2025-02-21  8:05:55 0 [Warning] InnoDB: Ignoring tablespace for `phpmyadmin`.`pma__userconfig` because it could not be opened.
2025-02-21  8:05:55 0 [ERROR] InnoDB: Operating system error number 3 in a file operation.
2025-02-21  8:05:55 0 [ERROR] InnoDB: The error means the system cannot find the path specified.
2025-02-21  8:05:55 0 [ERROR] InnoDB: If you are installing InnoDB, remember that you must create directories yourself, InnoDB does not create them.
2025-02-21  8:05:55 0 [ERROR] InnoDB: Cannot open datafile for read-only: '.\phpmyadmin\pma__usergroups.ibd' OS error: 203
2025-02-21  8:05:55 0 [ERROR] InnoDB: Operating system error number 203 in a file operation.
2025-02-21  8:05:55 0 [Note] InnoDB: Some operating system error numbers are described at https://mariadb.com/kb/en/library/operating-system-error-codes/
2025-02-21  8:05:55 0 [ERROR] InnoDB: Could not find a valid tablespace file for ``phpmyadmin`.`pma__usergroups``. Please refer to https://mariadb.com/kb/en/innodb-data-dictionary-troubleshooting/ for how to resolve the issue.
2025-02-21  8:05:55 0 [Warning] InnoDB: Ignoring tablespace for `phpmyadmin`.`pma__usergroups` because it could not be opened.
2025-02-21  8:05:55 0 [ERROR] InnoDB: Operating system error number 3 in a file operation.
2025-02-21  8:05:55 0 [ERROR] InnoDB: The error means the system cannot find the path specified.
2025-02-21  8:05:55 0 [ERROR] InnoDB: If you are installing InnoDB, remember that you must create directories yourself, InnoDB does not create them.
2025-02-21  8:05:55 0 [ERROR] InnoDB: Cannot open datafile for read-only: '.\phpmyadmin\pma__users.ibd' OS error: 203
2025-02-21  8:05:55 0 [ERROR] InnoDB: Operating system error number 203 in a file operation.
2025-02-21  8:05:55 0 [Note] InnoDB: Some operating system error numbers are described at https://mariadb.com/kb/en/library/operating-system-error-codes/
2025-02-21  8:05:55 0 [ERROR] InnoDB: Could not find a valid tablespace file for ``phpmyadmin`.`pma__users``. Please refer to https://mariadb.com/kb/en/innodb-data-dictionary-troubleshooting/ for how to resolve the issue.
2025-02-21  8:05:55 0 [Warning] InnoDB: Ignoring tablespace for `phpmyadmin`.`pma__users` because it could not be opened.
2025-02-21  8:05:55 0 [Note] InnoDB: 128 out of 128 rollback segments are active.
2025-02-21  8:05:55 0 [Note] InnoDB: Creating shared tablespace for temporary tables
2025-02-21  8:05:55 0 [Note] InnoDB: Setting file 'C:\Users\Zedric Berwin\Desktop\OJT files\repository\ojt\server\mysql\data\ibtmp1' size to 12 MB. Physically writing the file full; Please wait ...
2025-02-21  8:05:55 0 [Note] InnoDB: File 'C:\Users\Zedric Berwin\Desktop\OJT files\repository\ojt\server\mysql\data\ibtmp1' size is now 12 MB.
2025-02-21  8:05:55 0 [Note] InnoDB: Waiting for purge to start
2025-02-21  8:05:55 0 [Note] InnoDB: 10.4.28 started; log sequence number 16789519; transaction id 32336
2025-02-21  8:05:55 0 [Note] InnoDB: Loading buffer pool(s) from C:\Users\Zedric Berwin\Desktop\OJT files\repository\ojt\server\mysql\data\ib_buffer_pool
2025-02-21  8:05:55 0 [Note] Plugin 'FEEDBACK' is disabled.
2025-02-21  8:05:55 0 [Note] Server socket created on IP: '::'.
2025-02-21  8:05:55 0 [Note] InnoDB: Buffer pool(s) load completed at 250221  8:05:55
2025-02-21  8:05:55 0 [Note] Reading of all Master_info entries succeeded
2025-02-21  8:05:55 0 [Note] Added new Master_info '' to hash table
2025-02-21  8:05:55 0 [Note] mysql\bin\mysqld.exe: ready for connections.
Version: '10.4.28-MariaDB'  socket: ''  port: 3306  mariadb.org binary distribution
2025-02-24  9:00:18 0 [Note] Starting MariaDB 10.4.28-MariaDB source revision c8f2e9a5c0ac5905f28b050b7df5a9ffd914b7e7 as process 18028
2025-02-24  9:00:18 0 [Note] InnoDB: Mutexes and rw_locks use Windows interlocked functions
2025-02-24  9:00:18 0 [Note] InnoDB: Uses event mutexes
2025-02-24  9:00:18 0 [Note] InnoDB: Compressed tables use zlib 1.2.12
2025-02-24  9:00:18 0 [Note] InnoDB: Number of pools: 1
2025-02-24  9:00:18 0 [Note] InnoDB: Using SSE2 crc32 instructions
2025-02-24  9:00:18 0 [Note] InnoDB: Initializing buffer pool, total size = 256M, instances = 1, chunk size = 128M
2025-02-24  9:00:18 0 [Note] InnoDB: Completed initialization of buffer pool
2025-02-24  9:00:18 0 [Note] InnoDB: Starting crash recovery from checkpoint LSN=16832462
2025-02-24  9:00:18 0 [ERROR] InnoDB: Operating system error number 3 in a file operation.
2025-02-24  9:00:18 0 [ERROR] InnoDB: The error means the system cannot find the path specified.
2025-02-24  9:00:18 0 [ERROR] InnoDB: If you are installing InnoDB, remember that you must create directories yourself, InnoDB does not create them.
2025-02-24  9:00:18 0 [ERROR] InnoDB: Cannot open datafile for read-only: '.\phpmyadmin\pma__bookmark.ibd' OS error: 203
2025-02-24  9:00:18 0 [ERROR] InnoDB: Operating system error number 203 in a file operation.
2025-02-24  9:00:18 0 [Note] InnoDB: Some operating system error numbers are described at https://mariadb.com/kb/en/library/operating-system-error-codes/
2025-02-24  9:00:18 0 [ERROR] InnoDB: Could not find a valid tablespace file for ``phpmyadmin`.`pma__bookmark``. Please refer to https://mariadb.com/kb/en/innodb-data-dictionary-troubleshooting/ for how to resolve the issue.
2025-02-24  9:00:18 0 [Warning] InnoDB: Ignoring tablespace for `phpmyadmin`.`pma__bookmark` because it could not be opened.
2025-02-24  9:00:18 0 [ERROR] InnoDB: Operating system error number 3 in a file operation.
2025-02-24  9:00:18 0 [ERROR] InnoDB: The error means the system cannot find the path specified.
2025-02-24  9:00:18 0 [ERROR] InnoDB: If you are installing InnoDB, remember that you must create directories yourself, InnoDB does not create them.
2025-02-24  9:00:18 0 [ERROR] InnoDB: Cannot open datafile for read-only: '.\phpmyadmin\pma__central_columns.ibd' OS error: 203
2025-02-24  9:00:18 0 [ERROR] InnoDB: Operating system error number 203 in a file operation.
2025-02-24  9:00:18 0 [Note] InnoDB: Some operating system error numbers are described at https://mariadb.com/kb/en/library/operating-system-error-codes/
2025-02-24  9:00:18 0 [ERROR] InnoDB: Could not find a valid tablespace file for ``phpmyadmin`.`pma__central_columns``. Please refer to https://mariadb.com/kb/en/innodb-data-dictionary-troubleshooting/ for how to resolve the issue.
2025-02-24  9:00:18 0 [Warning] InnoDB: Ignoring tablespace for `phpmyadmin`.`pma__central_columns` because it could not be opened.
2025-02-24  9:00:18 0 [ERROR] InnoDB: Operating system error number 3 in a file operation.
2025-02-24  9:00:18 0 [ERROR] InnoDB: The error means the system cannot find the path specified.
2025-02-24  9:00:18 0 [ERROR] InnoDB: If you are installing InnoDB, remember that you must create directories yourself, InnoDB does not create them.
2025-02-24  9:00:18 0 [ERROR] InnoDB: Cannot open datafile for read-only: '.\phpmyadmin\pma__column_info.ibd' OS error: 203
2025-02-24  9:00:18 0 [ERROR] InnoDB: Operating system error number 203 in a file operation.
2025-02-24  9:00:18 0 [Note] InnoDB: Some operating system error numbers are described at https://mariadb.com/kb/en/library/operating-system-error-codes/
2025-02-24  9:00:18 0 [ERROR] InnoDB: Could not find a valid tablespace file for ``phpmyadmin`.`pma__column_info``. Please refer to https://mariadb.com/kb/en/innodb-data-dictionary-troubleshooting/ for how to resolve the issue.
2025-02-24  9:00:18 0 [Warning] InnoDB: Ignoring tablespace for `phpmyadmin`.`pma__column_info` because it could not be opened.
2025-02-24  9:00:18 0 [ERROR] InnoDB: Operating system error number 3 in a file operation.
2025-02-24  9:00:18 0 [ERROR] InnoDB: The error means the system cannot find the path specified.
2025-02-24  9:00:18 0 [ERROR] InnoDB: If you are installing InnoDB, remember that you must create directories yourself, InnoDB does not create them.
2025-02-24  9:00:18 0 [ERROR] InnoDB: Cannot open datafile for read-only: '.\phpmyadmin\pma__designer_settings.ibd' OS error: 203
2025-02-24  9:00:18 0 [ERROR] InnoDB: Operating system error number 203 in a file operation.
2025-02-24  9:00:18 0 [Note] InnoDB: Some operating system error numbers are described at https://mariadb.com/kb/en/library/operating-system-error-codes/
2025-02-24  9:00:18 0 [ERROR] InnoDB: Could not find a valid tablespace file for ``phpmyadmin`.`pma__designer_settings``. Please refer to https://mariadb.com/kb/en/innodb-data-dictionary-troubleshooting/ for how to resolve the issue.
2025-02-24  9:00:18 0 [Warning] InnoDB: Ignoring tablespace for `phpmyadmin`.`pma__designer_settings` because it could not be opened.
2025-02-24  9:00:18 0 [ERROR] InnoDB: Operating system error number 3 in a file operation.
2025-02-24  9:00:18 0 [ERROR] InnoDB: The error means the system cannot find the path specified.
2025-02-24  9:00:18 0 [ERROR] InnoDB: If you are installing InnoDB, remember that you must create directories yourself, InnoDB does not create them.
2025-02-24  9:00:18 0 [ERROR] InnoDB: Cannot open datafile for read-only: '.\phpmyadmin\pma__export_templates.ibd' OS error: 203
2025-02-24  9:00:18 0 [ERROR] InnoDB: Operating system error number 203 in a file operation.
2025-02-24  9:00:18 0 [Note] InnoDB: Some operating system error numbers are described at https://mariadb.com/kb/en/library/operating-system-error-codes/
2025-02-24  9:00:18 0 [ERROR] InnoDB: Could not find a valid tablespace file for ``phpmyadmin`.`pma__export_templates``. Please refer to https://mariadb.com/kb/en/innodb-data-dictionary-troubleshooting/ for how to resolve the issue.
2025-02-24  9:00:18 0 [Warning] InnoDB: Ignoring tablespace for `phpmyadmin`.`pma__export_templates` because it could not be opened.
2025-02-24  9:00:18 0 [ERROR] InnoDB: Operating system error number 3 in a file operation.
2025-02-24  9:00:18 0 [ERROR] InnoDB: The error means the system cannot find the path specified.
2025-02-24  9:00:18 0 [ERROR] InnoDB: If you are installing InnoDB, remember that you must create directories yourself, InnoDB does not create them.
2025-02-24  9:00:18 0 [ERROR] InnoDB: Cannot open datafile for read-only: '.\phpmyadmin\pma__favorite.ibd' OS error: 203
2025-02-24  9:00:18 0 [ERROR] InnoDB: Operating system error number 203 in a file operation.
2025-02-24  9:00:18 0 [Note] InnoDB: Some operating system error numbers are described at https://mariadb.com/kb/en/library/operating-system-error-codes/
2025-02-24  9:00:18 0 [ERROR] InnoDB: Could not find a valid tablespace file for ``phpmyadmin`.`pma__favorite``. Please refer to https://mariadb.com/kb/en/innodb-data-dictionary-troubleshooting/ for how to resolve the issue.
2025-02-24  9:00:18 0 [Warning] InnoDB: Ignoring tablespace for `phpmyadmin`.`pma__favorite` because it could not be opened.
2025-02-24  9:00:18 0 [ERROR] InnoDB: Operating system error number 3 in a file operation.
2025-02-24  9:00:18 0 [ERROR] InnoDB: The error means the system cannot find the path specified.
2025-02-24  9:00:18 0 [ERROR] InnoDB: If you are installing InnoDB, remember that you must create directories yourself, InnoDB does not create them.
2025-02-24  9:00:18 0 [ERROR] InnoDB: Cannot open datafile for read-only: '.\phpmyadmin\pma__history.ibd' OS error: 203
2025-02-24  9:00:18 0 [ERROR] InnoDB: Operating system error number 203 in a file operation.
2025-02-24  9:00:18 0 [Note] InnoDB: Some operating system error numbers are described at https://mariadb.com/kb/en/library/operating-system-error-codes/
2025-02-24  9:00:18 0 [ERROR] InnoDB: Could not find a valid tablespace file for ``phpmyadmin`.`pma__history``. Please refer to https://mariadb.com/kb/en/innodb-data-dictionary-troubleshooting/ for how to resolve the issue.
2025-02-24  9:00:18 0 [Warning] InnoDB: Ignoring tablespace for `phpmyadmin`.`pma__history` because it could not be opened.
2025-02-24  9:00:18 0 [ERROR] InnoDB: Operating system error number 3 in a file operation.
2025-02-24  9:00:18 0 [ERROR] InnoDB: The error means the system cannot find the path specified.
2025-02-24  9:00:18 0 [ERROR] InnoDB: If you are installing InnoDB, remember that you must create directories yourself, InnoDB does not create them.
2025-02-24  9:00:18 0 [ERROR] InnoDB: Cannot open datafile for read-only: '.\phpmyadmin\pma__navigationhiding.ibd' OS error: 203
2025-02-24  9:00:18 0 [ERROR] InnoDB: Operating system error number 203 in a file operation.
2025-02-24  9:00:18 0 [Note] InnoDB: Some operating system error numbers are described at https://mariadb.com/kb/en/library/operating-system-error-codes/
2025-02-24  9:00:18 0 [ERROR] InnoDB: Could not find a valid tablespace file for ``phpmyadmin`.`pma__navigationhiding``. Please refer to https://mariadb.com/kb/en/innodb-data-dictionary-troubleshooting/ for how to resolve the issue.
2025-02-24  9:00:18 0 [Warning] InnoDB: Ignoring tablespace for `phpmyadmin`.`pma__navigationhiding` because it could not be opened.
2025-02-24  9:00:18 0 [ERROR] InnoDB: Operating system error number 3 in a file operation.
2025-02-24  9:00:18 0 [ERROR] InnoDB: The error means the system cannot find the path specified.
2025-02-24  9:00:18 0 [ERROR] InnoDB: If you are installing InnoDB, remember that you must create directories yourself, InnoDB does not create them.
2025-02-24  9:00:18 0 [ERROR] InnoDB: Cannot open datafile for read-only: '.\phpmyadmin\pma__pdf_pages.ibd' OS error: 203
2025-02-24  9:00:18 0 [ERROR] InnoDB: Operating system error number 203 in a file operation.
2025-02-24  9:00:18 0 [Note] InnoDB: Some operating system error numbers are described at https://mariadb.com/kb/en/library/operating-system-error-codes/
2025-02-24  9:00:18 0 [ERROR] InnoDB: Could not find a valid tablespace file for ``phpmyadmin`.`pma__pdf_pages``. Please refer to https://mariadb.com/kb/en/innodb-data-dictionary-troubleshooting/ for how to resolve the issue.
2025-02-24  9:00:18 0 [Warning] InnoDB: Ignoring tablespace for `phpmyadmin`.`pma__pdf_pages` because it could not be opened.
2025-02-24  9:00:18 0 [ERROR] InnoDB: Operating system error number 3 in a file operation.
2025-02-24  9:00:18 0 [ERROR] InnoDB: The error means the system cannot find the path specified.
2025-02-24  9:00:18 0 [ERROR] InnoDB: If you are installing InnoDB, remember that you must create directories yourself, InnoDB does not create them.
2025-02-24  9:00:18 0 [ERROR] InnoDB: Cannot open datafile for read-only: '.\phpmyadmin\pma__recent.ibd' OS error: 203
2025-02-24  9:00:18 0 [ERROR] InnoDB: Operating system error number 203 in a file operation.
2025-02-24  9:00:18 0 [Note] InnoDB: Some operating system error numbers are described at https://mariadb.com/kb/en/library/operating-system-error-codes/
2025-02-24  9:00:18 0 [ERROR] InnoDB: Could not find a valid tablespace file for ``phpmyadmin`.`pma__recent``. Please refer to https://mariadb.com/kb/en/innodb-data-dictionary-troubleshooting/ for how to resolve the issue.
2025-02-24  9:00:18 0 [Warning] InnoDB: Ignoring tablespace for `phpmyadmin`.`pma__recent` because it could not be opened.
2025-02-24  9:00:18 0 [ERROR] InnoDB: Operating system error number 3 in a file operation.
2025-02-24  9:00:18 0 [ERROR] InnoDB: The error means the system cannot find the path specified.
2025-02-24  9:00:18 0 [ERROR] InnoDB: If you are installing InnoDB, remember that you must create directories yourself, InnoDB does not create them.
2025-02-24  9:00:18 0 [ERROR] InnoDB: Cannot open datafile for read-only: '.\phpmyadmin\pma__relation.ibd' OS error: 203
2025-02-24  9:00:18 0 [ERROR] InnoDB: Operating system error number 203 in a file operation.
2025-02-24  9:00:18 0 [Note] InnoDB: Some operating system error numbers are described at https://mariadb.com/kb/en/library/operating-system-error-codes/
2025-02-24  9:00:18 0 [ERROR] InnoDB: Could not find a valid tablespace file for ``phpmyadmin`.`pma__relation``. Please refer to https://mariadb.com/kb/en/innodb-data-dictionary-troubleshooting/ for how to resolve the issue.
2025-02-24  9:00:18 0 [Warning] InnoDB: Ignoring tablespace for `phpmyadmin`.`pma__relation` because it could not be opened.
2025-02-24  9:00:18 0 [ERROR] InnoDB: Operating system error number 3 in a file operation.
2025-02-24  9:00:18 0 [ERROR] InnoDB: The error means the system cannot find the path specified.
2025-02-24  9:00:18 0 [ERROR] InnoDB: If you are installing InnoDB, remember that you must create directories yourself, InnoDB does not create them.
2025-02-24  9:00:18 0 [ERROR] InnoDB: Cannot open datafile for read-only: '.\phpmyadmin\pma__savedsearches.ibd' OS error: 203
2025-02-24  9:00:18 0 [ERROR] InnoDB: Operating system error number 203 in a file operation.
2025-02-24  9:00:18 0 [Note] InnoDB: Some operating system error numbers are described at https://mariadb.com/kb/en/library/operating-system-error-codes/
2025-02-24  9:00:18 0 [ERROR] InnoDB: Could not find a valid tablespace file for ``phpmyadmin`.`pma__savedsearches``. Please refer to https://mariadb.com/kb/en/innodb-data-dictionary-troubleshooting/ for how to resolve the issue.
2025-02-24  9:00:18 0 [Warning] InnoDB: Ignoring tablespace for `phpmyadmin`.`pma__savedsearches` because it could not be opened.
2025-02-24  9:00:18 0 [ERROR] InnoDB: Operating system error number 3 in a file operation.
2025-02-24  9:00:18 0 [ERROR] InnoDB: The error means the system cannot find the path specified.
2025-02-24  9:00:18 0 [ERROR] InnoDB: If you are installing InnoDB, remember that you must create directories yourself, InnoDB does not create them.
2025-02-24  9:00:18 0 [ERROR] InnoDB: Cannot open datafile for read-only: '.\phpmyadmin\pma__table_coords.ibd' OS error: 203
2025-02-24  9:00:18 0 [ERROR] InnoDB: Operating system error number 203 in a file operation.
2025-02-24  9:00:18 0 [Note] InnoDB: Some operating system error numbers are described at https://mariadb.com/kb/en/library/operating-system-error-codes/
2025-02-24  9:00:18 0 [ERROR] InnoDB: Could not find a valid tablespace file for ``phpmyadmin`.`pma__table_coords``. Please refer to https://mariadb.com/kb/en/innodb-data-dictionary-troubleshooting/ for how to resolve the issue.
2025-02-24  9:00:18 0 [Warning] InnoDB: Ignoring tablespace for `phpmyadmin`.`pma__table_coords` because it could not be opened.
2025-02-24  9:00:18 0 [ERROR] InnoDB: Operating system error number 3 in a file operation.
2025-02-24  9:00:18 0 [ERROR] InnoDB: The error means the system cannot find the path specified.
2025-02-24  9:00:18 0 [ERROR] InnoDB: If you are installing InnoDB, remember that you must create directories yourself, InnoDB does not create them.
2025-02-24  9:00:18 0 [ERROR] InnoDB: Cannot open datafile for read-only: '.\phpmyadmin\pma__table_info.ibd' OS error: 203
2025-02-24  9:00:18 0 [ERROR] InnoDB: Operating system error number 203 in a file operation.
2025-02-24  9:00:18 0 [Note] InnoDB: Some operating system error numbers are described at https://mariadb.com/kb/en/library/operating-system-error-codes/
2025-02-24  9:00:18 0 [ERROR] InnoDB: Could not find a valid tablespace file for ``phpmyadmin`.`pma__table_info``. Please refer to https://mariadb.com/kb/en/innodb-data-dictionary-troubleshooting/ for how to resolve the issue.
2025-02-24  9:00:18 0 [Warning] InnoDB: Ignoring tablespace for `phpmyadmin`.`pma__table_info` because it could not be opened.
2025-02-24  9:00:18 0 [ERROR] InnoDB: Operating system error number 3 in a file operation.
2025-02-24  9:00:18 0 [ERROR] InnoDB: The error means the system cannot find the path specified.
2025-02-24  9:00:18 0 [ERROR] InnoDB: If you are installing InnoDB, remember that you must create directories yourself, InnoDB does not create them.
2025-02-24  9:00:18 0 [ERROR] InnoDB: Cannot open datafile for read-only: '.\phpmyadmin\pma__table_uiprefs.ibd' OS error: 203
2025-02-24  9:00:18 0 [ERROR] InnoDB: Operating system error number 203 in a file operation.
2025-02-24  9:00:18 0 [Note] InnoDB: Some operating system error numbers are described at https://mariadb.com/kb/en/library/operating-system-error-codes/
2025-02-24  9:00:18 0 [ERROR] InnoDB: Could not find a valid tablespace file for ``phpmyadmin`.`pma__table_uiprefs``. Please refer to https://mariadb.com/kb/en/innodb-data-dictionary-troubleshooting/ for how to resolve the issue.
2025-02-24  9:00:18 0 [Warning] InnoDB: Ignoring tablespace for `phpmyadmin`.`pma__table_uiprefs` because it could not be opened.
2025-02-24  9:00:18 0 [ERROR] InnoDB: Operating system error number 3 in a file operation.
2025-02-24  9:00:18 0 [ERROR] InnoDB: The error means the system cannot find the path specified.
2025-02-24  9:00:18 0 [ERROR] InnoDB: If you are installing InnoDB, remember that you must create directories yourself, InnoDB does not create them.
2025-02-24  9:00:18 0 [ERROR] InnoDB: Cannot open datafile for read-only: '.\phpmyadmin\pma__tracking.ibd' OS error: 203
2025-02-24  9:00:18 0 [ERROR] InnoDB: Operating system error number 203 in a file operation.
2025-02-24  9:00:18 0 [Note] InnoDB: Some operating system error numbers are described at https://mariadb.com/kb/en/library/operating-system-error-codes/
2025-02-24  9:00:18 0 [ERROR] InnoDB: Could not find a valid tablespace file for ``phpmyadmin`.`pma__tracking``. Please refer to https://mariadb.com/kb/en/innodb-data-dictionary-troubleshooting/ for how to resolve the issue.
2025-02-24  9:00:18 0 [Warning] InnoDB: Ignoring tablespace for `phpmyadmin`.`pma__tracking` because it could not be opened.
2025-02-24  9:00:18 0 [ERROR] InnoDB: Operating system error number 3 in a file operation.
2025-02-24  9:00:18 0 [ERROR] InnoDB: The error means the system cannot find the path specified.
2025-02-24  9:00:18 0 [ERROR] InnoDB: If you are installing InnoDB, remember that you must create directories yourself, InnoDB does not create them.
2025-02-24  9:00:18 0 [ERROR] InnoDB: Cannot open datafile for read-only: '.\phpmyadmin\pma__userconfig.ibd' OS error: 203
2025-02-24  9:00:18 0 [ERROR] InnoDB: Operating system error number 203 in a file operation.
2025-02-24  9:00:18 0 [Note] InnoDB: Some operating system error numbers are described at https://mariadb.com/kb/en/library/operating-system-error-codes/
2025-02-24  9:00:18 0 [ERROR] InnoDB: Could not find a valid tablespace file for ``phpmyadmin`.`pma__userconfig``. Please refer to https://mariadb.com/kb/en/innodb-data-dictionary-troubleshooting/ for how to resolve the issue.
2025-02-24  9:00:18 0 [Warning] InnoDB: Ignoring tablespace for `phpmyadmin`.`pma__userconfig` because it could not be opened.
2025-02-24  9:00:18 0 [ERROR] InnoDB: Operating system error number 3 in a file operation.
2025-02-24  9:00:18 0 [ERROR] InnoDB: The error means the system cannot find the path specified.
2025-02-24  9:00:18 0 [ERROR] InnoDB: If you are installing InnoDB, remember that you must create directories yourself, InnoDB does not create them.
2025-02-24  9:00:18 0 [ERROR] InnoDB: Cannot open datafile for read-only: '.\phpmyadmin\pma__usergroups.ibd' OS error: 203
2025-02-24  9:00:18 0 [ERROR] InnoDB: Operating system error number 203 in a file operation.
2025-02-24  9:00:18 0 [Note] InnoDB: Some operating system error numbers are described at https://mariadb.com/kb/en/library/operating-system-error-codes/
2025-02-24  9:00:18 0 [ERROR] InnoDB: Could not find a valid tablespace file for ``phpmyadmin`.`pma__usergroups``. Please refer to https://mariadb.com/kb/en/innodb-data-dictionary-troubleshooting/ for how to resolve the issue.
2025-02-24  9:00:18 0 [Warning] InnoDB: Ignoring tablespace for `phpmyadmin`.`pma__usergroups` because it could not be opened.
2025-02-24  9:00:18 0 [ERROR] InnoDB: Operating system error number 3 in a file operation.
2025-02-24  9:00:18 0 [ERROR] InnoDB: The error means the system cannot find the path specified.
2025-02-24  9:00:18 0 [ERROR] InnoDB: If you are installing InnoDB, remember that you must create directories yourself, InnoDB does not create them.
2025-02-24  9:00:18 0 [ERROR] InnoDB: Cannot open datafile for read-only: '.\phpmyadmin\pma__users.ibd' OS error: 203
2025-02-24  9:00:18 0 [ERROR] InnoDB: Operating system error number 203 in a file operation.
2025-02-24  9:00:18 0 [Note] InnoDB: Some operating system error numbers are described at https://mariadb.com/kb/en/library/operating-system-error-codes/
2025-02-24  9:00:18 0 [ERROR] InnoDB: Could not find a valid tablespace file for ``phpmyadmin`.`pma__users``. Please refer to https://mariadb.com/kb/en/innodb-data-dictionary-troubleshooting/ for how to resolve the issue.
2025-02-24  9:00:18 0 [Warning] InnoDB: Ignoring tablespace for `phpmyadmin`.`pma__users` because it could not be opened.
2025-02-24  9:00:18 0 [Note] InnoDB: 128 out of 128 rollback segments are active.
2025-02-24  9:00:18 0 [Note] InnoDB: Removed temporary tablespace data file: "ibtmp1"
2025-02-24  9:00:18 0 [Note] InnoDB: Creating shared tablespace for temporary tables
2025-02-24  9:00:18 0 [Note] InnoDB: Setting file 'C:\Users\Zedric Berwin\Desktop\OJT files\repository\ojt\server\mysql\data\ibtmp1' size to 12 MB. Physically writing the file full; Please wait ...
2025-02-24  9:00:18 0 [Note] InnoDB: File 'C:\Users\Zedric Berwin\Desktop\OJT files\repository\ojt\server\mysql\data\ibtmp1' size is now 12 MB.
2025-02-24  9:00:18 0 [Note] InnoDB: Waiting for purge to start
2025-02-24  9:00:18 0 [Note] InnoDB: 10.4.28 started; log sequence number 16832471; transaction id 32438
2025-02-24  9:00:18 0 [Note] InnoDB: Loading buffer pool(s) from C:\Users\Zedric Berwin\Desktop\OJT files\repository\ojt\server\mysql\data\ib_buffer_pool
2025-02-24  9:00:18 0 [Note] Plugin 'FEEDBACK' is disabled.
2025-02-24  9:00:18 0 [Note] Server socket created on IP: '::'.
2025-02-24  9:00:18 0 [Note] InnoDB: Buffer pool(s) load completed at 250224  9:00:18
2025-02-24  9:00:18 0 [Note] Reading of all Master_info entries succeeded
2025-02-24  9:00:18 0 [Note] Added new Master_info '' to hash table
2025-02-24  9:00:18 0 [Note] mysql\bin\mysqld.exe: ready for connections.
Version: '10.4.28-MariaDB'  socket: ''  port: 3306  mariadb.org binary distribution
2025-02-24 13:19:06 0 [Note] Starting MariaDB 10.4.28-MariaDB source revision c8f2e9a5c0ac5905f28b050b7df5a9ffd914b7e7 as process 18000
2025-02-24 13:19:06 0 [Note] InnoDB: Mutexes and rw_locks use Windows interlocked functions
2025-02-24 13:19:06 0 [Note] InnoDB: Uses event mutexes
2025-02-24 13:19:06 0 [Note] InnoDB: Compressed tables use zlib 1.2.12
2025-02-24 13:19:06 0 [Note] InnoDB: Number of pools: 1
2025-02-24 13:19:06 0 [Note] InnoDB: Using SSE2 crc32 instructions
2025-02-24 13:19:06 0 [Note] InnoDB: Initializing buffer pool, total size = 256M, instances = 1, chunk size = 128M
2025-02-24 13:19:06 0 [Note] InnoDB: Completed initialization of buffer pool
2025-02-24 13:19:06 0 [Note] InnoDB: Starting crash recovery from checkpoint LSN=17025529
2025-02-24 13:19:07 0 [ERROR] InnoDB: Operating system error number 3 in a file operation.
2025-02-24 13:19:07 0 [ERROR] InnoDB: The error means the system cannot find the path specified.
2025-02-24 13:19:07 0 [ERROR] InnoDB: If you are installing InnoDB, remember that you must create directories yourself, InnoDB does not create them.
2025-02-24 13:19:07 0 [ERROR] InnoDB: Cannot open datafile for read-only: '.\phpmyadmin\pma__bookmark.ibd' OS error: 203
2025-02-24 13:19:07 0 [ERROR] InnoDB: Operating system error number 203 in a file operation.
2025-02-24 13:19:07 0 [Note] InnoDB: Some operating system error numbers are described at https://mariadb.com/kb/en/library/operating-system-error-codes/
2025-02-24 13:19:07 0 [ERROR] InnoDB: Could not find a valid tablespace file for ``phpmyadmin`.`pma__bookmark``. Please refer to https://mariadb.com/kb/en/innodb-data-dictionary-troubleshooting/ for how to resolve the issue.
2025-02-24 13:19:07 0 [Warning] InnoDB: Ignoring tablespace for `phpmyadmin`.`pma__bookmark` because it could not be opened.
2025-02-24 13:19:07 0 [ERROR] InnoDB: Operating system error number 3 in a file operation.
2025-02-24 13:19:07 0 [ERROR] InnoDB: The error means the system cannot find the path specified.
2025-02-24 13:19:07 0 [ERROR] InnoDB: If you are installing InnoDB, remember that you must create directories yourself, InnoDB does not create them.
2025-02-24 13:19:07 0 [ERROR] InnoDB: Cannot open datafile for read-only: '.\phpmyadmin\pma__central_columns.ibd' OS error: 203
2025-02-24 13:19:07 0 [ERROR] InnoDB: Operating system error number 203 in a file operation.
2025-02-24 13:19:07 0 [Note] InnoDB: Some operating system error numbers are described at https://mariadb.com/kb/en/library/operating-system-error-codes/
2025-02-24 13:19:07 0 [ERROR] InnoDB: Could not find a valid tablespace file for ``phpmyadmin`.`pma__central_columns``. Please refer to https://mariadb.com/kb/en/innodb-data-dictionary-troubleshooting/ for how to resolve the issue.
2025-02-24 13:19:07 0 [Warning] InnoDB: Ignoring tablespace for `phpmyadmin`.`pma__central_columns` because it could not be opened.
2025-02-24 13:19:07 0 [ERROR] InnoDB: Operating system error number 3 in a file operation.
2025-02-24 13:19:07 0 [ERROR] InnoDB: The error means the system cannot find the path specified.
2025-02-24 13:19:07 0 [ERROR] InnoDB: If you are installing InnoDB, remember that you must create directories yourself, InnoDB does not create them.
2025-02-24 13:19:07 0 [ERROR] InnoDB: Cannot open datafile for read-only: '.\phpmyadmin\pma__column_info.ibd' OS error: 203
2025-02-24 13:19:07 0 [ERROR] InnoDB: Operating system error number 203 in a file operation.
2025-02-24 13:19:07 0 [Note] InnoDB: Some operating system error numbers are described at https://mariadb.com/kb/en/library/operating-system-error-codes/
2025-02-24 13:19:07 0 [ERROR] InnoDB: Could not find a valid tablespace file for ``phpmyadmin`.`pma__column_info``. Please refer to https://mariadb.com/kb/en/innodb-data-dictionary-troubleshooting/ for how to resolve the issue.
2025-02-24 13:19:07 0 [Warning] InnoDB: Ignoring tablespace for `phpmyadmin`.`pma__column_info` because it could not be opened.
2025-02-24 13:19:07 0 [ERROR] InnoDB: Operating system error number 3 in a file operation.
2025-02-24 13:19:07 0 [ERROR] InnoDB: The error means the system cannot find the path specified.
2025-02-24 13:19:07 0 [ERROR] InnoDB: If you are installing InnoDB, remember that you must create directories yourself, InnoDB does not create them.
2025-02-24 13:19:07 0 [ERROR] InnoDB: Cannot open datafile for read-only: '.\phpmyadmin\pma__designer_settings.ibd' OS error: 203
2025-02-24 13:19:07 0 [ERROR] InnoDB: Operating system error number 203 in a file operation.
2025-02-24 13:19:07 0 [Note] InnoDB: Some operating system error numbers are described at https://mariadb.com/kb/en/library/operating-system-error-codes/
2025-02-24 13:19:07 0 [ERROR] InnoDB: Could not find a valid tablespace file for ``phpmyadmin`.`pma__designer_settings``. Please refer to https://mariadb.com/kb/en/innodb-data-dictionary-troubleshooting/ for how to resolve the issue.
2025-02-24 13:19:07 0 [Warning] InnoDB: Ignoring tablespace for `phpmyadmin`.`pma__designer_settings` because it could not be opened.
2025-02-24 13:19:07 0 [ERROR] InnoDB: Operating system error number 3 in a file operation.
2025-02-24 13:19:07 0 [ERROR] InnoDB: The error means the system cannot find the path specified.
2025-02-24 13:19:07 0 [ERROR] InnoDB: If you are installing InnoDB, remember that you must create directories yourself, InnoDB does not create them.
2025-02-24 13:19:07 0 [ERROR] InnoDB: Cannot open datafile for read-only: '.\phpmyadmin\pma__export_templates.ibd' OS error: 203
2025-02-24 13:19:07 0 [ERROR] InnoDB: Operating system error number 203 in a file operation.
2025-02-24 13:19:07 0 [Note] InnoDB: Some operating system error numbers are described at https://mariadb.com/kb/en/library/operating-system-error-codes/
2025-02-24 13:19:07 0 [ERROR] InnoDB: Could not find a valid tablespace file for ``phpmyadmin`.`pma__export_templates``. Please refer to https://mariadb.com/kb/en/innodb-data-dictionary-troubleshooting/ for how to resolve the issue.
2025-02-24 13:19:07 0 [Warning] InnoDB: Ignoring tablespace for `phpmyadmin`.`pma__export_templates` because it could not be opened.
2025-02-24 13:19:07 0 [ERROR] InnoDB: Operating system error number 3 in a file operation.
2025-02-24 13:19:07 0 [ERROR] InnoDB: The error means the system cannot find the path specified.
2025-02-24 13:19:07 0 [ERROR] InnoDB: If you are installing InnoDB, remember that you must create directories yourself, InnoDB does not create them.
2025-02-24 13:19:07 0 [ERROR] InnoDB: Cannot open datafile for read-only: '.\phpmyadmin\pma__favorite.ibd' OS error: 203
2025-02-24 13:19:07 0 [ERROR] InnoDB: Operating system error number 203 in a file operation.
2025-02-24 13:19:07 0 [Note] InnoDB: Some operating system error numbers are described at https://mariadb.com/kb/en/library/operating-system-error-codes/
2025-02-24 13:19:07 0 [ERROR] InnoDB: Could not find a valid tablespace file for ``phpmyadmin`.`pma__favorite``. Please refer to https://mariadb.com/kb/en/innodb-data-dictionary-troubleshooting/ for how to resolve the issue.
2025-02-24 13:19:07 0 [Warning] InnoDB: Ignoring tablespace for `phpmyadmin`.`pma__favorite` because it could not be opened.
2025-02-24 13:19:07 0 [ERROR] InnoDB: Operating system error number 3 in a file operation.
2025-02-24 13:19:07 0 [ERROR] InnoDB: The error means the system cannot find the path specified.
2025-02-24 13:19:07 0 [ERROR] InnoDB: If you are installing InnoDB, remember that you must create directories yourself, InnoDB does not create them.
2025-02-24 13:19:07 0 [ERROR] InnoDB: Cannot open datafile for read-only: '.\phpmyadmin\pma__history.ibd' OS error: 203
2025-02-24 13:19:07 0 [ERROR] InnoDB: Operating system error number 203 in a file operation.
2025-02-24 13:19:07 0 [Note] InnoDB: Some operating system error numbers are described at https://mariadb.com/kb/en/library/operating-system-error-codes/
2025-02-24 13:19:07 0 [ERROR] InnoDB: Could not find a valid tablespace file for ``phpmyadmin`.`pma__history``. Please refer to https://mariadb.com/kb/en/innodb-data-dictionary-troubleshooting/ for how to resolve the issue.
2025-02-24 13:19:07 0 [Warning] InnoDB: Ignoring tablespace for `phpmyadmin`.`pma__history` because it could not be opened.
2025-02-24 13:19:07 0 [ERROR] InnoDB: Operating system error number 3 in a file operation.
2025-02-24 13:19:07 0 [ERROR] InnoDB: The error means the system cannot find the path specified.
2025-02-24 13:19:07 0 [ERROR] InnoDB: If you are installing InnoDB, remember that you must create directories yourself, InnoDB does not create them.
2025-02-24 13:19:07 0 [ERROR] InnoDB: Cannot open datafile for read-only: '.\phpmyadmin\pma__navigationhiding.ibd' OS error: 203
2025-02-24 13:19:07 0 [ERROR] InnoDB: Operating system error number 203 in a file operation.
2025-02-24 13:19:07 0 [Note] InnoDB: Some operating system error numbers are described at https://mariadb.com/kb/en/library/operating-system-error-codes/
2025-02-24 13:19:07 0 [ERROR] InnoDB: Could not find a valid tablespace file for ``phpmyadmin`.`pma__navigationhiding``. Please refer to https://mariadb.com/kb/en/innodb-data-dictionary-troubleshooting/ for how to resolve the issue.
2025-02-24 13:19:07 0 [Warning] InnoDB: Ignoring tablespace for `phpmyadmin`.`pma__navigationhiding` because it could not be opened.
2025-02-24 13:19:07 0 [ERROR] InnoDB: Operating system error number 3 in a file operation.
2025-02-24 13:19:07 0 [ERROR] InnoDB: The error means the system cannot find the path specified.
2025-02-24 13:19:07 0 [ERROR] InnoDB: If you are installing InnoDB, remember that you must create directories yourself, InnoDB does not create them.
2025-02-24 13:19:07 0 [ERROR] InnoDB: Cannot open datafile for read-only: '.\phpmyadmin\pma__pdf_pages.ibd' OS error: 203
2025-02-24 13:19:07 0 [ERROR] InnoDB: Operating system error number 203 in a file operation.
2025-02-24 13:19:07 0 [Note] InnoDB: Some operating system error numbers are described at https://mariadb.com/kb/en/library/operating-system-error-codes/
2025-02-24 13:19:07 0 [ERROR] InnoDB: Could not find a valid tablespace file for ``phpmyadmin`.`pma__pdf_pages``. Please refer to https://mariadb.com/kb/en/innodb-data-dictionary-troubleshooting/ for how to resolve the issue.
2025-02-24 13:19:07 0 [Warning] InnoDB: Ignoring tablespace for `phpmyadmin`.`pma__pdf_pages` because it could not be opened.
2025-02-24 13:19:07 0 [ERROR] InnoDB: Operating system error number 3 in a file operation.
2025-02-24 13:19:07 0 [ERROR] InnoDB: The error means the system cannot find the path specified.
2025-02-24 13:19:07 0 [ERROR] InnoDB: If you are installing InnoDB, remember that you must create directories yourself, InnoDB does not create them.
2025-02-24 13:19:07 0 [ERROR] InnoDB: Cannot open datafile for read-only: '.\phpmyadmin\pma__recent.ibd' OS error: 203
2025-02-24 13:19:07 0 [ERROR] InnoDB: Operating system error number 203 in a file operation.
2025-02-24 13:19:07 0 [Note] InnoDB: Some operating system error numbers are described at https://mariadb.com/kb/en/library/operating-system-error-codes/
2025-02-24 13:19:07 0 [ERROR] InnoDB: Could not find a valid tablespace file for ``phpmyadmin`.`pma__recent``. Please refer to https://mariadb.com/kb/en/innodb-data-dictionary-troubleshooting/ for how to resolve the issue.
2025-02-24 13:19:07 0 [Warning] InnoDB: Ignoring tablespace for `phpmyadmin`.`pma__recent` because it could not be opened.
2025-02-24 13:19:07 0 [ERROR] InnoDB: Operating system error number 3 in a file operation.
2025-02-24 13:19:07 0 [ERROR] InnoDB: The error means the system cannot find the path specified.
2025-02-24 13:19:07 0 [ERROR] InnoDB: If you are installing InnoDB, remember that you must create directories yourself, InnoDB does not create them.
2025-02-24 13:19:07 0 [ERROR] InnoDB: Cannot open datafile for read-only: '.\phpmyadmin\pma__relation.ibd' OS error: 203
2025-02-24 13:19:07 0 [ERROR] InnoDB: Operating system error number 203 in a file operation.
2025-02-24 13:19:07 0 [Note] InnoDB: Some operating system error numbers are described at https://mariadb.com/kb/en/library/operating-system-error-codes/
2025-02-24 13:19:07 0 [ERROR] InnoDB: Could not find a valid tablespace file for ``phpmyadmin`.`pma__relation``. Please refer to https://mariadb.com/kb/en/innodb-data-dictionary-troubleshooting/ for how to resolve the issue.
2025-02-24 13:19:07 0 [Warning] InnoDB: Ignoring tablespace for `phpmyadmin`.`pma__relation` because it could not be opened.
2025-02-24 13:19:07 0 [ERROR] InnoDB: Operating system error number 3 in a file operation.
2025-02-24 13:19:07 0 [ERROR] InnoDB: The error means the system cannot find the path specified.
2025-02-24 13:19:07 0 [ERROR] InnoDB: If you are installing InnoDB, remember that you must create directories yourself, InnoDB does not create them.
2025-02-24 13:19:07 0 [ERROR] InnoDB: Cannot open datafile for read-only: '.\phpmyadmin\pma__savedsearches.ibd' OS error: 203
2025-02-24 13:19:07 0 [ERROR] InnoDB: Operating system error number 203 in a file operation.
2025-02-24 13:19:07 0 [Note] InnoDB: Some operating system error numbers are described at https://mariadb.com/kb/en/library/operating-system-error-codes/
2025-02-24 13:19:07 0 [ERROR] InnoDB: Could not find a valid tablespace file for ``phpmyadmin`.`pma__savedsearches``. Please refer to https://mariadb.com/kb/en/innodb-data-dictionary-troubleshooting/ for how to resolve the issue.
2025-02-24 13:19:07 0 [Warning] InnoDB: Ignoring tablespace for `phpmyadmin`.`pma__savedsearches` because it could not be opened.
2025-02-24 13:19:07 0 [ERROR] InnoDB: Operating system error number 3 in a file operation.
2025-02-24 13:19:07 0 [ERROR] InnoDB: The error means the system cannot find the path specified.
2025-02-24 13:19:07 0 [ERROR] InnoDB: If you are installing InnoDB, remember that you must create directories yourself, InnoDB does not create them.
2025-02-24 13:19:07 0 [ERROR] InnoDB: Cannot open datafile for read-only: '.\phpmyadmin\pma__table_coords.ibd' OS error: 203
2025-02-24 13:19:07 0 [ERROR] InnoDB: Operating system error number 203 in a file operation.
2025-02-24 13:19:07 0 [Note] InnoDB: Some operating system error numbers are described at https://mariadb.com/kb/en/library/operating-system-error-codes/
2025-02-24 13:19:07 0 [ERROR] InnoDB: Could not find a valid tablespace file for ``phpmyadmin`.`pma__table_coords``. Please refer to https://mariadb.com/kb/en/innodb-data-dictionary-troubleshooting/ for how to resolve the issue.
2025-02-24 13:19:07 0 [Warning] InnoDB: Ignoring tablespace for `phpmyadmin`.`pma__table_coords` because it could not be opened.
2025-02-24 13:19:07 0 [ERROR] InnoDB: Operating system error number 3 in a file operation.
2025-02-24 13:19:07 0 [ERROR] InnoDB: The error means the system cannot find the path specified.
2025-02-24 13:19:07 0 [ERROR] InnoDB: If you are installing InnoDB, remember that you must create directories yourself, InnoDB does not create them.
2025-02-24 13:19:07 0 [ERROR] InnoDB: Cannot open datafile for read-only: '.\phpmyadmin\pma__table_info.ibd' OS error: 203
2025-02-24 13:19:07 0 [ERROR] InnoDB: Operating system error number 203 in a file operation.
2025-02-24 13:19:07 0 [Note] InnoDB: Some operating system error numbers are described at https://mariadb.com/kb/en/library/operating-system-error-codes/
2025-02-24 13:19:07 0 [ERROR] InnoDB: Could not find a valid tablespace file for ``phpmyadmin`.`pma__table_info``. Please refer to https://mariadb.com/kb/en/innodb-data-dictionary-troubleshooting/ for how to resolve the issue.
2025-02-24 13:19:07 0 [Warning] InnoDB: Ignoring tablespace for `phpmyadmin`.`pma__table_info` because it could not be opened.
2025-02-24 13:19:07 0 [ERROR] InnoDB: Operating system error number 3 in a file operation.
2025-02-24 13:19:07 0 [ERROR] InnoDB: The error means the system cannot find the path specified.
2025-02-24 13:19:07 0 [ERROR] InnoDB: If you are installing InnoDB, remember that you must create directories yourself, InnoDB does not create them.
2025-02-24 13:19:07 0 [ERROR] InnoDB: Cannot open datafile for read-only: '.\phpmyadmin\pma__table_uiprefs.ibd' OS error: 203
2025-02-24 13:19:07 0 [ERROR] InnoDB: Operating system error number 203 in a file operation.
2025-02-24 13:19:07 0 [Note] InnoDB: Some operating system error numbers are described at https://mariadb.com/kb/en/library/operating-system-error-codes/
2025-02-24 13:19:07 0 [ERROR] InnoDB: Could not find a valid tablespace file for ``phpmyadmin`.`pma__table_uiprefs``. Please refer to https://mariadb.com/kb/en/innodb-data-dictionary-troubleshooting/ for how to resolve the issue.
2025-02-24 13:19:07 0 [Warning] InnoDB: Ignoring tablespace for `phpmyadmin`.`pma__table_uiprefs` because it could not be opened.
2025-02-24 13:19:07 0 [ERROR] InnoDB: Operating system error number 3 in a file operation.
2025-02-24 13:19:07 0 [ERROR] InnoDB: The error means the system cannot find the path specified.
2025-02-24 13:19:07 0 [ERROR] InnoDB: If you are installing InnoDB, remember that you must create directories yourself, InnoDB does not create them.
2025-02-24 13:19:07 0 [ERROR] InnoDB: Cannot open datafile for read-only: '.\phpmyadmin\pma__tracking.ibd' OS error: 203
2025-02-24 13:19:07 0 [ERROR] InnoDB: Operating system error number 203 in a file operation.
2025-02-24 13:19:07 0 [Note] InnoDB: Some operating system error numbers are described at https://mariadb.com/kb/en/library/operating-system-error-codes/
2025-02-24 13:19:07 0 [ERROR] InnoDB: Could not find a valid tablespace file for ``phpmyadmin`.`pma__tracking``. Please refer to https://mariadb.com/kb/en/innodb-data-dictionary-troubleshooting/ for how to resolve the issue.
2025-02-24 13:19:07 0 [Warning] InnoDB: Ignoring tablespace for `phpmyadmin`.`pma__tracking` because it could not be opened.
2025-02-24 13:19:07 0 [ERROR] InnoDB: Operating system error number 3 in a file operation.
2025-02-24 13:19:07 0 [ERROR] InnoDB: The error means the system cannot find the path specified.
2025-02-24 13:19:07 0 [ERROR] InnoDB: If you are installing InnoDB, remember that you must create directories yourself, InnoDB does not create them.
2025-02-24 13:19:07 0 [ERROR] InnoDB: Cannot open datafile for read-only: '.\phpmyadmin\pma__userconfig.ibd' OS error: 203
2025-02-24 13:19:07 0 [ERROR] InnoDB: Operating system error number 203 in a file operation.
2025-02-24 13:19:07 0 [Note] InnoDB: Some operating system error numbers are described at https://mariadb.com/kb/en/library/operating-system-error-codes/
2025-02-24 13:19:07 0 [ERROR] InnoDB: Could not find a valid tablespace file for ``phpmyadmin`.`pma__userconfig``. Please refer to https://mariadb.com/kb/en/innodb-data-dictionary-troubleshooting/ for how to resolve the issue.
2025-02-24 13:19:07 0 [Warning] InnoDB: Ignoring tablespace for `phpmyadmin`.`pma__userconfig` because it could not be opened.
2025-02-24 13:19:07 0 [ERROR] InnoDB: Operating system error number 3 in a file operation.
2025-02-24 13:19:07 0 [ERROR] InnoDB: The error means the system cannot find the path specified.
2025-02-24 13:19:07 0 [ERROR] InnoDB: If you are installing InnoDB, remember that you must create directories yourself, InnoDB does not create them.
2025-02-24 13:19:07 0 [ERROR] InnoDB: Cannot open datafile for read-only: '.\phpmyadmin\pma__usergroups.ibd' OS error: 203
2025-02-24 13:19:07 0 [ERROR] InnoDB: Operating system error number 203 in a file operation.
2025-02-24 13:19:07 0 [Note] InnoDB: Some operating system error numbers are described at https://mariadb.com/kb/en/library/operating-system-error-codes/
2025-02-24 13:19:07 0 [ERROR] InnoDB: Could not find a valid tablespace file for ``phpmyadmin`.`pma__usergroups``. Please refer to https://mariadb.com/kb/en/innodb-data-dictionary-troubleshooting/ for how to resolve the issue.
2025-02-24 13:19:07 0 [Warning] InnoDB: Ignoring tablespace for `phpmyadmin`.`pma__usergroups` because it could not be opened.
2025-02-24 13:19:07 0 [ERROR] InnoDB: Operating system error number 3 in a file operation.
2025-02-24 13:19:07 0 [ERROR] InnoDB: The error means the system cannot find the path specified.
2025-02-24 13:19:07 0 [ERROR] InnoDB: If you are installing InnoDB, remember that you must create directories yourself, InnoDB does not create them.
2025-02-24 13:19:07 0 [ERROR] InnoDB: Cannot open datafile for read-only: '.\phpmyadmin\pma__users.ibd' OS error: 203
2025-02-24 13:19:07 0 [ERROR] InnoDB: Operating system error number 203 in a file operation.
2025-02-24 13:19:07 0 [Note] InnoDB: Some operating system error numbers are described at https://mariadb.com/kb/en/library/operating-system-error-codes/
2025-02-24 13:19:07 0 [ERROR] InnoDB: Could not find a valid tablespace file for ``phpmyadmin`.`pma__users``. Please refer to https://mariadb.com/kb/en/innodb-data-dictionary-troubleshooting/ for how to resolve the issue.
2025-02-24 13:19:07 0 [Warning] InnoDB: Ignoring tablespace for `phpmyadmin`.`pma__users` because it could not be opened.
2025-02-24 13:19:07 0 [Note] InnoDB: 128 out of 128 rollback segments are active.
2025-02-24 13:19:07 0 [Note] InnoDB: Removed temporary tablespace data file: "ibtmp1"
2025-02-24 13:19:07 0 [Note] InnoDB: Creating shared tablespace for temporary tables
2025-02-24 13:19:07 0 [Note] InnoDB: Setting file 'C:\Users\Zedric Berwin\Desktop\OJT files\repository\ojt\server\mysql\data\ibtmp1' size to 12 MB. Physically writing the file full; Please wait ...
2025-02-24 13:19:07 0 [Note] InnoDB: File 'C:\Users\Zedric Berwin\Desktop\OJT files\repository\ojt\server\mysql\data\ibtmp1' size is now 12 MB.
2025-02-24 13:19:07 0 [Note] InnoDB: Waiting for purge to start
2025-02-24 13:19:07 0 [Note] InnoDB: 10.4.28 started; log sequence number 17025554; transaction id 32735
2025-02-24 13:19:07 0 [Note] InnoDB: Loading buffer pool(s) from C:\Users\Zedric Berwin\Desktop\OJT files\repository\ojt\server\mysql\data\ib_buffer_pool
2025-02-24 13:19:07 0 [Note] Plugin 'FEEDBACK' is disabled.
2025-02-24 13:19:07 0 [Note] Server socket created on IP: '::'.
2025-02-24 13:19:07 0 [Note] InnoDB: Buffer pool(s) load completed at 250224 13:19:07
2025-02-24 13:19:07 0 [Note] Reading of all Master_info entries succeeded
2025-02-24 13:19:07 0 [Note] Added new Master_info '' to hash table
2025-02-24 13:19:07 0 [Note] mysql\bin\mysqld.exe: ready for connections.
Version: '10.4.28-MariaDB'  socket: ''  port: 3306  mariadb.org binary distribution
2025-03-10  8:45:59 0 [Note] Starting MariaDB 10.4.28-MariaDB source revision c8f2e9a5c0ac5905f28b050b7df5a9ffd914b7e7 as process 19872
2025-03-10  8:45:59 0 [Note] InnoDB: Mutexes and rw_locks use Windows interlocked functions
2025-03-10  8:45:59 0 [Note] InnoDB: Uses event mutexes
2025-03-10  8:45:59 0 [Note] InnoDB: Compressed tables use zlib 1.2.12
2025-03-10  8:45:59 0 [Note] InnoDB: Number of pools: 1
2025-03-10  8:45:59 0 [Note] InnoDB: Using SSE2 crc32 instructions
2025-03-10  8:45:59 0 [Note] InnoDB: Initializing buffer pool, total size = 256M, instances = 1, chunk size = 128M
2025-03-10  8:45:59 0 [Note] InnoDB: Completed initialization of buffer pool
2025-03-10  8:45:59 0 [ERROR] InnoDB: C:\Users\Zedric Berwin\Desktop\OJT files\repository\ojt\server\mysql\data\ib_logfile1 can't be opened in read-write mode.
2025-03-10  8:45:59 0 [ERROR] InnoDB: Plugin initialization aborted with error Generic error
2025-03-10  8:46:00 0 [Note] InnoDB: Starting shutdown...
2025-03-10  8:46:00 0 [ERROR] Plugin 'InnoDB' init function returned error.
2025-03-10  8:46:00 0 [ERROR] Plugin 'InnoDB' registration as a STORAGE ENGINE failed.
2025-03-10  8:46:00 0 [Note] Plugin 'FEEDBACK' is disabled.
2025-03-10  8:46:00 0 [ERROR] Unknown/unsupported storage engine: innodb
2025-03-10  8:46:00 0 [ERROR] Aborting
2025-03-10  8:48:44 0 [Note] Starting MariaDB 10.4.28-MariaDB source revision c8f2e9a5c0ac5905f28b050b7df5a9ffd914b7e7 as process 16400
2025-03-10  8:48:44 0 [Note] InnoDB: Mutexes and rw_locks use Windows interlocked functions
2025-03-10  8:48:44 0 [Note] InnoDB: Uses event mutexes
2025-03-10  8:48:44 0 [Note] InnoDB: Compressed tables use zlib 1.2.12
2025-03-10  8:48:44 0 [Note] InnoDB: Number of pools: 1
2025-03-10  8:48:44 0 [Note] InnoDB: Using SSE2 crc32 instructions
2025-03-10  8:48:44 0 [Note] InnoDB: Initializing buffer pool, total size = 256M, instances = 1, chunk size = 128M
2025-03-10  8:48:44 0 [Note] InnoDB: Completed initialization of buffer pool
2025-03-10  8:48:44 0 [ERROR] InnoDB: C:\Users\Zedric Berwin\Desktop\OJT files\repository\ojt\server\mysql\data\ib_logfile1 can't be opened in read-write mode.
2025-03-10  8:48:44 0 [ERROR] InnoDB: Plugin initialization aborted with error Generic error
2025-03-10  8:48:44 0 [Note] InnoDB: Starting shutdown...
2025-03-10  8:48:44 0 [ERROR] Plugin 'InnoDB' init function returned error.
2025-03-10  8:48:44 0 [ERROR] Plugin 'InnoDB' registration as a STORAGE ENGINE failed.
2025-03-10  8:48:44 0 [Note] Plugin 'FEEDBACK' is disabled.
2025-03-10  8:48:44 0 [ERROR] Unknown/unsupported storage engine: innodb
2025-03-10  8:48:44 0 [ERROR] Aborting
2025-03-10 15:46:56 0 [Note] Starting MariaDB 10.4.28-MariaDB source revision c8f2e9a5c0ac5905f28b050b7df5a9ffd914b7e7 as process 11984
2025-03-10 15:46:56 0 [Note] InnoDB: Mutexes and rw_locks use Windows interlocked functions
2025-03-10 15:46:56 0 [Note] InnoDB: Uses event mutexes
2025-03-10 15:46:56 0 [Note] InnoDB: Compressed tables use zlib 1.2.12
2025-03-10 15:46:56 0 [Note] InnoDB: Number of pools: 1
2025-03-10 15:46:56 0 [Note] InnoDB: Using SSE2 crc32 instructions
2025-03-10 15:46:56 0 [Note] InnoDB: Initializing buffer pool, total size = 256M, instances = 1, chunk size = 128M
2025-03-10 15:46:56 0 [Note] InnoDB: Completed initialization of buffer pool
2025-03-10 15:46:56 0 [Note] InnoDB: Starting crash recovery from checkpoint LSN=17246557
2025-03-10 15:46:56 0 [ERROR] InnoDB: Operating system error number 3 in a file operation.
2025-03-10 15:46:56 0 [ERROR] InnoDB: The error means the system cannot find the path specified.
2025-03-10 15:46:56 0 [ERROR] InnoDB: If you are installing InnoDB, remember that you must create directories yourself, InnoDB does not create them.
2025-03-10 15:46:56 0 [ERROR] InnoDB: Cannot open datafile for read-only: '.\phpmyadmin\pma__bookmark.ibd' OS error: 203
2025-03-10 15:46:56 0 [ERROR] InnoDB: Operating system error number 203 in a file operation.
2025-03-10 15:46:56 0 [Note] InnoDB: Some operating system error numbers are described at https://mariadb.com/kb/en/library/operating-system-error-codes/
2025-03-10 15:46:56 0 [ERROR] InnoDB: Could not find a valid tablespace file for ``phpmyadmin`.`pma__bookmark``. Please refer to https://mariadb.com/kb/en/innodb-data-dictionary-troubleshooting/ for how to resolve the issue.
2025-03-10 15:46:56 0 [Warning] InnoDB: Ignoring tablespace for `phpmyadmin`.`pma__bookmark` because it could not be opened.
2025-03-10 15:46:56 0 [ERROR] InnoDB: Operating system error number 3 in a file operation.
2025-03-10 15:46:56 0 [ERROR] InnoDB: The error means the system cannot find the path specified.
2025-03-10 15:46:56 0 [ERROR] InnoDB: If you are installing InnoDB, remember that you must create directories yourself, InnoDB does not create them.
2025-03-10 15:46:56 0 [ERROR] InnoDB: Cannot open datafile for read-only: '.\phpmyadmin\pma__central_columns.ibd' OS error: 203
2025-03-10 15:46:56 0 [ERROR] InnoDB: Operating system error number 203 in a file operation.
2025-03-10 15:46:56 0 [Note] InnoDB: Some operating system error numbers are described at https://mariadb.com/kb/en/library/operating-system-error-codes/
2025-03-10 15:46:56 0 [ERROR] InnoDB: Could not find a valid tablespace file for ``phpmyadmin`.`pma__central_columns``. Please refer to https://mariadb.com/kb/en/innodb-data-dictionary-troubleshooting/ for how to resolve the issue.
2025-03-10 15:46:56 0 [Warning] InnoDB: Ignoring tablespace for `phpmyadmin`.`pma__central_columns` because it could not be opened.
2025-03-10 15:46:56 0 [ERROR] InnoDB: Operating system error number 3 in a file operation.
2025-03-10 15:46:56 0 [ERROR] InnoDB: The error means the system cannot find the path specified.
2025-03-10 15:46:56 0 [ERROR] InnoDB: If you are installing InnoDB, remember that you must create directories yourself, InnoDB does not create them.
2025-03-10 15:46:56 0 [ERROR] InnoDB: Cannot open datafile for read-only: '.\phpmyadmin\pma__column_info.ibd' OS error: 203
2025-03-10 15:46:56 0 [ERROR] InnoDB: Operating system error number 203 in a file operation.
2025-03-10 15:46:56 0 [Note] InnoDB: Some operating system error numbers are described at https://mariadb.com/kb/en/library/operating-system-error-codes/
2025-03-10 15:46:56 0 [ERROR] InnoDB: Could not find a valid tablespace file for ``phpmyadmin`.`pma__column_info``. Please refer to https://mariadb.com/kb/en/innodb-data-dictionary-troubleshooting/ for how to resolve the issue.
2025-03-10 15:46:56 0 [Warning] InnoDB: Ignoring tablespace for `phpmyadmin`.`pma__column_info` because it could not be opened.
2025-03-10 15:46:56 0 [ERROR] InnoDB: Operating system error number 3 in a file operation.
2025-03-10 15:46:56 0 [ERROR] InnoDB: The error means the system cannot find the path specified.
2025-03-10 15:46:56 0 [ERROR] InnoDB: If you are installing InnoDB, remember that you must create directories yourself, InnoDB does not create them.
2025-03-10 15:46:56 0 [ERROR] InnoDB: Cannot open datafile for read-only: '.\phpmyadmin\pma__designer_settings.ibd' OS error: 203
2025-03-10 15:46:56 0 [ERROR] InnoDB: Operating system error number 203 in a file operation.
2025-03-10 15:46:56 0 [Note] InnoDB: Some operating system error numbers are described at https://mariadb.com/kb/en/library/operating-system-error-codes/
2025-03-10 15:46:56 0 [ERROR] InnoDB: Could not find a valid tablespace file for ``phpmyadmin`.`pma__designer_settings``. Please refer to https://mariadb.com/kb/en/innodb-data-dictionary-troubleshooting/ for how to resolve the issue.
2025-03-10 15:46:56 0 [Warning] InnoDB: Ignoring tablespace for `phpmyadmin`.`pma__designer_settings` because it could not be opened.
2025-03-10 15:46:56 0 [ERROR] InnoDB: Operating system error number 3 in a file operation.
2025-03-10 15:46:56 0 [ERROR] InnoDB: The error means the system cannot find the path specified.
2025-03-10 15:46:56 0 [ERROR] InnoDB: If you are installing InnoDB, remember that you must create directories yourself, InnoDB does not create them.
2025-03-10 15:46:56 0 [ERROR] InnoDB: Cannot open datafile for read-only: '.\phpmyadmin\pma__export_templates.ibd' OS error: 203
2025-03-10 15:46:56 0 [ERROR] InnoDB: Operating system error number 203 in a file operation.
2025-03-10 15:46:56 0 [Note] InnoDB: Some operating system error numbers are described at https://mariadb.com/kb/en/library/operating-system-error-codes/
2025-03-10 15:46:56 0 [ERROR] InnoDB: Could not find a valid tablespace file for ``phpmyadmin`.`pma__export_templates``. Please refer to https://mariadb.com/kb/en/innodb-data-dictionary-troubleshooting/ for how to resolve the issue.
2025-03-10 15:46:56 0 [Warning] InnoDB: Ignoring tablespace for `phpmyadmin`.`pma__export_templates` because it could not be opened.
2025-03-10 15:46:56 0 [ERROR] InnoDB: Operating system error number 3 in a file operation.
2025-03-10 15:46:56 0 [ERROR] InnoDB: The error means the system cannot find the path specified.
2025-03-10 15:46:56 0 [ERROR] InnoDB: If you are installing InnoDB, remember that you must create directories yourself, InnoDB does not create them.
2025-03-10 15:46:56 0 [ERROR] InnoDB: Cannot open datafile for read-only: '.\phpmyadmin\pma__favorite.ibd' OS error: 203
2025-03-10 15:46:56 0 [ERROR] InnoDB: Operating system error number 203 in a file operation.
2025-03-10 15:46:56 0 [Note] InnoDB: Some operating system error numbers are described at https://mariadb.com/kb/en/library/operating-system-error-codes/
2025-03-10 15:46:56 0 [ERROR] InnoDB: Could not find a valid tablespace file for ``phpmyadmin`.`pma__favorite``. Please refer to https://mariadb.com/kb/en/innodb-data-dictionary-troubleshooting/ for how to resolve the issue.
2025-03-10 15:46:56 0 [Warning] InnoDB: Ignoring tablespace for `phpmyadmin`.`pma__favorite` because it could not be opened.
2025-03-10 15:46:56 0 [ERROR] InnoDB: Operating system error number 3 in a file operation.
2025-03-10 15:46:56 0 [ERROR] InnoDB: The error means the system cannot find the path specified.
2025-03-10 15:46:56 0 [ERROR] InnoDB: If you are installing InnoDB, remember that you must create directories yourself, InnoDB does not create them.
2025-03-10 15:46:56 0 [ERROR] InnoDB: Cannot open datafile for read-only: '.\phpmyadmin\pma__history.ibd' OS error: 203
2025-03-10 15:46:56 0 [ERROR] InnoDB: Operating system error number 203 in a file operation.
2025-03-10 15:46:56 0 [Note] InnoDB: Some operating system error numbers are described at https://mariadb.com/kb/en/library/operating-system-error-codes/
2025-03-10 15:46:56 0 [ERROR] InnoDB: Could not find a valid tablespace file for ``phpmyadmin`.`pma__history``. Please refer to https://mariadb.com/kb/en/innodb-data-dictionary-troubleshooting/ for how to resolve the issue.
2025-03-10 15:46:56 0 [Warning] InnoDB: Ignoring tablespace for `phpmyadmin`.`pma__history` because it could not be opened.
2025-03-10 15:46:56 0 [ERROR] InnoDB: Operating system error number 3 in a file operation.
2025-03-10 15:46:56 0 [ERROR] InnoDB: The error means the system cannot find the path specified.
2025-03-10 15:46:56 0 [ERROR] InnoDB: If you are installing InnoDB, remember that you must create directories yourself, InnoDB does not create them.
2025-03-10 15:46:56 0 [ERROR] InnoDB: Cannot open datafile for read-only: '.\phpmyadmin\pma__navigationhiding.ibd' OS error: 203
2025-03-10 15:46:56 0 [ERROR] InnoDB: Operating system error number 203 in a file operation.
2025-03-10 15:46:56 0 [Note] InnoDB: Some operating system error numbers are described at https://mariadb.com/kb/en/library/operating-system-error-codes/
2025-03-10 15:46:56 0 [ERROR] InnoDB: Could not find a valid tablespace file for ``phpmyadmin`.`pma__navigationhiding``. Please refer to https://mariadb.com/kb/en/innodb-data-dictionary-troubleshooting/ for how to resolve the issue.
2025-03-10 15:46:56 0 [Warning] InnoDB: Ignoring tablespace for `phpmyadmin`.`pma__navigationhiding` because it could not be opened.
2025-03-10 15:46:56 0 [ERROR] InnoDB: Operating system error number 3 in a file operation.
2025-03-10 15:46:56 0 [ERROR] InnoDB: The error means the system cannot find the path specified.
2025-03-10 15:46:56 0 [ERROR] InnoDB: If you are installing InnoDB, remember that you must create directories yourself, InnoDB does not create them.
2025-03-10 15:46:56 0 [ERROR] InnoDB: Cannot open datafile for read-only: '.\phpmyadmin\pma__pdf_pages.ibd' OS error: 203
2025-03-10 15:46:56 0 [ERROR] InnoDB: Operating system error number 203 in a file operation.
2025-03-10 15:46:56 0 [Note] InnoDB: Some operating system error numbers are described at https://mariadb.com/kb/en/library/operating-system-error-codes/
2025-03-10 15:46:56 0 [ERROR] InnoDB: Could not find a valid tablespace file for ``phpmyadmin`.`pma__pdf_pages``. Please refer to https://mariadb.com/kb/en/innodb-data-dictionary-troubleshooting/ for how to resolve the issue.
2025-03-10 15:46:56 0 [Warning] InnoDB: Ignoring tablespace for `phpmyadmin`.`pma__pdf_pages` because it could not be opened.
2025-03-10 15:46:56 0 [ERROR] InnoDB: Operating system error number 3 in a file operation.
2025-03-10 15:46:56 0 [ERROR] InnoDB: The error means the system cannot find the path specified.
2025-03-10 15:46:56 0 [ERROR] InnoDB: If you are installing InnoDB, remember that you must create directories yourself, InnoDB does not create them.
2025-03-10 15:46:56 0 [ERROR] InnoDB: Cannot open datafile for read-only: '.\phpmyadmin\pma__recent.ibd' OS error: 203
2025-03-10 15:46:56 0 [ERROR] InnoDB: Operating system error number 203 in a file operation.
2025-03-10 15:46:56 0 [Note] InnoDB: Some operating system error numbers are described at https://mariadb.com/kb/en/library/operating-system-error-codes/
2025-03-10 15:46:56 0 [ERROR] InnoDB: Could not find a valid tablespace file for ``phpmyadmin`.`pma__recent``. Please refer to https://mariadb.com/kb/en/innodb-data-dictionary-troubleshooting/ for how to resolve the issue.
2025-03-10 15:46:56 0 [Warning] InnoDB: Ignoring tablespace for `phpmyadmin`.`pma__recent` because it could not be opened.
2025-03-10 15:46:56 0 [ERROR] InnoDB: Operating system error number 3 in a file operation.
2025-03-10 15:46:56 0 [ERROR] InnoDB: The error means the system cannot find the path specified.
2025-03-10 15:46:56 0 [ERROR] InnoDB: If you are installing InnoDB, remember that you must create directories yourself, InnoDB does not create them.
2025-03-10 15:46:56 0 [ERROR] InnoDB: Cannot open datafile for read-only: '.\phpmyadmin\pma__relation.ibd' OS error: 203
2025-03-10 15:46:56 0 [ERROR] InnoDB: Operating system error number 203 in a file operation.
2025-03-10 15:46:56 0 [Note] InnoDB: Some operating system error numbers are described at https://mariadb.com/kb/en/library/operating-system-error-codes/
2025-03-10 15:46:56 0 [ERROR] InnoDB: Could not find a valid tablespace file for ``phpmyadmin`.`pma__relation``. Please refer to https://mariadb.com/kb/en/innodb-data-dictionary-troubleshooting/ for how to resolve the issue.
2025-03-10 15:46:56 0 [Warning] InnoDB: Ignoring tablespace for `phpmyadmin`.`pma__relation` because it could not be opened.
2025-03-10 15:46:56 0 [ERROR] InnoDB: Operating system error number 3 in a file operation.
2025-03-10 15:46:56 0 [ERROR] InnoDB: The error means the system cannot find the path specified.
2025-03-10 15:46:56 0 [ERROR] InnoDB: If you are installing InnoDB, remember that you must create directories yourself, InnoDB does not create them.
2025-03-10 15:46:56 0 [ERROR] InnoDB: Cannot open datafile for read-only: '.\phpmyadmin\pma__savedsearches.ibd' OS error: 203
2025-03-10 15:46:56 0 [ERROR] InnoDB: Operating system error number 203 in a file operation.
2025-03-10 15:46:56 0 [Note] InnoDB: Some operating system error numbers are described at https://mariadb.com/kb/en/library/operating-system-error-codes/
2025-03-10 15:46:56 0 [ERROR] InnoDB: Could not find a valid tablespace file for ``phpmyadmin`.`pma__savedsearches``. Please refer to https://mariadb.com/kb/en/innodb-data-dictionary-troubleshooting/ for how to resolve the issue.
2025-03-10 15:46:56 0 [Warning] InnoDB: Ignoring tablespace for `phpmyadmin`.`pma__savedsearches` because it could not be opened.
2025-03-10 15:46:56 0 [ERROR] InnoDB: Operating system error number 3 in a file operation.
2025-03-10 15:46:56 0 [ERROR] InnoDB: The error means the system cannot find the path specified.
2025-03-10 15:46:56 0 [ERROR] InnoDB: If you are installing InnoDB, remember that you must create directories yourself, InnoDB does not create them.
2025-03-10 15:46:56 0 [ERROR] InnoDB: Cannot open datafile for read-only: '.\phpmyadmin\pma__table_coords.ibd' OS error: 203
2025-03-10 15:46:56 0 [ERROR] InnoDB: Operating system error number 203 in a file operation.
2025-03-10 15:46:56 0 [Note] InnoDB: Some operating system error numbers are described at https://mariadb.com/kb/en/library/operating-system-error-codes/
2025-03-10 15:46:56 0 [ERROR] InnoDB: Could not find a valid tablespace file for ``phpmyadmin`.`pma__table_coords``. Please refer to https://mariadb.com/kb/en/innodb-data-dictionary-troubleshooting/ for how to resolve the issue.
2025-03-10 15:46:56 0 [Warning] InnoDB: Ignoring tablespace for `phpmyadmin`.`pma__table_coords` because it could not be opened.
2025-03-10 15:46:56 0 [ERROR] InnoDB: Operating system error number 3 in a file operation.
2025-03-10 15:46:56 0 [ERROR] InnoDB: The error means the system cannot find the path specified.
2025-03-10 15:46:56 0 [ERROR] InnoDB: If you are installing InnoDB, remember that you must create directories yourself, InnoDB does not create them.
2025-03-10 15:46:56 0 [ERROR] InnoDB: Cannot open datafile for read-only: '.\phpmyadmin\pma__table_info.ibd' OS error: 203
2025-03-10 15:46:56 0 [ERROR] InnoDB: Operating system error number 203 in a file operation.
2025-03-10 15:46:56 0 [Note] InnoDB: Some operating system error numbers are described at https://mariadb.com/kb/en/library/operating-system-error-codes/
2025-03-10 15:46:56 0 [ERROR] InnoDB: Could not find a valid tablespace file for ``phpmyadmin`.`pma__table_info``. Please refer to https://mariadb.com/kb/en/innodb-data-dictionary-troubleshooting/ for how to resolve the issue.
2025-03-10 15:46:56 0 [Warning] InnoDB: Ignoring tablespace for `phpmyadmin`.`pma__table_info` because it could not be opened.
2025-03-10 15:46:56 0 [ERROR] InnoDB: Operating system error number 3 in a file operation.
2025-03-10 15:46:56 0 [ERROR] InnoDB: The error means the system cannot find the path specified.
2025-03-10 15:46:56 0 [ERROR] InnoDB: If you are installing InnoDB, remember that you must create directories yourself, InnoDB does not create them.
2025-03-10 15:46:56 0 [ERROR] InnoDB: Cannot open datafile for read-only: '.\phpmyadmin\pma__table_uiprefs.ibd' OS error: 203
2025-03-10 15:46:56 0 [ERROR] InnoDB: Operating system error number 203 in a file operation.
2025-03-10 15:46:56 0 [Note] InnoDB: Some operating system error numbers are described at https://mariadb.com/kb/en/library/operating-system-error-codes/
2025-03-10 15:46:56 0 [ERROR] InnoDB: Could not find a valid tablespace file for ``phpmyadmin`.`pma__table_uiprefs``. Please refer to https://mariadb.com/kb/en/innodb-data-dictionary-troubleshooting/ for how to resolve the issue.
2025-03-10 15:46:56 0 [Warning] InnoDB: Ignoring tablespace for `phpmyadmin`.`pma__table_uiprefs` because it could not be opened.
2025-03-10 15:46:56 0 [ERROR] InnoDB: Operating system error number 3 in a file operation.
2025-03-10 15:46:56 0 [ERROR] InnoDB: The error means the system cannot find the path specified.
2025-03-10 15:46:56 0 [ERROR] InnoDB: If you are installing InnoDB, remember that you must create directories yourself, InnoDB does not create them.
2025-03-10 15:46:56 0 [ERROR] InnoDB: Cannot open datafile for read-only: '.\phpmyadmin\pma__tracking.ibd' OS error: 203
2025-03-10 15:46:56 0 [ERROR] InnoDB: Operating system error number 203 in a file operation.
2025-03-10 15:46:56 0 [Note] InnoDB: Some operating system error numbers are described at https://mariadb.com/kb/en/library/operating-system-error-codes/
2025-03-10 15:46:56 0 [ERROR] InnoDB: Could not find a valid tablespace file for ``phpmyadmin`.`pma__tracking``. Please refer to https://mariadb.com/kb/en/innodb-data-dictionary-troubleshooting/ for how to resolve the issue.
2025-03-10 15:46:56 0 [Warning] InnoDB: Ignoring tablespace for `phpmyadmin`.`pma__tracking` because it could not be opened.
2025-03-10 15:46:56 0 [ERROR] InnoDB: Operating system error number 3 in a file operation.
2025-03-10 15:46:56 0 [ERROR] InnoDB: The error means the system cannot find the path specified.
2025-03-10 15:46:56 0 [ERROR] InnoDB: If you are installing InnoDB, remember that you must create directories yourself, InnoDB does not create them.
2025-03-10 15:46:56 0 [ERROR] InnoDB: Cannot open datafile for read-only: '.\phpmyadmin\pma__userconfig.ibd' OS error: 203
2025-03-10 15:46:56 0 [ERROR] InnoDB: Operating system error number 203 in a file operation.
2025-03-10 15:46:56 0 [Note] InnoDB: Some operating system error numbers are described at https://mariadb.com/kb/en/library/operating-system-error-codes/
2025-03-10 15:46:56 0 [ERROR] InnoDB: Could not find a valid tablespace file for ``phpmyadmin`.`pma__userconfig``. Please refer to https://mariadb.com/kb/en/innodb-data-dictionary-troubleshooting/ for how to resolve the issue.
2025-03-10 15:46:56 0 [Warning] InnoDB: Ignoring tablespace for `phpmyadmin`.`pma__userconfig` because it could not be opened.
2025-03-10 15:46:56 0 [ERROR] InnoDB: Operating system error number 3 in a file operation.
2025-03-10 15:46:56 0 [ERROR] InnoDB: The error means the system cannot find the path specified.
2025-03-10 15:46:56 0 [ERROR] InnoDB: If you are installing InnoDB, remember that you must create directories yourself, InnoDB does not create them.
2025-03-10 15:46:56 0 [ERROR] InnoDB: Cannot open datafile for read-only: '.\phpmyadmin\pma__usergroups.ibd' OS error: 203
2025-03-10 15:46:56 0 [ERROR] InnoDB: Operating system error number 203 in a file operation.
2025-03-10 15:46:56 0 [Note] InnoDB: Some operating system error numbers are described at https://mariadb.com/kb/en/library/operating-system-error-codes/
2025-03-10 15:46:56 0 [ERROR] InnoDB: Could not find a valid tablespace file for ``phpmyadmin`.`pma__usergroups``. Please refer to https://mariadb.com/kb/en/innodb-data-dictionary-troubleshooting/ for how to resolve the issue.
2025-03-10 15:46:56 0 [Warning] InnoDB: Ignoring tablespace for `phpmyadmin`.`pma__usergroups` because it could not be opened.
2025-03-10 15:46:56 0 [ERROR] InnoDB: Operating system error number 3 in a file operation.
2025-03-10 15:46:56 0 [ERROR] InnoDB: The error means the system cannot find the path specified.
2025-03-10 15:46:56 0 [ERROR] InnoDB: If you are installing InnoDB, remember that you must create directories yourself, InnoDB does not create them.
2025-03-10 15:46:56 0 [ERROR] InnoDB: Cannot open datafile for read-only: '.\phpmyadmin\pma__users.ibd' OS error: 203
2025-03-10 15:46:56 0 [ERROR] InnoDB: Operating system error number 203 in a file operation.
2025-03-10 15:46:56 0 [Note] InnoDB: Some operating system error numbers are described at https://mariadb.com/kb/en/library/operating-system-error-codes/
2025-03-10 15:46:56 0 [ERROR] InnoDB: Could not find a valid tablespace file for ``phpmyadmin`.`pma__users``. Please refer to https://mariadb.com/kb/en/innodb-data-dictionary-troubleshooting/ for how to resolve the issue.
2025-03-10 15:46:56 0 [Warning] InnoDB: Ignoring tablespace for `phpmyadmin`.`pma__users` because it could not be opened.
2025-03-10 15:46:56 0 [Note] InnoDB: 128 out of 128 rollback segments are active.
2025-03-10 15:46:56 0 [Note] InnoDB: Removed temporary tablespace data file: "ibtmp1"
2025-03-10 15:46:56 0 [Note] InnoDB: Creating shared tablespace for temporary tables
2025-03-10 15:46:56 0 [Note] InnoDB: Setting file 'C:\Users\Zedric Berwin\Desktop\OJT files\repository\ojt\server\mysql\data\ibtmp1' size to 12 MB. Physically writing the file full; Please wait ...
2025-03-10 15:46:56 0 [Note] InnoDB: File 'C:\Users\Zedric Berwin\Desktop\OJT files\repository\ojt\server\mysql\data\ibtmp1' size is now 12 MB.
2025-03-10 15:46:56 0 [Note] InnoDB: Waiting for purge to start
2025-03-10 15:46:56 3 [ERROR] InnoDB: Page [page id: space=63, page number=3] log sequence number 17273953 is in the future! Current system log sequence number 17246575.
2025-03-10 15:46:56 3 [ERROR] InnoDB: Your database may be corrupt or you may have copied the InnoDB tablespace but not the InnoDB log files. Please refer to https://mariadb.com/kb/en/library/innodb-recovery-modes/ for information about forcing recovery.
2025-03-10 15:46:56 3 [ERROR] InnoDB: Page [page id: space=63, page number=1] log sequence number 17273828 is in the future! Current system log sequence number 17246575.
2025-03-10 15:46:56 3 [ERROR] InnoDB: Your database may be corrupt or you may have copied the InnoDB tablespace but not the InnoDB log files. Please refer to https://mariadb.com/kb/en/library/innodb-recovery-modes/ for information about forcing recovery.
2025-03-10 15:46:56 3 [ERROR] InnoDB: Page [page id: space=63, page number=7] log sequence number 17273933 is in the future! Current system log sequence number 17246575.
2025-03-10 15:46:56 3 [ERROR] InnoDB: Your database may be corrupt or you may have copied the InnoDB tablespace but not the InnoDB log files. Please refer to https://mariadb.com/kb/en/library/innodb-recovery-modes/ for information about forcing recovery.
2025-03-10 15:46:56 0 [Note] InnoDB: 10.4.28 started; log sequence number 17246566; transaction id 33113
2025-03-10 15:46:56 0 [Note] InnoDB: Loading buffer pool(s) from C:\Users\Zedric Berwin\Desktop\OJT files\repository\ojt\server\mysql\data\ib_buffer_pool
2025-03-10 15:46:56 0 [Note] Plugin 'FEEDBACK' is disabled.
2025-03-10 15:46:56 0 [Note] Server socket created on IP: '::'.
2025-03-10 15:46:56 0 [Note] InnoDB: Buffer pool(s) load completed at 250310 15:46:56
2025-03-10 15:46:56 0 [Note] Reading of all Master_info entries succeeded
2025-03-10 15:46:56 0 [Note] Added new Master_info '' to hash table
2025-03-10 15:46:56 0 [Note] mysql\bin\mysqld.exe: ready for connections.
Version: '10.4.28-MariaDB'  socket: ''  port: 3306  mariadb.org binary distribution
2025-03-10 15:47:10 9 [ERROR] InnoDB: Page [page id: space=64, page number=3] log sequence number 17273494 is in the future! Current system log sequence number 17247678.
2025-03-10 15:47:10 9 [ERROR] InnoDB: Your database may be corrupt or you may have copied the InnoDB tablespace but not the InnoDB log files. Please refer to https://mariadb.com/kb/en/library/innodb-recovery-modes/ for information about forcing recovery.
2025-03-10 15:47:10 9 [ERROR] InnoDB: Page [page id: space=64, page number=1] log sequence number 17273385 is in the future! Current system log sequence number 17247678.
2025-03-10 15:47:10 9 [ERROR] InnoDB: Your database may be corrupt or you may have copied the InnoDB tablespace but not the InnoDB log files. Please refer to https://mariadb.com/kb/en/library/innodb-recovery-modes/ for information about forcing recovery.
2025-03-10 15:47:27 13 [ERROR] InnoDB: Page [page id: space=64, page number=11] log sequence number 17273474 is in the future! Current system log sequence number 17251427.
2025-03-10 15:47:27 13 [ERROR] InnoDB: Your database may be corrupt or you may have copied the InnoDB tablespace but not the InnoDB log files. Please refer to https://mariadb.com/kb/en/library/innodb-recovery-modes/ for information about forcing recovery.
2025-03-11  8:39:36 0 [Note] Starting MariaDB 10.4.28-MariaDB source revision c8f2e9a5c0ac5905f28b050b7df5a9ffd914b7e7 as process 11736
2025-03-11  8:39:36 0 [Note] InnoDB: Mutexes and rw_locks use Windows interlocked functions
2025-03-11  8:39:36 0 [Note] InnoDB: Uses event mutexes
2025-03-11  8:39:36 0 [Note] InnoDB: Compressed tables use zlib 1.2.12
2025-03-11  8:39:36 0 [Note] InnoDB: Number of pools: 1
2025-03-11  8:39:36 0 [Note] InnoDB: Using SSE2 crc32 instructions
2025-03-11  8:39:36 0 [Note] InnoDB: Initializing buffer pool, total size = 256M, instances = 1, chunk size = 128M
2025-03-11  8:39:36 0 [Note] InnoDB: Completed initialization of buffer pool
2025-03-11  8:39:36 0 [Note] InnoDB: Starting crash recovery from checkpoint LSN=17464846
2025-03-11  8:39:37 0 [ERROR] InnoDB: Operating system error number 3 in a file operation.
2025-03-11  8:39:37 0 [ERROR] InnoDB: The error means the system cannot find the path specified.
2025-03-11  8:39:37 0 [ERROR] InnoDB: If you are installing InnoDB, remember that you must create directories yourself, InnoDB does not create them.
2025-03-11  8:39:37 0 [ERROR] InnoDB: Cannot open datafile for read-only: '.\phpmyadmin\pma__bookmark.ibd' OS error: 203
2025-03-11  8:39:37 0 [ERROR] InnoDB: Operating system error number 203 in a file operation.
2025-03-11  8:39:37 0 [Note] InnoDB: Some operating system error numbers are described at https://mariadb.com/kb/en/library/operating-system-error-codes/
2025-03-11  8:39:37 0 [ERROR] InnoDB: Could not find a valid tablespace file for ``phpmyadmin`.`pma__bookmark``. Please refer to https://mariadb.com/kb/en/innodb-data-dictionary-troubleshooting/ for how to resolve the issue.
2025-03-11  8:39:37 0 [Warning] InnoDB: Ignoring tablespace for `phpmyadmin`.`pma__bookmark` because it could not be opened.
2025-03-11  8:39:37 0 [ERROR] InnoDB: Operating system error number 3 in a file operation.
2025-03-11  8:39:37 0 [ERROR] InnoDB: The error means the system cannot find the path specified.
2025-03-11  8:39:37 0 [ERROR] InnoDB: If you are installing InnoDB, remember that you must create directories yourself, InnoDB does not create them.
2025-03-11  8:39:37 0 [ERROR] InnoDB: Cannot open datafile for read-only: '.\phpmyadmin\pma__central_columns.ibd' OS error: 203
2025-03-11  8:39:37 0 [ERROR] InnoDB: Operating system error number 203 in a file operation.
2025-03-11  8:39:37 0 [Note] InnoDB: Some operating system error numbers are described at https://mariadb.com/kb/en/library/operating-system-error-codes/
2025-03-11  8:39:37 0 [ERROR] InnoDB: Could not find a valid tablespace file for ``phpmyadmin`.`pma__central_columns``. Please refer to https://mariadb.com/kb/en/innodb-data-dictionary-troubleshooting/ for how to resolve the issue.
2025-03-11  8:39:37 0 [Warning] InnoDB: Ignoring tablespace for `phpmyadmin`.`pma__central_columns` because it could not be opened.
2025-03-11  8:39:37 0 [ERROR] InnoDB: Operating system error number 3 in a file operation.
2025-03-11  8:39:37 0 [ERROR] InnoDB: The error means the system cannot find the path specified.
2025-03-11  8:39:37 0 [ERROR] InnoDB: If you are installing InnoDB, remember that you must create directories yourself, InnoDB does not create them.
2025-03-11  8:39:37 0 [ERROR] InnoDB: Cannot open datafile for read-only: '.\phpmyadmin\pma__column_info.ibd' OS error: 203
2025-03-11  8:39:37 0 [ERROR] InnoDB: Operating system error number 203 in a file operation.
2025-03-11  8:39:37 0 [Note] InnoDB: Some operating system error numbers are described at https://mariadb.com/kb/en/library/operating-system-error-codes/
2025-03-11  8:39:37 0 [ERROR] InnoDB: Could not find a valid tablespace file for ``phpmyadmin`.`pma__column_info``. Please refer to https://mariadb.com/kb/en/innodb-data-dictionary-troubleshooting/ for how to resolve the issue.
2025-03-11  8:39:37 0 [Warning] InnoDB: Ignoring tablespace for `phpmyadmin`.`pma__column_info` because it could not be opened.
2025-03-11  8:39:37 0 [ERROR] InnoDB: Operating system error number 3 in a file operation.
2025-03-11  8:39:37 0 [ERROR] InnoDB: The error means the system cannot find the path specified.
2025-03-11  8:39:37 0 [ERROR] InnoDB: If you are installing InnoDB, remember that you must create directories yourself, InnoDB does not create them.
2025-03-11  8:39:37 0 [ERROR] InnoDB: Cannot open datafile for read-only: '.\phpmyadmin\pma__designer_settings.ibd' OS error: 203
2025-03-11  8:39:37 0 [ERROR] InnoDB: Operating system error number 203 in a file operation.
2025-03-11  8:39:37 0 [Note] InnoDB: Some operating system error numbers are described at https://mariadb.com/kb/en/library/operating-system-error-codes/
2025-03-11  8:39:37 0 [ERROR] InnoDB: Could not find a valid tablespace file for ``phpmyadmin`.`pma__designer_settings``. Please refer to https://mariadb.com/kb/en/innodb-data-dictionary-troubleshooting/ for how to resolve the issue.
2025-03-11  8:39:37 0 [Warning] InnoDB: Ignoring tablespace for `phpmyadmin`.`pma__designer_settings` because it could not be opened.
2025-03-11  8:39:37 0 [ERROR] InnoDB: Operating system error number 3 in a file operation.
2025-03-11  8:39:37 0 [ERROR] InnoDB: The error means the system cannot find the path specified.
2025-03-11  8:39:37 0 [ERROR] InnoDB: If you are installing InnoDB, remember that you must create directories yourself, InnoDB does not create them.
2025-03-11  8:39:37 0 [ERROR] InnoDB: Cannot open datafile for read-only: '.\phpmyadmin\pma__export_templates.ibd' OS error: 203
2025-03-11  8:39:37 0 [ERROR] InnoDB: Operating system error number 203 in a file operation.
2025-03-11  8:39:37 0 [Note] InnoDB: Some operating system error numbers are described at https://mariadb.com/kb/en/library/operating-system-error-codes/
2025-03-11  8:39:37 0 [ERROR] InnoDB: Could not find a valid tablespace file for ``phpmyadmin`.`pma__export_templates``. Please refer to https://mariadb.com/kb/en/innodb-data-dictionary-troubleshooting/ for how to resolve the issue.
2025-03-11  8:39:37 0 [Warning] InnoDB: Ignoring tablespace for `phpmyadmin`.`pma__export_templates` because it could not be opened.
2025-03-11  8:39:37 0 [ERROR] InnoDB: Operating system error number 3 in a file operation.
2025-03-11  8:39:37 0 [ERROR] InnoDB: The error means the system cannot find the path specified.
2025-03-11  8:39:37 0 [ERROR] InnoDB: If you are installing InnoDB, remember that you must create directories yourself, InnoDB does not create them.
2025-03-11  8:39:37 0 [ERROR] InnoDB: Cannot open datafile for read-only: '.\phpmyadmin\pma__favorite.ibd' OS error: 203
2025-03-11  8:39:37 0 [ERROR] InnoDB: Operating system error number 203 in a file operation.
2025-03-11  8:39:37 0 [Note] InnoDB: Some operating system error numbers are described at https://mariadb.com/kb/en/library/operating-system-error-codes/
2025-03-11  8:39:37 0 [ERROR] InnoDB: Could not find a valid tablespace file for ``phpmyadmin`.`pma__favorite``. Please refer to https://mariadb.com/kb/en/innodb-data-dictionary-troubleshooting/ for how to resolve the issue.
2025-03-11  8:39:37 0 [Warning] InnoDB: Ignoring tablespace for `phpmyadmin`.`pma__favorite` because it could not be opened.
2025-03-11  8:39:37 0 [ERROR] InnoDB: Operating system error number 3 in a file operation.
2025-03-11  8:39:37 0 [ERROR] InnoDB: The error means the system cannot find the path specified.
2025-03-11  8:39:37 0 [ERROR] InnoDB: If you are installing InnoDB, remember that you must create directories yourself, InnoDB does not create them.
2025-03-11  8:39:37 0 [ERROR] InnoDB: Cannot open datafile for read-only: '.\phpmyadmin\pma__history.ibd' OS error: 203
2025-03-11  8:39:37 0 [ERROR] InnoDB: Operating system error number 203 in a file operation.
2025-03-11  8:39:37 0 [Note] InnoDB: Some operating system error numbers are described at https://mariadb.com/kb/en/library/operating-system-error-codes/
2025-03-11  8:39:37 0 [ERROR] InnoDB: Could not find a valid tablespace file for ``phpmyadmin`.`pma__history``. Please refer to https://mariadb.com/kb/en/innodb-data-dictionary-troubleshooting/ for how to resolve the issue.
2025-03-11  8:39:37 0 [Warning] InnoDB: Ignoring tablespace for `phpmyadmin`.`pma__history` because it could not be opened.
2025-03-11  8:39:37 0 [ERROR] InnoDB: Operating system error number 3 in a file operation.
2025-03-11  8:39:37 0 [ERROR] InnoDB: The error means the system cannot find the path specified.
2025-03-11  8:39:37 0 [ERROR] InnoDB: If you are installing InnoDB, remember that you must create directories yourself, InnoDB does not create them.
2025-03-11  8:39:37 0 [ERROR] InnoDB: Cannot open datafile for read-only: '.\phpmyadmin\pma__navigationhiding.ibd' OS error: 203
2025-03-11  8:39:37 0 [ERROR] InnoDB: Operating system error number 203 in a file operation.
2025-03-11  8:39:37 0 [Note] InnoDB: Some operating system error numbers are described at https://mariadb.com/kb/en/library/operating-system-error-codes/
2025-03-11  8:39:37 0 [ERROR] InnoDB: Could not find a valid tablespace file for ``phpmyadmin`.`pma__navigationhiding``. Please refer to https://mariadb.com/kb/en/innodb-data-dictionary-troubleshooting/ for how to resolve the issue.
2025-03-11  8:39:37 0 [Warning] InnoDB: Ignoring tablespace for `phpmyadmin`.`pma__navigationhiding` because it could not be opened.
2025-03-11  8:39:37 0 [ERROR] InnoDB: Operating system error number 3 in a file operation.
2025-03-11  8:39:37 0 [ERROR] InnoDB: The error means the system cannot find the path specified.
2025-03-11  8:39:37 0 [ERROR] InnoDB: If you are installing InnoDB, remember that you must create directories yourself, InnoDB does not create them.
2025-03-11  8:39:37 0 [ERROR] InnoDB: Cannot open datafile for read-only: '.\phpmyadmin\pma__pdf_pages.ibd' OS error: 203
2025-03-11  8:39:37 0 [ERROR] InnoDB: Operating system error number 203 in a file operation.
2025-03-11  8:39:37 0 [Note] InnoDB: Some operating system error numbers are described at https://mariadb.com/kb/en/library/operating-system-error-codes/
2025-03-11  8:39:37 0 [ERROR] InnoDB: Could not find a valid tablespace file for ``phpmyadmin`.`pma__pdf_pages``. Please refer to https://mariadb.com/kb/en/innodb-data-dictionary-troubleshooting/ for how to resolve the issue.
2025-03-11  8:39:37 0 [Warning] InnoDB: Ignoring tablespace for `phpmyadmin`.`pma__pdf_pages` because it could not be opened.
2025-03-11  8:39:37 0 [ERROR] InnoDB: Operating system error number 3 in a file operation.
2025-03-11  8:39:37 0 [ERROR] InnoDB: The error means the system cannot find the path specified.
2025-03-11  8:39:37 0 [ERROR] InnoDB: If you are installing InnoDB, remember that you must create directories yourself, InnoDB does not create them.
2025-03-11  8:39:37 0 [ERROR] InnoDB: Cannot open datafile for read-only: '.\phpmyadmin\pma__recent.ibd' OS error: 203
2025-03-11  8:39:37 0 [ERROR] InnoDB: Operating system error number 203 in a file operation.
2025-03-11  8:39:37 0 [Note] InnoDB: Some operating system error numbers are described at https://mariadb.com/kb/en/library/operating-system-error-codes/
2025-03-11  8:39:37 0 [ERROR] InnoDB: Could not find a valid tablespace file for ``phpmyadmin`.`pma__recent``. Please refer to https://mariadb.com/kb/en/innodb-data-dictionary-troubleshooting/ for how to resolve the issue.
2025-03-11  8:39:37 0 [Warning] InnoDB: Ignoring tablespace for `phpmyadmin`.`pma__recent` because it could not be opened.
2025-03-11  8:39:37 0 [ERROR] InnoDB: Operating system error number 3 in a file operation.
2025-03-11  8:39:37 0 [ERROR] InnoDB: The error means the system cannot find the path specified.
2025-03-11  8:39:37 0 [ERROR] InnoDB: If you are installing InnoDB, remember that you must create directories yourself, InnoDB does not create them.
2025-03-11  8:39:37 0 [ERROR] InnoDB: Cannot open datafile for read-only: '.\phpmyadmin\pma__relation.ibd' OS error: 203
2025-03-11  8:39:37 0 [ERROR] InnoDB: Operating system error number 203 in a file operation.
2025-03-11  8:39:37 0 [Note] InnoDB: Some operating system error numbers are described at https://mariadb.com/kb/en/library/operating-system-error-codes/
2025-03-11  8:39:37 0 [ERROR] InnoDB: Could not find a valid tablespace file for ``phpmyadmin`.`pma__relation``. Please refer to https://mariadb.com/kb/en/innodb-data-dictionary-troubleshooting/ for how to resolve the issue.
2025-03-11  8:39:37 0 [Warning] InnoDB: Ignoring tablespace for `phpmyadmin`.`pma__relation` because it could not be opened.
2025-03-11  8:39:37 0 [ERROR] InnoDB: Operating system error number 3 in a file operation.
2025-03-11  8:39:37 0 [ERROR] InnoDB: The error means the system cannot find the path specified.
2025-03-11  8:39:37 0 [ERROR] InnoDB: If you are installing InnoDB, remember that you must create directories yourself, InnoDB does not create them.
2025-03-11  8:39:37 0 [ERROR] InnoDB: Cannot open datafile for read-only: '.\phpmyadmin\pma__savedsearches.ibd' OS error: 203
2025-03-11  8:39:37 0 [ERROR] InnoDB: Operating system error number 203 in a file operation.
2025-03-11  8:39:37 0 [Note] InnoDB: Some operating system error numbers are described at https://mariadb.com/kb/en/library/operating-system-error-codes/
2025-03-11  8:39:37 0 [ERROR] InnoDB: Could not find a valid tablespace file for ``phpmyadmin`.`pma__savedsearches``. Please refer to https://mariadb.com/kb/en/innodb-data-dictionary-troubleshooting/ for how to resolve the issue.
2025-03-11  8:39:37 0 [Warning] InnoDB: Ignoring tablespace for `phpmyadmin`.`pma__savedsearches` because it could not be opened.
2025-03-11  8:39:37 0 [ERROR] InnoDB: Operating system error number 3 in a file operation.
2025-03-11  8:39:37 0 [ERROR] InnoDB: The error means the system cannot find the path specified.
2025-03-11  8:39:37 0 [ERROR] InnoDB: If you are installing InnoDB, remember that you must create directories yourself, InnoDB does not create them.
2025-03-11  8:39:37 0 [ERROR] InnoDB: Cannot open datafile for read-only: '.\phpmyadmin\pma__table_coords.ibd' OS error: 203
2025-03-11  8:39:37 0 [ERROR] InnoDB: Operating system error number 203 in a file operation.
2025-03-11  8:39:37 0 [Note] InnoDB: Some operating system error numbers are described at https://mariadb.com/kb/en/library/operating-system-error-codes/
2025-03-11  8:39:37 0 [ERROR] InnoDB: Could not find a valid tablespace file for ``phpmyadmin`.`pma__table_coords``. Please refer to https://mariadb.com/kb/en/innodb-data-dictionary-troubleshooting/ for how to resolve the issue.
2025-03-11  8:39:37 0 [Warning] InnoDB: Ignoring tablespace for `phpmyadmin`.`pma__table_coords` because it could not be opened.
2025-03-11  8:39:37 0 [ERROR] InnoDB: Operating system error number 3 in a file operation.
2025-03-11  8:39:37 0 [ERROR] InnoDB: The error means the system cannot find the path specified.
2025-03-11  8:39:37 0 [ERROR] InnoDB: If you are installing InnoDB, remember that you must create directories yourself, InnoDB does not create them.
2025-03-11  8:39:37 0 [ERROR] InnoDB: Cannot open datafile for read-only: '.\phpmyadmin\pma__table_info.ibd' OS error: 203
2025-03-11  8:39:37 0 [ERROR] InnoDB: Operating system error number 203 in a file operation.
2025-03-11  8:39:37 0 [Note] InnoDB: Some operating system error numbers are described at https://mariadb.com/kb/en/library/operating-system-error-codes/
2025-03-11  8:39:37 0 [ERROR] InnoDB: Could not find a valid tablespace file for ``phpmyadmin`.`pma__table_info``. Please refer to https://mariadb.com/kb/en/innodb-data-dictionary-troubleshooting/ for how to resolve the issue.
2025-03-11  8:39:37 0 [Warning] InnoDB: Ignoring tablespace for `phpmyadmin`.`pma__table_info` because it could not be opened.
2025-03-11  8:39:37 0 [ERROR] InnoDB: Operating system error number 3 in a file operation.
2025-03-11  8:39:37 0 [ERROR] InnoDB: The error means the system cannot find the path specified.
2025-03-11  8:39:37 0 [ERROR] InnoDB: If you are installing InnoDB, remember that you must create directories yourself, InnoDB does not create them.
2025-03-11  8:39:37 0 [ERROR] InnoDB: Cannot open datafile for read-only: '.\phpmyadmin\pma__table_uiprefs.ibd' OS error: 203
2025-03-11  8:39:37 0 [ERROR] InnoDB: Operating system error number 203 in a file operation.
2025-03-11  8:39:37 0 [Note] InnoDB: Some operating system error numbers are described at https://mariadb.com/kb/en/library/operating-system-error-codes/
2025-03-11  8:39:37 0 [ERROR] InnoDB: Could not find a valid tablespace file for ``phpmyadmin`.`pma__table_uiprefs``. Please refer to https://mariadb.com/kb/en/innodb-data-dictionary-troubleshooting/ for how to resolve the issue.
2025-03-11  8:39:37 0 [Warning] InnoDB: Ignoring tablespace for `phpmyadmin`.`pma__table_uiprefs` because it could not be opened.
2025-03-11  8:39:37 0 [ERROR] InnoDB: Operating system error number 3 in a file operation.
2025-03-11  8:39:37 0 [ERROR] InnoDB: The error means the system cannot find the path specified.
2025-03-11  8:39:37 0 [ERROR] InnoDB: If you are installing InnoDB, remember that you must create directories yourself, InnoDB does not create them.
2025-03-11  8:39:37 0 [ERROR] InnoDB: Cannot open datafile for read-only: '.\phpmyadmin\pma__tracking.ibd' OS error: 203
2025-03-11  8:39:37 0 [ERROR] InnoDB: Operating system error number 203 in a file operation.
2025-03-11  8:39:37 0 [Note] InnoDB: Some operating system error numbers are described at https://mariadb.com/kb/en/library/operating-system-error-codes/
2025-03-11  8:39:37 0 [ERROR] InnoDB: Could not find a valid tablespace file for ``phpmyadmin`.`pma__tracking``. Please refer to https://mariadb.com/kb/en/innodb-data-dictionary-troubleshooting/ for how to resolve the issue.
2025-03-11  8:39:37 0 [Warning] InnoDB: Ignoring tablespace for `phpmyadmin`.`pma__tracking` because it could not be opened.
2025-03-11  8:39:37 0 [ERROR] InnoDB: Operating system error number 3 in a file operation.
2025-03-11  8:39:37 0 [ERROR] InnoDB: The error means the system cannot find the path specified.
2025-03-11  8:39:37 0 [ERROR] InnoDB: If you are installing InnoDB, remember that you must create directories yourself, InnoDB does not create them.
2025-03-11  8:39:37 0 [ERROR] InnoDB: Cannot open datafile for read-only: '.\phpmyadmin\pma__userconfig.ibd' OS error: 203
2025-03-11  8:39:37 0 [ERROR] InnoDB: Operating system error number 203 in a file operation.
2025-03-11  8:39:37 0 [Note] InnoDB: Some operating system error numbers are described at https://mariadb.com/kb/en/library/operating-system-error-codes/
2025-03-11  8:39:37 0 [ERROR] InnoDB: Could not find a valid tablespace file for ``phpmyadmin`.`pma__userconfig``. Please refer to https://mariadb.com/kb/en/innodb-data-dictionary-troubleshooting/ for how to resolve the issue.
2025-03-11  8:39:37 0 [Warning] InnoDB: Ignoring tablespace for `phpmyadmin`.`pma__userconfig` because it could not be opened.
2025-03-11  8:39:37 0 [ERROR] InnoDB: Operating system error number 3 in a file operation.
2025-03-11  8:39:37 0 [ERROR] InnoDB: The error means the system cannot find the path specified.
2025-03-11  8:39:37 0 [ERROR] InnoDB: If you are installing InnoDB, remember that you must create directories yourself, InnoDB does not create them.
2025-03-11  8:39:37 0 [ERROR] InnoDB: Cannot open datafile for read-only: '.\phpmyadmin\pma__usergroups.ibd' OS error: 203
2025-03-11  8:39:37 0 [ERROR] InnoDB: Operating system error number 203 in a file operation.
2025-03-11  8:39:37 0 [Note] InnoDB: Some operating system error numbers are described at https://mariadb.com/kb/en/library/operating-system-error-codes/
2025-03-11  8:39:37 0 [ERROR] InnoDB: Could not find a valid tablespace file for ``phpmyadmin`.`pma__usergroups``. Please refer to https://mariadb.com/kb/en/innodb-data-dictionary-troubleshooting/ for how to resolve the issue.
2025-03-11  8:39:37 0 [Warning] InnoDB: Ignoring tablespace for `phpmyadmin`.`pma__usergroups` because it could not be opened.
2025-03-11  8:39:37 0 [ERROR] InnoDB: Operating system error number 3 in a file operation.
2025-03-11  8:39:37 0 [ERROR] InnoDB: The error means the system cannot find the path specified.
2025-03-11  8:39:37 0 [ERROR] InnoDB: If you are installing InnoDB, remember that you must create directories yourself, InnoDB does not create them.
2025-03-11  8:39:37 0 [ERROR] InnoDB: Cannot open datafile for read-only: '.\phpmyadmin\pma__users.ibd' OS error: 203
2025-03-11  8:39:37 0 [ERROR] InnoDB: Operating system error number 203 in a file operation.
2025-03-11  8:39:37 0 [Note] InnoDB: Some operating system error numbers are described at https://mariadb.com/kb/en/library/operating-system-error-codes/
2025-03-11  8:39:37 0 [ERROR] InnoDB: Could not find a valid tablespace file for ``phpmyadmin`.`pma__users``. Please refer to https://mariadb.com/kb/en/innodb-data-dictionary-troubleshooting/ for how to resolve the issue.
2025-03-11  8:39:37 0 [Warning] InnoDB: Ignoring tablespace for `phpmyadmin`.`pma__users` because it could not be opened.
2025-03-11  8:39:37 0 [Note] InnoDB: 128 out of 128 rollback segments are active.
2025-03-11  8:39:37 0 [Note] InnoDB: Removed temporary tablespace data file: "ibtmp1"
2025-03-11  8:39:37 0 [Note] InnoDB: Creating shared tablespace for temporary tables
2025-03-11  8:39:37 0 [Note] InnoDB: Setting file 'C:\Users\Zedric Berwin\Desktop\OJT files\repository\ojt\server\mysql\data\ibtmp1' size to 12 MB. Physically writing the file full; Please wait ...
2025-03-11  8:39:37 0 [Note] InnoDB: File 'C:\Users\Zedric Berwin\Desktop\OJT files\repository\ojt\server\mysql\data\ibtmp1' size is now 12 MB.
2025-03-11  8:39:37 0 [Note] InnoDB: Waiting for purge to start
2025-03-11  8:39:37 0 [Note] InnoDB: 10.4.28 started; log sequence number 17464855; transaction id 33475
2025-03-11  8:39:37 0 [Note] InnoDB: Loading buffer pool(s) from C:\Users\Zedric Berwin\Desktop\OJT files\repository\ojt\server\mysql\data\ib_buffer_pool
2025-03-11  8:39:37 0 [Note] Plugin 'FEEDBACK' is disabled.
2025-03-11  8:39:37 0 [Note] Server socket created on IP: '::'.
2025-03-11  8:39:37 0 [Note] InnoDB: Buffer pool(s) load completed at 250311  8:39:37
2025-03-11  8:39:37 0 [Note] Reading of all Master_info entries succeeded
2025-03-11  8:39:37 0 [Note] Added new Master_info '' to hash table
2025-03-11  8:39:37 0 [Note] mysql\bin\mysqld.exe: ready for connections.
Version: '10.4.28-MariaDB'  socket: ''  port: 3306  mariadb.org binary distribution
2025-03-12  8:47:56 0 [Note] Starting MariaDB 10.4.28-MariaDB source revision c8f2e9a5c0ac5905f28b050b7df5a9ffd914b7e7 as process 16148
2025-03-12  8:47:56 0 [Note] InnoDB: Mutexes and rw_locks use Windows interlocked functions
2025-03-12  8:47:56 0 [Note] InnoDB: Uses event mutexes
2025-03-12  8:47:56 0 [Note] InnoDB: Compressed tables use zlib 1.2.12
2025-03-12  8:47:56 0 [Note] InnoDB: Number of pools: 1
2025-03-12  8:47:56 0 [Note] InnoDB: Using SSE2 crc32 instructions
2025-03-12  8:47:56 0 [Note] InnoDB: Initializing buffer pool, total size = 256M, instances = 1, chunk size = 128M
2025-03-12  8:47:56 0 [Note] InnoDB: Completed initialization of buffer pool
2025-03-12  8:47:56 0 [Note] InnoDB: Starting crash recovery from checkpoint LSN=22529402
2025-03-12  8:47:56 0 [ERROR] InnoDB: Operating system error number 3 in a file operation.
2025-03-12  8:47:56 0 [ERROR] InnoDB: The error means the system cannot find the path specified.
2025-03-12  8:47:56 0 [ERROR] InnoDB: If you are installing InnoDB, remember that you must create directories yourself, InnoDB does not create them.
2025-03-12  8:47:56 0 [ERROR] InnoDB: Cannot open datafile for read-only: '.\phpmyadmin\pma__bookmark.ibd' OS error: 203
2025-03-12  8:47:56 0 [ERROR] InnoDB: Operating system error number 203 in a file operation.
2025-03-12  8:47:56 0 [Note] InnoDB: Some operating system error numbers are described at https://mariadb.com/kb/en/library/operating-system-error-codes/
2025-03-12  8:47:56 0 [ERROR] InnoDB: Could not find a valid tablespace file for ``phpmyadmin`.`pma__bookmark``. Please refer to https://mariadb.com/kb/en/innodb-data-dictionary-troubleshooting/ for how to resolve the issue.
2025-03-12  8:47:56 0 [Warning] InnoDB: Ignoring tablespace for `phpmyadmin`.`pma__bookmark` because it could not be opened.
2025-03-12  8:47:56 0 [ERROR] InnoDB: Operating system error number 3 in a file operation.
2025-03-12  8:47:56 0 [ERROR] InnoDB: The error means the system cannot find the path specified.
2025-03-12  8:47:56 0 [ERROR] InnoDB: If you are installing InnoDB, remember that you must create directories yourself, InnoDB does not create them.
2025-03-12  8:47:56 0 [ERROR] InnoDB: Cannot open datafile for read-only: '.\phpmyadmin\pma__central_columns.ibd' OS error: 203
2025-03-12  8:47:56 0 [ERROR] InnoDB: Operating system error number 203 in a file operation.
2025-03-12  8:47:56 0 [Note] InnoDB: Some operating system error numbers are described at https://mariadb.com/kb/en/library/operating-system-error-codes/
2025-03-12  8:47:56 0 [ERROR] InnoDB: Could not find a valid tablespace file for ``phpmyadmin`.`pma__central_columns``. Please refer to https://mariadb.com/kb/en/innodb-data-dictionary-troubleshooting/ for how to resolve the issue.
2025-03-12  8:47:56 0 [Warning] InnoDB: Ignoring tablespace for `phpmyadmin`.`pma__central_columns` because it could not be opened.
2025-03-12  8:47:56 0 [ERROR] InnoDB: Operating system error number 3 in a file operation.
2025-03-12  8:47:56 0 [ERROR] InnoDB: The error means the system cannot find the path specified.
2025-03-12  8:47:56 0 [ERROR] InnoDB: If you are installing InnoDB, remember that you must create directories yourself, InnoDB does not create them.
2025-03-12  8:47:56 0 [ERROR] InnoDB: Cannot open datafile for read-only: '.\phpmyadmin\pma__column_info.ibd' OS error: 203
2025-03-12  8:47:56 0 [ERROR] InnoDB: Operating system error number 203 in a file operation.
2025-03-12  8:47:56 0 [Note] InnoDB: Some operating system error numbers are described at https://mariadb.com/kb/en/library/operating-system-error-codes/
2025-03-12  8:47:56 0 [ERROR] InnoDB: Could not find a valid tablespace file for ``phpmyadmin`.`pma__column_info``. Please refer to https://mariadb.com/kb/en/innodb-data-dictionary-troubleshooting/ for how to resolve the issue.
2025-03-12  8:47:56 0 [Warning] InnoDB: Ignoring tablespace for `phpmyadmin`.`pma__column_info` because it could not be opened.
2025-03-12  8:47:56 0 [ERROR] InnoDB: Operating system error number 3 in a file operation.
2025-03-12  8:47:56 0 [ERROR] InnoDB: The error means the system cannot find the path specified.
2025-03-12  8:47:56 0 [ERROR] InnoDB: If you are installing InnoDB, remember that you must create directories yourself, InnoDB does not create them.
2025-03-12  8:47:56 0 [ERROR] InnoDB: Cannot open datafile for read-only: '.\phpmyadmin\pma__designer_settings.ibd' OS error: 203
2025-03-12  8:47:56 0 [ERROR] InnoDB: Operating system error number 203 in a file operation.
2025-03-12  8:47:56 0 [Note] InnoDB: Some operating system error numbers are described at https://mariadb.com/kb/en/library/operating-system-error-codes/
2025-03-12  8:47:56 0 [ERROR] InnoDB: Could not find a valid tablespace file for ``phpmyadmin`.`pma__designer_settings``. Please refer to https://mariadb.com/kb/en/innodb-data-dictionary-troubleshooting/ for how to resolve the issue.
2025-03-12  8:47:56 0 [Warning] InnoDB: Ignoring tablespace for `phpmyadmin`.`pma__designer_settings` because it could not be opened.
2025-03-12  8:47:56 0 [ERROR] InnoDB: Operating system error number 3 in a file operation.
2025-03-12  8:47:56 0 [ERROR] InnoDB: The error means the system cannot find the path specified.
2025-03-12  8:47:56 0 [ERROR] InnoDB: If you are installing InnoDB, remember that you must create directories yourself, InnoDB does not create them.
2025-03-12  8:47:56 0 [ERROR] InnoDB: Cannot open datafile for read-only: '.\phpmyadmin\pma__export_templates.ibd' OS error: 203
2025-03-12  8:47:56 0 [ERROR] InnoDB: Operating system error number 203 in a file operation.
2025-03-12  8:47:56 0 [Note] InnoDB: Some operating system error numbers are described at https://mariadb.com/kb/en/library/operating-system-error-codes/
2025-03-12  8:47:56 0 [ERROR] InnoDB: Could not find a valid tablespace file for ``phpmyadmin`.`pma__export_templates``. Please refer to https://mariadb.com/kb/en/innodb-data-dictionary-troubleshooting/ for how to resolve the issue.
2025-03-12  8:47:56 0 [Warning] InnoDB: Ignoring tablespace for `phpmyadmin`.`pma__export_templates` because it could not be opened.
2025-03-12  8:47:56 0 [ERROR] InnoDB: Operating system error number 3 in a file operation.
2025-03-12  8:47:56 0 [ERROR] InnoDB: The error means the system cannot find the path specified.
2025-03-12  8:47:56 0 [ERROR] InnoDB: If you are installing InnoDB, remember that you must create directories yourself, InnoDB does not create them.
2025-03-12  8:47:56 0 [ERROR] InnoDB: Cannot open datafile for read-only: '.\phpmyadmin\pma__favorite.ibd' OS error: 203
2025-03-12  8:47:56 0 [ERROR] InnoDB: Operating system error number 203 in a file operation.
2025-03-12  8:47:56 0 [Note] InnoDB: Some operating system error numbers are described at https://mariadb.com/kb/en/library/operating-system-error-codes/
2025-03-12  8:47:56 0 [ERROR] InnoDB: Could not find a valid tablespace file for ``phpmyadmin`.`pma__favorite``. Please refer to https://mariadb.com/kb/en/innodb-data-dictionary-troubleshooting/ for how to resolve the issue.
2025-03-12  8:47:56 0 [Warning] InnoDB: Ignoring tablespace for `phpmyadmin`.`pma__favorite` because it could not be opened.
2025-03-12  8:47:56 0 [ERROR] InnoDB: Operating system error number 3 in a file operation.
2025-03-12  8:47:56 0 [ERROR] InnoDB: The error means the system cannot find the path specified.
2025-03-12  8:47:56 0 [ERROR] InnoDB: If you are installing InnoDB, remember that you must create directories yourself, InnoDB does not create them.
2025-03-12  8:47:56 0 [ERROR] InnoDB: Cannot open datafile for read-only: '.\phpmyadmin\pma__history.ibd' OS error: 203
2025-03-12  8:47:56 0 [ERROR] InnoDB: Operating system error number 203 in a file operation.
2025-03-12  8:47:56 0 [Note] InnoDB: Some operating system error numbers are described at https://mariadb.com/kb/en/library/operating-system-error-codes/
2025-03-12  8:47:56 0 [ERROR] InnoDB: Could not find a valid tablespace file for ``phpmyadmin`.`pma__history``. Please refer to https://mariadb.com/kb/en/innodb-data-dictionary-troubleshooting/ for how to resolve the issue.
2025-03-12  8:47:56 0 [Warning] InnoDB: Ignoring tablespace for `phpmyadmin`.`pma__history` because it could not be opened.
2025-03-12  8:47:56 0 [ERROR] InnoDB: Operating system error number 3 in a file operation.
2025-03-12  8:47:56 0 [ERROR] InnoDB: The error means the system cannot find the path specified.
2025-03-12  8:47:56 0 [ERROR] InnoDB: If you are installing InnoDB, remember that you must create directories yourself, InnoDB does not create them.
2025-03-12  8:47:56 0 [ERROR] InnoDB: Cannot open datafile for read-only: '.\phpmyadmin\pma__navigationhiding.ibd' OS error: 203
2025-03-12  8:47:56 0 [ERROR] InnoDB: Operating system error number 203 in a file operation.
2025-03-12  8:47:56 0 [Note] InnoDB: Some operating system error numbers are described at https://mariadb.com/kb/en/library/operating-system-error-codes/
2025-03-12  8:47:56 0 [ERROR] InnoDB: Could not find a valid tablespace file for ``phpmyadmin`.`pma__navigationhiding``. Please refer to https://mariadb.com/kb/en/innodb-data-dictionary-troubleshooting/ for how to resolve the issue.
2025-03-12  8:47:56 0 [Warning] InnoDB: Ignoring tablespace for `phpmyadmin`.`pma__navigationhiding` because it could not be opened.
2025-03-12  8:47:56 0 [ERROR] InnoDB: Operating system error number 3 in a file operation.
2025-03-12  8:47:56 0 [ERROR] InnoDB: The error means the system cannot find the path specified.
2025-03-12  8:47:56 0 [ERROR] InnoDB: If you are installing InnoDB, remember that you must create directories yourself, InnoDB does not create them.
2025-03-12  8:47:56 0 [ERROR] InnoDB: Cannot open datafile for read-only: '.\phpmyadmin\pma__pdf_pages.ibd' OS error: 203
2025-03-12  8:47:56 0 [ERROR] InnoDB: Operating system error number 203 in a file operation.
2025-03-12  8:47:56 0 [Note] InnoDB: Some operating system error numbers are described at https://mariadb.com/kb/en/library/operating-system-error-codes/
2025-03-12  8:47:56 0 [ERROR] InnoDB: Could not find a valid tablespace file for ``phpmyadmin`.`pma__pdf_pages``. Please refer to https://mariadb.com/kb/en/innodb-data-dictionary-troubleshooting/ for how to resolve the issue.
2025-03-12  8:47:56 0 [Warning] InnoDB: Ignoring tablespace for `phpmyadmin`.`pma__pdf_pages` because it could not be opened.
2025-03-12  8:47:56 0 [ERROR] InnoDB: Operating system error number 3 in a file operation.
2025-03-12  8:47:56 0 [ERROR] InnoDB: The error means the system cannot find the path specified.
2025-03-12  8:47:56 0 [ERROR] InnoDB: If you are installing InnoDB, remember that you must create directories yourself, InnoDB does not create them.
2025-03-12  8:47:56 0 [ERROR] InnoDB: Cannot open datafile for read-only: '.\phpmyadmin\pma__recent.ibd' OS error: 203
2025-03-12  8:47:56 0 [ERROR] InnoDB: Operating system error number 203 in a file operation.
2025-03-12  8:47:56 0 [Note] InnoDB: Some operating system error numbers are described at https://mariadb.com/kb/en/library/operating-system-error-codes/
2025-03-12  8:47:56 0 [ERROR] InnoDB: Could not find a valid tablespace file for ``phpmyadmin`.`pma__recent``. Please refer to https://mariadb.com/kb/en/innodb-data-dictionary-troubleshooting/ for how to resolve the issue.
2025-03-12  8:47:56 0 [Warning] InnoDB: Ignoring tablespace for `phpmyadmin`.`pma__recent` because it could not be opened.
2025-03-12  8:47:56 0 [ERROR] InnoDB: Operating system error number 3 in a file operation.
2025-03-12  8:47:56 0 [ERROR] InnoDB: The error means the system cannot find the path specified.
2025-03-12  8:47:56 0 [ERROR] InnoDB: If you are installing InnoDB, remember that you must create directories yourself, InnoDB does not create them.
2025-03-12  8:47:56 0 [ERROR] InnoDB: Cannot open datafile for read-only: '.\phpmyadmin\pma__relation.ibd' OS error: 203
2025-03-12  8:47:56 0 [ERROR] InnoDB: Operating system error number 203 in a file operation.
2025-03-12  8:47:56 0 [Note] InnoDB: Some operating system error numbers are described at https://mariadb.com/kb/en/library/operating-system-error-codes/
2025-03-12  8:47:56 0 [ERROR] InnoDB: Could not find a valid tablespace file for ``phpmyadmin`.`pma__relation``. Please refer to https://mariadb.com/kb/en/innodb-data-dictionary-troubleshooting/ for how to resolve the issue.
2025-03-12  8:47:56 0 [Warning] InnoDB: Ignoring tablespace for `phpmyadmin`.`pma__relation` because it could not be opened.
2025-03-12  8:47:56 0 [ERROR] InnoDB: Operating system error number 3 in a file operation.
2025-03-12  8:47:56 0 [ERROR] InnoDB: The error means the system cannot find the path specified.
2025-03-12  8:47:56 0 [ERROR] InnoDB: If you are installing InnoDB, remember that you must create directories yourself, InnoDB does not create them.
2025-03-12  8:47:56 0 [ERROR] InnoDB: Cannot open datafile for read-only: '.\phpmyadmin\pma__savedsearches.ibd' OS error: 203
2025-03-12  8:47:56 0 [ERROR] InnoDB: Operating system error number 203 in a file operation.
2025-03-12  8:47:56 0 [Note] InnoDB: Some operating system error numbers are described at https://mariadb.com/kb/en/library/operating-system-error-codes/
2025-03-12  8:47:56 0 [ERROR] InnoDB: Could not find a valid tablespace file for ``phpmyadmin`.`pma__savedsearches``. Please refer to https://mariadb.com/kb/en/innodb-data-dictionary-troubleshooting/ for how to resolve the issue.
2025-03-12  8:47:56 0 [Warning] InnoDB: Ignoring tablespace for `phpmyadmin`.`pma__savedsearches` because it could not be opened.
2025-03-12  8:47:56 0 [ERROR] InnoDB: Operating system error number 3 in a file operation.
2025-03-12  8:47:56 0 [ERROR] InnoDB: The error means the system cannot find the path specified.
2025-03-12  8:47:56 0 [ERROR] InnoDB: If you are installing InnoDB, remember that you must create directories yourself, InnoDB does not create them.
2025-03-12  8:47:56 0 [ERROR] InnoDB: Cannot open datafile for read-only: '.\phpmyadmin\pma__table_coords.ibd' OS error: 203
2025-03-12  8:47:56 0 [ERROR] InnoDB: Operating system error number 203 in a file operation.
2025-03-12  8:47:56 0 [Note] InnoDB: Some operating system error numbers are described at https://mariadb.com/kb/en/library/operating-system-error-codes/
2025-03-12  8:47:56 0 [ERROR] InnoDB: Could not find a valid tablespace file for ``phpmyadmin`.`pma__table_coords``. Please refer to https://mariadb.com/kb/en/innodb-data-dictionary-troubleshooting/ for how to resolve the issue.
2025-03-12  8:47:56 0 [Warning] InnoDB: Ignoring tablespace for `phpmyadmin`.`pma__table_coords` because it could not be opened.
2025-03-12  8:47:56 0 [ERROR] InnoDB: Operating system error number 3 in a file operation.
2025-03-12  8:47:56 0 [ERROR] InnoDB: The error means the system cannot find the path specified.
2025-03-12  8:47:56 0 [ERROR] InnoDB: If you are installing InnoDB, remember that you must create directories yourself, InnoDB does not create them.
2025-03-12  8:47:56 0 [ERROR] InnoDB: Cannot open datafile for read-only: '.\phpmyadmin\pma__table_info.ibd' OS error: 203
2025-03-12  8:47:56 0 [ERROR] InnoDB: Operating system error number 203 in a file operation.
2025-03-12  8:47:56 0 [Note] InnoDB: Some operating system error numbers are described at https://mariadb.com/kb/en/library/operating-system-error-codes/
2025-03-12  8:47:56 0 [ERROR] InnoDB: Could not find a valid tablespace file for ``phpmyadmin`.`pma__table_info``. Please refer to https://mariadb.com/kb/en/innodb-data-dictionary-troubleshooting/ for how to resolve the issue.
2025-03-12  8:47:56 0 [Warning] InnoDB: Ignoring tablespace for `phpmyadmin`.`pma__table_info` because it could not be opened.
2025-03-12  8:47:56 0 [ERROR] InnoDB: Operating system error number 3 in a file operation.
2025-03-12  8:47:56 0 [ERROR] InnoDB: The error means the system cannot find the path specified.
2025-03-12  8:47:56 0 [ERROR] InnoDB: If you are installing InnoDB, remember that you must create directories yourself, InnoDB does not create them.
2025-03-12  8:47:56 0 [ERROR] InnoDB: Cannot open datafile for read-only: '.\phpmyadmin\pma__table_uiprefs.ibd' OS error: 203
2025-03-12  8:47:56 0 [ERROR] InnoDB: Operating system error number 203 in a file operation.
2025-03-12  8:47:56 0 [Note] InnoDB: Some operating system error numbers are described at https://mariadb.com/kb/en/library/operating-system-error-codes/
2025-03-12  8:47:56 0 [ERROR] InnoDB: Could not find a valid tablespace file for ``phpmyadmin`.`pma__table_uiprefs``. Please refer to https://mariadb.com/kb/en/innodb-data-dictionary-troubleshooting/ for how to resolve the issue.
2025-03-12  8:47:56 0 [Warning] InnoDB: Ignoring tablespace for `phpmyadmin`.`pma__table_uiprefs` because it could not be opened.
2025-03-12  8:47:56 0 [ERROR] InnoDB: Operating system error number 3 in a file operation.
2025-03-12  8:47:56 0 [ERROR] InnoDB: The error means the system cannot find the path specified.
2025-03-12  8:47:56 0 [ERROR] InnoDB: If you are installing InnoDB, remember that you must create directories yourself, InnoDB does not create them.
2025-03-12  8:47:56 0 [ERROR] InnoDB: Cannot open datafile for read-only: '.\phpmyadmin\pma__tracking.ibd' OS error: 203
2025-03-12  8:47:56 0 [ERROR] InnoDB: Operating system error number 203 in a file operation.
2025-03-12  8:47:56 0 [Note] InnoDB: Some operating system error numbers are described at https://mariadb.com/kb/en/library/operating-system-error-codes/
2025-03-12  8:47:56 0 [ERROR] InnoDB: Could not find a valid tablespace file for ``phpmyadmin`.`pma__tracking``. Please refer to https://mariadb.com/kb/en/innodb-data-dictionary-troubleshooting/ for how to resolve the issue.
2025-03-12  8:47:56 0 [Warning] InnoDB: Ignoring tablespace for `phpmyadmin`.`pma__tracking` because it could not be opened.
2025-03-12  8:47:56 0 [ERROR] InnoDB: Operating system error number 3 in a file operation.
2025-03-12  8:47:56 0 [ERROR] InnoDB: The error means the system cannot find the path specified.
2025-03-12  8:47:56 0 [ERROR] InnoDB: If you are installing InnoDB, remember that you must create directories yourself, InnoDB does not create them.
2025-03-12  8:47:56 0 [ERROR] InnoDB: Cannot open datafile for read-only: '.\phpmyadmin\pma__userconfig.ibd' OS error: 203
2025-03-12  8:47:56 0 [ERROR] InnoDB: Operating system error number 203 in a file operation.
2025-03-12  8:47:56 0 [Note] InnoDB: Some operating system error numbers are described at https://mariadb.com/kb/en/library/operating-system-error-codes/
2025-03-12  8:47:56 0 [ERROR] InnoDB: Could not find a valid tablespace file for ``phpmyadmin`.`pma__userconfig``. Please refer to https://mariadb.com/kb/en/innodb-data-dictionary-troubleshooting/ for how to resolve the issue.
2025-03-12  8:47:56 0 [Warning] InnoDB: Ignoring tablespace for `phpmyadmin`.`pma__userconfig` because it could not be opened.
2025-03-12  8:47:56 0 [ERROR] InnoDB: Operating system error number 3 in a file operation.
2025-03-12  8:47:56 0 [ERROR] InnoDB: The error means the system cannot find the path specified.
2025-03-12  8:47:56 0 [ERROR] InnoDB: If you are installing InnoDB, remember that you must create directories yourself, InnoDB does not create them.
2025-03-12  8:47:56 0 [ERROR] InnoDB: Cannot open datafile for read-only: '.\phpmyadmin\pma__usergroups.ibd' OS error: 203
2025-03-12  8:47:56 0 [ERROR] InnoDB: Operating system error number 203 in a file operation.
2025-03-12  8:47:56 0 [Note] InnoDB: Some operating system error numbers are described at https://mariadb.com/kb/en/library/operating-system-error-codes/
2025-03-12  8:47:56 0 [ERROR] InnoDB: Could not find a valid tablespace file for ``phpmyadmin`.`pma__usergroups``. Please refer to https://mariadb.com/kb/en/innodb-data-dictionary-troubleshooting/ for how to resolve the issue.
2025-03-12  8:47:56 0 [Warning] InnoDB: Ignoring tablespace for `phpmyadmin`.`pma__usergroups` because it could not be opened.
2025-03-12  8:47:56 0 [ERROR] InnoDB: Operating system error number 3 in a file operation.
2025-03-12  8:47:56 0 [ERROR] InnoDB: The error means the system cannot find the path specified.
2025-03-12  8:47:56 0 [ERROR] InnoDB: If you are installing InnoDB, remember that you must create directories yourself, InnoDB does not create them.
2025-03-12  8:47:56 0 [ERROR] InnoDB: Cannot open datafile for read-only: '.\phpmyadmin\pma__users.ibd' OS error: 203
2025-03-12  8:47:56 0 [ERROR] InnoDB: Operating system error number 203 in a file operation.
2025-03-12  8:47:56 0 [Note] InnoDB: Some operating system error numbers are described at https://mariadb.com/kb/en/library/operating-system-error-codes/
2025-03-12  8:47:56 0 [ERROR] InnoDB: Could not find a valid tablespace file for ``phpmyadmin`.`pma__users``. Please refer to https://mariadb.com/kb/en/innodb-data-dictionary-troubleshooting/ for how to resolve the issue.
2025-03-12  8:47:56 0 [Warning] InnoDB: Ignoring tablespace for `phpmyadmin`.`pma__users` because it could not be opened.
2025-03-12  8:47:56 0 [Note] InnoDB: 128 out of 128 rollback segments are active.
2025-03-12  8:47:56 0 [Note] InnoDB: Removed temporary tablespace data file: "ibtmp1"
2025-03-12  8:47:56 0 [Note] InnoDB: Creating shared tablespace for temporary tables
2025-03-12  8:47:56 0 [Note] InnoDB: Setting file 'C:\Users\Zedric Berwin\Desktop\OJT files\repository\ojt\server\mysql\data\ibtmp1' size to 12 MB. Physically writing the file full; Please wait ...
2025-03-12  8:47:56 0 [Note] InnoDB: File 'C:\Users\Zedric Berwin\Desktop\OJT files\repository\ojt\server\mysql\data\ibtmp1' size is now 12 MB.
2025-03-12  8:47:56 0 [Note] InnoDB: Waiting for purge to start
2025-03-12  8:47:56 0 [Note] InnoDB: 10.4.28 started; log sequence number 22529411; transaction id 39547
2025-03-12  8:47:56 0 [Note] InnoDB: Loading buffer pool(s) from C:\Users\Zedric Berwin\Desktop\OJT files\repository\ojt\server\mysql\data\ib_buffer_pool
2025-03-12  8:47:56 0 [Note] Plugin 'FEEDBACK' is disabled.
2025-03-12  8:47:56 0 [Note] Server socket created on IP: '::'.
2025-03-12  8:47:56 0 [Note] InnoDB: Buffer pool(s) load completed at 250312  8:47:56
2025-03-12  8:47:56 0 [Note] Reading of all Master_info entries succeeded
2025-03-12  8:47:56 0 [Note] Added new Master_info '' to hash table
2025-03-12  8:47:56 0 [Note] mysql\bin\mysqld.exe: ready for connections.
Version: '10.4.28-MariaDB'  socket: ''  port: 3306  mariadb.org binary distribution
2025-03-12 11:01:20 0 [Note] Starting MariaDB 10.4.28-MariaDB source revision c8f2e9a5c0ac5905f28b050b7df5a9ffd914b7e7 as process 7280
2025-03-12 11:01:20 0 [ERROR] InnoDB: The innodb_system data file 'ibdata1' must be writable
2025-03-12 11:01:20 0 [ERROR] InnoDB: The innodb_system data file 'ibdata1' must be writable
2025-03-12 11:01:20 0 [ERROR] Plugin 'InnoDB' init function returned error.
2025-03-12 11:01:20 0 [ERROR] Plugin 'InnoDB' registration as a STORAGE ENGINE failed.
2025-03-12 11:01:20 0 [Note] Plugin 'FEEDBACK' is disabled.
2025-03-12 11:01:20 0 [ERROR] Unknown/unsupported storage engine: innodb
2025-03-12 11:01:20 0 [ERROR] Aborting
2025-03-13  7:57:06 0 [Note] Starting MariaDB 10.4.28-MariaDB source revision c8f2e9a5c0ac5905f28b050b7df5a9ffd914b7e7 as process 1212
2025-03-13  7:57:06 0 [Note] InnoDB: Mutexes and rw_locks use Windows interlocked functions
2025-03-13  7:57:06 0 [Note] InnoDB: Uses event mutexes
2025-03-13  7:57:06 0 [Note] InnoDB: Compressed tables use zlib 1.2.12
2025-03-13  7:57:06 0 [Note] InnoDB: Number of pools: 1
2025-03-13  7:57:06 0 [Note] InnoDB: Using SSE2 crc32 instructions
2025-03-13  7:57:06 0 [Note] InnoDB: Initializing buffer pool, total size = 256M, instances = 1, chunk size = 128M
2025-03-13  7:57:06 0 [Note] InnoDB: Completed initialization of buffer pool
2025-03-13  7:57:06 0 [Note] InnoDB: Starting crash recovery from checkpoint LSN=24171363
2025-03-13  7:57:07 0 [ERROR] InnoDB: Operating system error number 3 in a file operation.
2025-03-13  7:57:07 0 [ERROR] InnoDB: The error means the system cannot find the path specified.
2025-03-13  7:57:07 0 [ERROR] InnoDB: If you are installing InnoDB, remember that you must create directories yourself, InnoDB does not create them.
2025-03-13  7:57:07 0 [ERROR] InnoDB: Cannot open datafile for read-only: '.\phpmyadmin\pma__bookmark.ibd' OS error: 203
2025-03-13  7:57:07 0 [ERROR] InnoDB: Operating system error number 203 in a file operation.
2025-03-13  7:57:07 0 [Note] InnoDB: Some operating system error numbers are described at https://mariadb.com/kb/en/library/operating-system-error-codes/
2025-03-13  7:57:07 0 [ERROR] InnoDB: Could not find a valid tablespace file for ``phpmyadmin`.`pma__bookmark``. Please refer to https://mariadb.com/kb/en/innodb-data-dictionary-troubleshooting/ for how to resolve the issue.
2025-03-13  7:57:07 0 [Warning] InnoDB: Ignoring tablespace for `phpmyadmin`.`pma__bookmark` because it could not be opened.
2025-03-13  7:57:07 0 [ERROR] InnoDB: Operating system error number 3 in a file operation.
2025-03-13  7:57:07 0 [ERROR] InnoDB: The error means the system cannot find the path specified.
2025-03-13  7:57:07 0 [ERROR] InnoDB: If you are installing InnoDB, remember that you must create directories yourself, InnoDB does not create them.
2025-03-13  7:57:07 0 [ERROR] InnoDB: Cannot open datafile for read-only: '.\phpmyadmin\pma__central_columns.ibd' OS error: 203
2025-03-13  7:57:07 0 [ERROR] InnoDB: Operating system error number 203 in a file operation.
2025-03-13  7:57:07 0 [Note] InnoDB: Some operating system error numbers are described at https://mariadb.com/kb/en/library/operating-system-error-codes/
2025-03-13  7:57:07 0 [ERROR] InnoDB: Could not find a valid tablespace file for ``phpmyadmin`.`pma__central_columns``. Please refer to https://mariadb.com/kb/en/innodb-data-dictionary-troubleshooting/ for how to resolve the issue.
2025-03-13  7:57:07 0 [Warning] InnoDB: Ignoring tablespace for `phpmyadmin`.`pma__central_columns` because it could not be opened.
2025-03-13  7:57:07 0 [ERROR] InnoDB: Operating system error number 3 in a file operation.
2025-03-13  7:57:07 0 [ERROR] InnoDB: The error means the system cannot find the path specified.
2025-03-13  7:57:07 0 [ERROR] InnoDB: If you are installing InnoDB, remember that you must create directories yourself, InnoDB does not create them.
2025-03-13  7:57:07 0 [ERROR] InnoDB: Cannot open datafile for read-only: '.\phpmyadmin\pma__column_info.ibd' OS error: 203
2025-03-13  7:57:07 0 [ERROR] InnoDB: Operating system error number 203 in a file operation.
2025-03-13  7:57:07 0 [Note] InnoDB: Some operating system error numbers are described at https://mariadb.com/kb/en/library/operating-system-error-codes/
2025-03-13  7:57:07 0 [ERROR] InnoDB: Could not find a valid tablespace file for ``phpmyadmin`.`pma__column_info``. Please refer to https://mariadb.com/kb/en/innodb-data-dictionary-troubleshooting/ for how to resolve the issue.
2025-03-13  7:57:07 0 [Warning] InnoDB: Ignoring tablespace for `phpmyadmin`.`pma__column_info` because it could not be opened.
2025-03-13  7:57:07 0 [ERROR] InnoDB: Operating system error number 3 in a file operation.
2025-03-13  7:57:07 0 [ERROR] InnoDB: The error means the system cannot find the path specified.
2025-03-13  7:57:07 0 [ERROR] InnoDB: If you are installing InnoDB, remember that you must create directories yourself, InnoDB does not create them.
2025-03-13  7:57:07 0 [ERROR] InnoDB: Cannot open datafile for read-only: '.\phpmyadmin\pma__designer_settings.ibd' OS error: 203
2025-03-13  7:57:07 0 [ERROR] InnoDB: Operating system error number 203 in a file operation.
2025-03-13  7:57:07 0 [Note] InnoDB: Some operating system error numbers are described at https://mariadb.com/kb/en/library/operating-system-error-codes/
2025-03-13  7:57:07 0 [ERROR] InnoDB: Could not find a valid tablespace file for ``phpmyadmin`.`pma__designer_settings``. Please refer to https://mariadb.com/kb/en/innodb-data-dictionary-troubleshooting/ for how to resolve the issue.
2025-03-13  7:57:07 0 [Warning] InnoDB: Ignoring tablespace for `phpmyadmin`.`pma__designer_settings` because it could not be opened.
2025-03-13  7:57:07 0 [ERROR] InnoDB: Operating system error number 3 in a file operation.
2025-03-13  7:57:07 0 [ERROR] InnoDB: The error means the system cannot find the path specified.
2025-03-13  7:57:07 0 [ERROR] InnoDB: If you are installing InnoDB, remember that you must create directories yourself, InnoDB does not create them.
2025-03-13  7:57:07 0 [ERROR] InnoDB: Cannot open datafile for read-only: '.\phpmyadmin\pma__export_templates.ibd' OS error: 203
2025-03-13  7:57:07 0 [ERROR] InnoDB: Operating system error number 203 in a file operation.
2025-03-13  7:57:07 0 [Note] InnoDB: Some operating system error numbers are described at https://mariadb.com/kb/en/library/operating-system-error-codes/
2025-03-13  7:57:07 0 [ERROR] InnoDB: Could not find a valid tablespace file for ``phpmyadmin`.`pma__export_templates``. Please refer to https://mariadb.com/kb/en/innodb-data-dictionary-troubleshooting/ for how to resolve the issue.
2025-03-13  7:57:07 0 [Warning] InnoDB: Ignoring tablespace for `phpmyadmin`.`pma__export_templates` because it could not be opened.
2025-03-13  7:57:07 0 [ERROR] InnoDB: Operating system error number 3 in a file operation.
2025-03-13  7:57:07 0 [ERROR] InnoDB: The error means the system cannot find the path specified.
2025-03-13  7:57:07 0 [ERROR] InnoDB: If you are installing InnoDB, remember that you must create directories yourself, InnoDB does not create them.
2025-03-13  7:57:07 0 [ERROR] InnoDB: Cannot open datafile for read-only: '.\phpmyadmin\pma__favorite.ibd' OS error: 203
2025-03-13  7:57:07 0 [ERROR] InnoDB: Operating system error number 203 in a file operation.
2025-03-13  7:57:07 0 [Note] InnoDB: Some operating system error numbers are described at https://mariadb.com/kb/en/library/operating-system-error-codes/
2025-03-13  7:57:07 0 [ERROR] InnoDB: Could not find a valid tablespace file for ``phpmyadmin`.`pma__favorite``. Please refer to https://mariadb.com/kb/en/innodb-data-dictionary-troubleshooting/ for how to resolve the issue.
2025-03-13  7:57:07 0 [Warning] InnoDB: Ignoring tablespace for `phpmyadmin`.`pma__favorite` because it could not be opened.
2025-03-13  7:57:07 0 [ERROR] InnoDB: Operating system error number 3 in a file operation.
2025-03-13  7:57:07 0 [ERROR] InnoDB: The error means the system cannot find the path specified.
2025-03-13  7:57:07 0 [ERROR] InnoDB: If you are installing InnoDB, remember that you must create directories yourself, InnoDB does not create them.
2025-03-13  7:57:07 0 [ERROR] InnoDB: Cannot open datafile for read-only: '.\phpmyadmin\pma__history.ibd' OS error: 203
2025-03-13  7:57:07 0 [ERROR] InnoDB: Operating system error number 203 in a file operation.
2025-03-13  7:57:07 0 [Note] InnoDB: Some operating system error numbers are described at https://mariadb.com/kb/en/library/operating-system-error-codes/
2025-03-13  7:57:07 0 [ERROR] InnoDB: Could not find a valid tablespace file for ``phpmyadmin`.`pma__history``. Please refer to https://mariadb.com/kb/en/innodb-data-dictionary-troubleshooting/ for how to resolve the issue.
2025-03-13  7:57:07 0 [Warning] InnoDB: Ignoring tablespace for `phpmyadmin`.`pma__history` because it could not be opened.
2025-03-13  7:57:07 0 [ERROR] InnoDB: Operating system error number 3 in a file operation.
2025-03-13  7:57:07 0 [ERROR] InnoDB: The error means the system cannot find the path specified.
2025-03-13  7:57:07 0 [ERROR] InnoDB: If you are installing InnoDB, remember that you must create directories yourself, InnoDB does not create them.
2025-03-13  7:57:07 0 [ERROR] InnoDB: Cannot open datafile for read-only: '.\phpmyadmin\pma__navigationhiding.ibd' OS error: 203
2025-03-13  7:57:07 0 [ERROR] InnoDB: Operating system error number 203 in a file operation.
2025-03-13  7:57:07 0 [Note] InnoDB: Some operating system error numbers are described at https://mariadb.com/kb/en/library/operating-system-error-codes/
2025-03-13  7:57:07 0 [ERROR] InnoDB: Could not find a valid tablespace file for ``phpmyadmin`.`pma__navigationhiding``. Please refer to https://mariadb.com/kb/en/innodb-data-dictionary-troubleshooting/ for how to resolve the issue.
2025-03-13  7:57:07 0 [Warning] InnoDB: Ignoring tablespace for `phpmyadmin`.`pma__navigationhiding` because it could not be opened.
2025-03-13  7:57:07 0 [ERROR] InnoDB: Operating system error number 3 in a file operation.
2025-03-13  7:57:07 0 [ERROR] InnoDB: The error means the system cannot find the path specified.
2025-03-13  7:57:07 0 [ERROR] InnoDB: If you are installing InnoDB, remember that you must create directories yourself, InnoDB does not create them.
2025-03-13  7:57:07 0 [ERROR] InnoDB: Cannot open datafile for read-only: '.\phpmyadmin\pma__pdf_pages.ibd' OS error: 203
2025-03-13  7:57:07 0 [ERROR] InnoDB: Operating system error number 203 in a file operation.
2025-03-13  7:57:07 0 [Note] InnoDB: Some operating system error numbers are described at https://mariadb.com/kb/en/library/operating-system-error-codes/
2025-03-13  7:57:07 0 [ERROR] InnoDB: Could not find a valid tablespace file for ``phpmyadmin`.`pma__pdf_pages``. Please refer to https://mariadb.com/kb/en/innodb-data-dictionary-troubleshooting/ for how to resolve the issue.
2025-03-13  7:57:07 0 [Warning] InnoDB: Ignoring tablespace for `phpmyadmin`.`pma__pdf_pages` because it could not be opened.
2025-03-13  7:57:07 0 [ERROR] InnoDB: Operating system error number 3 in a file operation.
2025-03-13  7:57:07 0 [ERROR] InnoDB: The error means the system cannot find the path specified.
2025-03-13  7:57:07 0 [ERROR] InnoDB: If you are installing InnoDB, remember that you must create directories yourself, InnoDB does not create them.
2025-03-13  7:57:07 0 [ERROR] InnoDB: Cannot open datafile for read-only: '.\phpmyadmin\pma__recent.ibd' OS error: 203
2025-03-13  7:57:07 0 [ERROR] InnoDB: Operating system error number 203 in a file operation.
2025-03-13  7:57:07 0 [Note] InnoDB: Some operating system error numbers are described at https://mariadb.com/kb/en/library/operating-system-error-codes/
2025-03-13  7:57:07 0 [ERROR] InnoDB: Could not find a valid tablespace file for ``phpmyadmin`.`pma__recent``. Please refer to https://mariadb.com/kb/en/innodb-data-dictionary-troubleshooting/ for how to resolve the issue.
2025-03-13  7:57:07 0 [Warning] InnoDB: Ignoring tablespace for `phpmyadmin`.`pma__recent` because it could not be opened.
2025-03-13  7:57:07 0 [ERROR] InnoDB: Operating system error number 3 in a file operation.
2025-03-13  7:57:07 0 [ERROR] InnoDB: The error means the system cannot find the path specified.
2025-03-13  7:57:07 0 [ERROR] InnoDB: If you are installing InnoDB, remember that you must create directories yourself, InnoDB does not create them.
2025-03-13  7:57:07 0 [ERROR] InnoDB: Cannot open datafile for read-only: '.\phpmyadmin\pma__relation.ibd' OS error: 203
2025-03-13  7:57:07 0 [ERROR] InnoDB: Operating system error number 203 in a file operation.
2025-03-13  7:57:07 0 [Note] InnoDB: Some operating system error numbers are described at https://mariadb.com/kb/en/library/operating-system-error-codes/
2025-03-13  7:57:07 0 [ERROR] InnoDB: Could not find a valid tablespace file for ``phpmyadmin`.`pma__relation``. Please refer to https://mariadb.com/kb/en/innodb-data-dictionary-troubleshooting/ for how to resolve the issue.
2025-03-13  7:57:07 0 [Warning] InnoDB: Ignoring tablespace for `phpmyadmin`.`pma__relation` because it could not be opened.
2025-03-13  7:57:07 0 [ERROR] InnoDB: Operating system error number 3 in a file operation.
2025-03-13  7:57:07 0 [ERROR] InnoDB: The error means the system cannot find the path specified.
2025-03-13  7:57:07 0 [ERROR] InnoDB: If you are installing InnoDB, remember that you must create directories yourself, InnoDB does not create them.
2025-03-13  7:57:07 0 [ERROR] InnoDB: Cannot open datafile for read-only: '.\phpmyadmin\pma__savedsearches.ibd' OS error: 203
2025-03-13  7:57:07 0 [ERROR] InnoDB: Operating system error number 203 in a file operation.
2025-03-13  7:57:07 0 [Note] InnoDB: Some operating system error numbers are described at https://mariadb.com/kb/en/library/operating-system-error-codes/
2025-03-13  7:57:07 0 [ERROR] InnoDB: Could not find a valid tablespace file for ``phpmyadmin`.`pma__savedsearches``. Please refer to https://mariadb.com/kb/en/innodb-data-dictionary-troubleshooting/ for how to resolve the issue.
2025-03-13  7:57:07 0 [Warning] InnoDB: Ignoring tablespace for `phpmyadmin`.`pma__savedsearches` because it could not be opened.
2025-03-13  7:57:07 0 [ERROR] InnoDB: Operating system error number 3 in a file operation.
2025-03-13  7:57:07 0 [ERROR] InnoDB: The error means the system cannot find the path specified.
2025-03-13  7:57:07 0 [ERROR] InnoDB: If you are installing InnoDB, remember that you must create directories yourself, InnoDB does not create them.
2025-03-13  7:57:07 0 [ERROR] InnoDB: Cannot open datafile for read-only: '.\phpmyadmin\pma__table_coords.ibd' OS error: 203
2025-03-13  7:57:07 0 [ERROR] InnoDB: Operating system error number 203 in a file operation.
2025-03-13  7:57:07 0 [Note] InnoDB: Some operating system error numbers are described at https://mariadb.com/kb/en/library/operating-system-error-codes/
2025-03-13  7:57:07 0 [ERROR] InnoDB: Could not find a valid tablespace file for ``phpmyadmin`.`pma__table_coords``. Please refer to https://mariadb.com/kb/en/innodb-data-dictionary-troubleshooting/ for how to resolve the issue.
2025-03-13  7:57:07 0 [Warning] InnoDB: Ignoring tablespace for `phpmyadmin`.`pma__table_coords` because it could not be opened.
2025-03-13  7:57:07 0 [ERROR] InnoDB: Operating system error number 3 in a file operation.
2025-03-13  7:57:07 0 [ERROR] InnoDB: The error means the system cannot find the path specified.
2025-03-13  7:57:07 0 [ERROR] InnoDB: If you are installing InnoDB, remember that you must create directories yourself, InnoDB does not create them.
2025-03-13  7:57:07 0 [ERROR] InnoDB: Cannot open datafile for read-only: '.\phpmyadmin\pma__table_info.ibd' OS error: 203
2025-03-13  7:57:07 0 [ERROR] InnoDB: Operating system error number 203 in a file operation.
2025-03-13  7:57:07 0 [Note] InnoDB: Some operating system error numbers are described at https://mariadb.com/kb/en/library/operating-system-error-codes/
2025-03-13  7:57:07 0 [ERROR] InnoDB: Could not find a valid tablespace file for ``phpmyadmin`.`pma__table_info``. Please refer to https://mariadb.com/kb/en/innodb-data-dictionary-troubleshooting/ for how to resolve the issue.
2025-03-13  7:57:07 0 [Warning] InnoDB: Ignoring tablespace for `phpmyadmin`.`pma__table_info` because it could not be opened.
2025-03-13  7:57:07 0 [ERROR] InnoDB: Operating system error number 3 in a file operation.
2025-03-13  7:57:07 0 [ERROR] InnoDB: The error means the system cannot find the path specified.
2025-03-13  7:57:07 0 [ERROR] InnoDB: If you are installing InnoDB, remember that you must create directories yourself, InnoDB does not create them.
2025-03-13  7:57:07 0 [ERROR] InnoDB: Cannot open datafile for read-only: '.\phpmyadmin\pma__table_uiprefs.ibd' OS error: 203
2025-03-13  7:57:07 0 [ERROR] InnoDB: Operating system error number 203 in a file operation.
2025-03-13  7:57:07 0 [Note] InnoDB: Some operating system error numbers are described at https://mariadb.com/kb/en/library/operating-system-error-codes/
2025-03-13  7:57:07 0 [ERROR] InnoDB: Could not find a valid tablespace file for ``phpmyadmin`.`pma__table_uiprefs``. Please refer to https://mariadb.com/kb/en/innodb-data-dictionary-troubleshooting/ for how to resolve the issue.
2025-03-13  7:57:07 0 [Warning] InnoDB: Ignoring tablespace for `phpmyadmin`.`pma__table_uiprefs` because it could not be opened.
2025-03-13  7:57:07 0 [ERROR] InnoDB: Operating system error number 3 in a file operation.
2025-03-13  7:57:07 0 [ERROR] InnoDB: The error means the system cannot find the path specified.
2025-03-13  7:57:07 0 [ERROR] InnoDB: If you are installing InnoDB, remember that you must create directories yourself, InnoDB does not create them.
2025-03-13  7:57:07 0 [ERROR] InnoDB: Cannot open datafile for read-only: '.\phpmyadmin\pma__tracking.ibd' OS error: 203
2025-03-13  7:57:07 0 [ERROR] InnoDB: Operating system error number 203 in a file operation.
2025-03-13  7:57:07 0 [Note] InnoDB: Some operating system error numbers are described at https://mariadb.com/kb/en/library/operating-system-error-codes/
2025-03-13  7:57:07 0 [ERROR] InnoDB: Could not find a valid tablespace file for ``phpmyadmin`.`pma__tracking``. Please refer to https://mariadb.com/kb/en/innodb-data-dictionary-troubleshooting/ for how to resolve the issue.
2025-03-13  7:57:07 0 [Warning] InnoDB: Ignoring tablespace for `phpmyadmin`.`pma__tracking` because it could not be opened.
2025-03-13  7:57:07 0 [ERROR] InnoDB: Operating system error number 3 in a file operation.
2025-03-13  7:57:07 0 [ERROR] InnoDB: The error means the system cannot find the path specified.
2025-03-13  7:57:07 0 [ERROR] InnoDB: If you are installing InnoDB, remember that you must create directories yourself, InnoDB does not create them.
2025-03-13  7:57:07 0 [ERROR] InnoDB: Cannot open datafile for read-only: '.\phpmyadmin\pma__userconfig.ibd' OS error: 203
2025-03-13  7:57:07 0 [ERROR] InnoDB: Operating system error number 203 in a file operation.
2025-03-13  7:57:07 0 [Note] InnoDB: Some operating system error numbers are described at https://mariadb.com/kb/en/library/operating-system-error-codes/
2025-03-13  7:57:07 0 [ERROR] InnoDB: Could not find a valid tablespace file for ``phpmyadmin`.`pma__userconfig``. Please refer to https://mariadb.com/kb/en/innodb-data-dictionary-troubleshooting/ for how to resolve the issue.
2025-03-13  7:57:07 0 [Warning] InnoDB: Ignoring tablespace for `phpmyadmin`.`pma__userconfig` because it could not be opened.
2025-03-13  7:57:07 0 [ERROR] InnoDB: Operating system error number 3 in a file operation.
2025-03-13  7:57:07 0 [ERROR] InnoDB: The error means the system cannot find the path specified.
2025-03-13  7:57:07 0 [ERROR] InnoDB: If you are installing InnoDB, remember that you must create directories yourself, InnoDB does not create them.
2025-03-13  7:57:07 0 [ERROR] InnoDB: Cannot open datafile for read-only: '.\phpmyadmin\pma__usergroups.ibd' OS error: 203
2025-03-13  7:57:07 0 [ERROR] InnoDB: Operating system error number 203 in a file operation.
2025-03-13  7:57:07 0 [Note] InnoDB: Some operating system error numbers are described at https://mariadb.com/kb/en/library/operating-system-error-codes/
2025-03-13  7:57:07 0 [ERROR] InnoDB: Could not find a valid tablespace file for ``phpmyadmin`.`pma__usergroups``. Please refer to https://mariadb.com/kb/en/innodb-data-dictionary-troubleshooting/ for how to resolve the issue.
2025-03-13  7:57:07 0 [Warning] InnoDB: Ignoring tablespace for `phpmyadmin`.`pma__usergroups` because it could not be opened.
2025-03-13  7:57:07 0 [ERROR] InnoDB: Operating system error number 3 in a file operation.
2025-03-13  7:57:07 0 [ERROR] InnoDB: The error means the system cannot find the path specified.
2025-03-13  7:57:07 0 [ERROR] InnoDB: If you are installing InnoDB, remember that you must create directories yourself, InnoDB does not create them.
2025-03-13  7:57:07 0 [ERROR] InnoDB: Cannot open datafile for read-only: '.\phpmyadmin\pma__users.ibd' OS error: 203
2025-03-13  7:57:07 0 [ERROR] InnoDB: Operating system error number 203 in a file operation.
2025-03-13  7:57:07 0 [Note] InnoDB: Some operating system error numbers are described at https://mariadb.com/kb/en/library/operating-system-error-codes/
2025-03-13  7:57:07 0 [ERROR] InnoDB: Could not find a valid tablespace file for ``phpmyadmin`.`pma__users``. Please refer to https://mariadb.com/kb/en/innodb-data-dictionary-troubleshooting/ for how to resolve the issue.
2025-03-13  7:57:07 0 [Warning] InnoDB: Ignoring tablespace for `phpmyadmin`.`pma__users` because it could not be opened.
2025-03-13  7:57:07 0 [Note] InnoDB: 128 out of 128 rollback segments are active.
2025-03-13  7:57:07 0 [Note] InnoDB: Removed temporary tablespace data file: "ibtmp1"
2025-03-13  7:57:07 0 [Note] InnoDB: Creating shared tablespace for temporary tables
2025-03-13  7:57:07 0 [Note] InnoDB: Setting file 'C:\Users\Zedric Berwin\Desktop\OJT files\repository\ojt\server\mysql\data\ibtmp1' size to 12 MB. Physically writing the file full; Please wait ...
2025-03-13  7:57:07 0 [Note] InnoDB: File 'C:\Users\Zedric Berwin\Desktop\OJT files\repository\ojt\server\mysql\data\ibtmp1' size is now 12 MB.
2025-03-13  7:57:07 0 [Note] InnoDB: Waiting for purge to start
2025-03-13  7:57:07 0 [Note] InnoDB: 10.4.28 started; log sequence number 24171372; transaction id 41478
2025-03-13  7:57:07 0 [Note] InnoDB: Loading buffer pool(s) from C:\Users\Zedric Berwin\Desktop\OJT files\repository\ojt\server\mysql\data\ib_buffer_pool
2025-03-13  7:57:07 0 [Note] Plugin 'FEEDBACK' is disabled.
2025-03-13  7:57:07 0 [Note] Server socket created on IP: '::'.
2025-03-13  7:57:07 0 [Note] InnoDB: Buffer pool(s) load completed at 250313  7:57:07
2025-03-13  7:57:07 0 [Note] Reading of all Master_info entries succeeded
2025-03-13  7:57:07 0 [Note] Added new Master_info '' to hash table
2025-03-13  7:57:07 0 [Note] mysql\bin\mysqld.exe: ready for connections.
Version: '10.4.28-MariaDB'  socket: ''  port: 3306  mariadb.org binary distribution
2025-03-13 15:35:40 0 [Note] Starting MariaDB 10.4.28-MariaDB source revision c8f2e9a5c0ac5905f28b050b7df5a9ffd914b7e7 as process 20352
2025-03-13 15:35:40 0 [Note] InnoDB: Mutexes and rw_locks use Windows interlocked functions
2025-03-13 15:35:40 0 [Note] InnoDB: Uses event mutexes
2025-03-13 15:35:40 0 [Note] InnoDB: Compressed tables use zlib 1.2.12
2025-03-13 15:35:40 0 [Note] InnoDB: Number of pools: 1
2025-03-13 15:35:40 0 [Note] InnoDB: Using SSE2 crc32 instructions
2025-03-13 15:35:40 0 [Note] InnoDB: Initializing buffer pool, total size = 256M, instances = 1, chunk size = 128M
2025-03-13 15:35:40 0 [Note] InnoDB: Completed initialization of buffer pool
2025-03-13 15:35:40 0 [Note] InnoDB: Starting crash recovery from checkpoint LSN=24777539
2025-03-13 15:35:41 0 [ERROR] InnoDB: Operating system error number 3 in a file operation.
2025-03-13 15:35:41 0 [ERROR] InnoDB: The error means the system cannot find the path specified.
2025-03-13 15:35:41 0 [ERROR] InnoDB: If you are installing InnoDB, remember that you must create directories yourself, InnoDB does not create them.
2025-03-13 15:35:41 0 [ERROR] InnoDB: Cannot open datafile for read-only: '.\phpmyadmin\pma__bookmark.ibd' OS error: 203
2025-03-13 15:35:41 0 [ERROR] InnoDB: Operating system error number 203 in a file operation.
2025-03-13 15:35:41 0 [Note] InnoDB: Some operating system error numbers are described at https://mariadb.com/kb/en/library/operating-system-error-codes/
2025-03-13 15:35:41 0 [ERROR] InnoDB: Could not find a valid tablespace file for ``phpmyadmin`.`pma__bookmark``. Please refer to https://mariadb.com/kb/en/innodb-data-dictionary-troubleshooting/ for how to resolve the issue.
2025-03-13 15:35:41 0 [Warning] InnoDB: Ignoring tablespace for `phpmyadmin`.`pma__bookmark` because it could not be opened.
2025-03-13 15:35:41 0 [ERROR] InnoDB: Operating system error number 3 in a file operation.
2025-03-13 15:35:41 0 [ERROR] InnoDB: The error means the system cannot find the path specified.
2025-03-13 15:35:41 0 [ERROR] InnoDB: If you are installing InnoDB, remember that you must create directories yourself, InnoDB does not create them.
2025-03-13 15:35:41 0 [ERROR] InnoDB: Cannot open datafile for read-only: '.\phpmyadmin\pma__central_columns.ibd' OS error: 203
2025-03-13 15:35:41 0 [ERROR] InnoDB: Operating system error number 203 in a file operation.
2025-03-13 15:35:41 0 [Note] InnoDB: Some operating system error numbers are described at https://mariadb.com/kb/en/library/operating-system-error-codes/
2025-03-13 15:35:41 0 [ERROR] InnoDB: Could not find a valid tablespace file for ``phpmyadmin`.`pma__central_columns``. Please refer to https://mariadb.com/kb/en/innodb-data-dictionary-troubleshooting/ for how to resolve the issue.
2025-03-13 15:35:41 0 [Warning] InnoDB: Ignoring tablespace for `phpmyadmin`.`pma__central_columns` because it could not be opened.
2025-03-13 15:35:41 0 [ERROR] InnoDB: Operating system error number 3 in a file operation.
2025-03-13 15:35:41 0 [ERROR] InnoDB: The error means the system cannot find the path specified.
2025-03-13 15:35:41 0 [ERROR] InnoDB: If you are installing InnoDB, remember that you must create directories yourself, InnoDB does not create them.
2025-03-13 15:35:41 0 [ERROR] InnoDB: Cannot open datafile for read-only: '.\phpmyadmin\pma__column_info.ibd' OS error: 203
2025-03-13 15:35:41 0 [ERROR] InnoDB: Operating system error number 203 in a file operation.
2025-03-13 15:35:41 0 [Note] InnoDB: Some operating system error numbers are described at https://mariadb.com/kb/en/library/operating-system-error-codes/
2025-03-13 15:35:41 0 [ERROR] InnoDB: Could not find a valid tablespace file for ``phpmyadmin`.`pma__column_info``. Please refer to https://mariadb.com/kb/en/innodb-data-dictionary-troubleshooting/ for how to resolve the issue.
2025-03-13 15:35:41 0 [Warning] InnoDB: Ignoring tablespace for `phpmyadmin`.`pma__column_info` because it could not be opened.
2025-03-13 15:35:41 0 [ERROR] InnoDB: Operating system error number 3 in a file operation.
2025-03-13 15:35:41 0 [ERROR] InnoDB: The error means the system cannot find the path specified.
2025-03-13 15:35:41 0 [ERROR] InnoDB: If you are installing InnoDB, remember that you must create directories yourself, InnoDB does not create them.
2025-03-13 15:35:41 0 [ERROR] InnoDB: Cannot open datafile for read-only: '.\phpmyadmin\pma__designer_settings.ibd' OS error: 203
2025-03-13 15:35:41 0 [ERROR] InnoDB: Operating system error number 203 in a file operation.
2025-03-13 15:35:41 0 [Note] InnoDB: Some operating system error numbers are described at https://mariadb.com/kb/en/library/operating-system-error-codes/
2025-03-13 15:35:41 0 [ERROR] InnoDB: Could not find a valid tablespace file for ``phpmyadmin`.`pma__designer_settings``. Please refer to https://mariadb.com/kb/en/innodb-data-dictionary-troubleshooting/ for how to resolve the issue.
2025-03-13 15:35:41 0 [Warning] InnoDB: Ignoring tablespace for `phpmyadmin`.`pma__designer_settings` because it could not be opened.
2025-03-13 15:35:41 0 [ERROR] InnoDB: Operating system error number 3 in a file operation.
2025-03-13 15:35:41 0 [ERROR] InnoDB: The error means the system cannot find the path specified.
2025-03-13 15:35:41 0 [ERROR] InnoDB: If you are installing InnoDB, remember that you must create directories yourself, InnoDB does not create them.
2025-03-13 15:35:41 0 [ERROR] InnoDB: Cannot open datafile for read-only: '.\phpmyadmin\pma__export_templates.ibd' OS error: 203
2025-03-13 15:35:41 0 [ERROR] InnoDB: Operating system error number 203 in a file operation.
2025-03-13 15:35:41 0 [Note] InnoDB: Some operating system error numbers are described at https://mariadb.com/kb/en/library/operating-system-error-codes/
2025-03-13 15:35:41 0 [ERROR] InnoDB: Could not find a valid tablespace file for ``phpmyadmin`.`pma__export_templates``. Please refer to https://mariadb.com/kb/en/innodb-data-dictionary-troubleshooting/ for how to resolve the issue.
2025-03-13 15:35:41 0 [Warning] InnoDB: Ignoring tablespace for `phpmyadmin`.`pma__export_templates` because it could not be opened.
2025-03-13 15:35:41 0 [ERROR] InnoDB: Operating system error number 3 in a file operation.
2025-03-13 15:35:41 0 [ERROR] InnoDB: The error means the system cannot find the path specified.
2025-03-13 15:35:41 0 [ERROR] InnoDB: If you are installing InnoDB, remember that you must create directories yourself, InnoDB does not create them.
2025-03-13 15:35:41 0 [ERROR] InnoDB: Cannot open datafile for read-only: '.\phpmyadmin\pma__favorite.ibd' OS error: 203
2025-03-13 15:35:41 0 [ERROR] InnoDB: Operating system error number 203 in a file operation.
2025-03-13 15:35:41 0 [Note] InnoDB: Some operating system error numbers are described at https://mariadb.com/kb/en/library/operating-system-error-codes/
2025-03-13 15:35:41 0 [ERROR] InnoDB: Could not find a valid tablespace file for ``phpmyadmin`.`pma__favorite``. Please refer to https://mariadb.com/kb/en/innodb-data-dictionary-troubleshooting/ for how to resolve the issue.
2025-03-13 15:35:41 0 [Warning] InnoDB: Ignoring tablespace for `phpmyadmin`.`pma__favorite` because it could not be opened.
2025-03-13 15:35:41 0 [ERROR] InnoDB: Operating system error number 3 in a file operation.
2025-03-13 15:35:41 0 [ERROR] InnoDB: The error means the system cannot find the path specified.
2025-03-13 15:35:41 0 [ERROR] InnoDB: If you are installing InnoDB, remember that you must create directories yourself, InnoDB does not create them.
2025-03-13 15:35:41 0 [ERROR] InnoDB: Cannot open datafile for read-only: '.\phpmyadmin\pma__history.ibd' OS error: 203
2025-03-13 15:35:41 0 [ERROR] InnoDB: Operating system error number 203 in a file operation.
2025-03-13 15:35:41 0 [Note] InnoDB: Some operating system error numbers are described at https://mariadb.com/kb/en/library/operating-system-error-codes/
2025-03-13 15:35:41 0 [ERROR] InnoDB: Could not find a valid tablespace file for ``phpmyadmin`.`pma__history``. Please refer to https://mariadb.com/kb/en/innodb-data-dictionary-troubleshooting/ for how to resolve the issue.
2025-03-13 15:35:41 0 [Warning] InnoDB: Ignoring tablespace for `phpmyadmin`.`pma__history` because it could not be opened.
2025-03-13 15:35:41 0 [ERROR] InnoDB: Operating system error number 3 in a file operation.
2025-03-13 15:35:41 0 [ERROR] InnoDB: The error means the system cannot find the path specified.
2025-03-13 15:35:41 0 [ERROR] InnoDB: If you are installing InnoDB, remember that you must create directories yourself, InnoDB does not create them.
2025-03-13 15:35:41 0 [ERROR] InnoDB: Cannot open datafile for read-only: '.\phpmyadmin\pma__navigationhiding.ibd' OS error: 203
2025-03-13 15:35:41 0 [ERROR] InnoDB: Operating system error number 203 in a file operation.
2025-03-13 15:35:41 0 [Note] InnoDB: Some operating system error numbers are described at https://mariadb.com/kb/en/library/operating-system-error-codes/
2025-03-13 15:35:41 0 [ERROR] InnoDB: Could not find a valid tablespace file for ``phpmyadmin`.`pma__navigationhiding``. Please refer to https://mariadb.com/kb/en/innodb-data-dictionary-troubleshooting/ for how to resolve the issue.
2025-03-13 15:35:41 0 [Warning] InnoDB: Ignoring tablespace for `phpmyadmin`.`pma__navigationhiding` because it could not be opened.
2025-03-13 15:35:41 0 [ERROR] InnoDB: Operating system error number 3 in a file operation.
2025-03-13 15:35:41 0 [ERROR] InnoDB: The error means the system cannot find the path specified.
2025-03-13 15:35:41 0 [ERROR] InnoDB: If you are installing InnoDB, remember that you must create directories yourself, InnoDB does not create them.
2025-03-13 15:35:41 0 [ERROR] InnoDB: Cannot open datafile for read-only: '.\phpmyadmin\pma__pdf_pages.ibd' OS error: 203
2025-03-13 15:35:41 0 [ERROR] InnoDB: Operating system error number 203 in a file operation.
2025-03-13 15:35:41 0 [Note] InnoDB: Some operating system error numbers are described at https://mariadb.com/kb/en/library/operating-system-error-codes/
2025-03-13 15:35:41 0 [ERROR] InnoDB: Could not find a valid tablespace file for ``phpmyadmin`.`pma__pdf_pages``. Please refer to https://mariadb.com/kb/en/innodb-data-dictionary-troubleshooting/ for how to resolve the issue.
2025-03-13 15:35:41 0 [Warning] InnoDB: Ignoring tablespace for `phpmyadmin`.`pma__pdf_pages` because it could not be opened.
2025-03-13 15:35:41 0 [ERROR] InnoDB: Operating system error number 3 in a file operation.
2025-03-13 15:35:41 0 [ERROR] InnoDB: The error means the system cannot find the path specified.
2025-03-13 15:35:41 0 [ERROR] InnoDB: If you are installing InnoDB, remember that you must create directories yourself, InnoDB does not create them.
2025-03-13 15:35:41 0 [ERROR] InnoDB: Cannot open datafile for read-only: '.\phpmyadmin\pma__recent.ibd' OS error: 203
2025-03-13 15:35:41 0 [ERROR] InnoDB: Operating system error number 203 in a file operation.
2025-03-13 15:35:41 0 [Note] InnoDB: Some operating system error numbers are described at https://mariadb.com/kb/en/library/operating-system-error-codes/
2025-03-13 15:35:41 0 [ERROR] InnoDB: Could not find a valid tablespace file for ``phpmyadmin`.`pma__recent``. Please refer to https://mariadb.com/kb/en/innodb-data-dictionary-troubleshooting/ for how to resolve the issue.
2025-03-13 15:35:41 0 [Warning] InnoDB: Ignoring tablespace for `phpmyadmin`.`pma__recent` because it could not be opened.
2025-03-13 15:35:41 0 [ERROR] InnoDB: Operating system error number 3 in a file operation.
2025-03-13 15:35:41 0 [ERROR] InnoDB: The error means the system cannot find the path specified.
2025-03-13 15:35:41 0 [ERROR] InnoDB: If you are installing InnoDB, remember that you must create directories yourself, InnoDB does not create them.
2025-03-13 15:35:41 0 [ERROR] InnoDB: Cannot open datafile for read-only: '.\phpmyadmin\pma__relation.ibd' OS error: 203
2025-03-13 15:35:41 0 [ERROR] InnoDB: Operating system error number 203 in a file operation.
2025-03-13 15:35:41 0 [Note] InnoDB: Some operating system error numbers are described at https://mariadb.com/kb/en/library/operating-system-error-codes/
2025-03-13 15:35:41 0 [ERROR] InnoDB: Could not find a valid tablespace file for ``phpmyadmin`.`pma__relation``. Please refer to https://mariadb.com/kb/en/innodb-data-dictionary-troubleshooting/ for how to resolve the issue.
2025-03-13 15:35:41 0 [Warning] InnoDB: Ignoring tablespace for `phpmyadmin`.`pma__relation` because it could not be opened.
2025-03-13 15:35:41 0 [ERROR] InnoDB: Operating system error number 3 in a file operation.
2025-03-13 15:35:41 0 [ERROR] InnoDB: The error means the system cannot find the path specified.
2025-03-13 15:35:41 0 [ERROR] InnoDB: If you are installing InnoDB, remember that you must create directories yourself, InnoDB does not create them.
2025-03-13 15:35:41 0 [ERROR] InnoDB: Cannot open datafile for read-only: '.\phpmyadmin\pma__savedsearches.ibd' OS error: 203
2025-03-13 15:35:41 0 [ERROR] InnoDB: Operating system error number 203 in a file operation.
2025-03-13 15:35:41 0 [Note] InnoDB: Some operating system error numbers are described at https://mariadb.com/kb/en/library/operating-system-error-codes/
2025-03-13 15:35:41 0 [ERROR] InnoDB: Could not find a valid tablespace file for ``phpmyadmin`.`pma__savedsearches``. Please refer to https://mariadb.com/kb/en/innodb-data-dictionary-troubleshooting/ for how to resolve the issue.
2025-03-13 15:35:41 0 [Warning] InnoDB: Ignoring tablespace for `phpmyadmin`.`pma__savedsearches` because it could not be opened.
2025-03-13 15:35:41 0 [ERROR] InnoDB: Operating system error number 3 in a file operation.
2025-03-13 15:35:41 0 [ERROR] InnoDB: The error means the system cannot find the path specified.
2025-03-13 15:35:41 0 [ERROR] InnoDB: If you are installing InnoDB, remember that you must create directories yourself, InnoDB does not create them.
2025-03-13 15:35:41 0 [ERROR] InnoDB: Cannot open datafile for read-only: '.\phpmyadmin\pma__table_coords.ibd' OS error: 203
2025-03-13 15:35:41 0 [ERROR] InnoDB: Operating system error number 203 in a file operation.
2025-03-13 15:35:41 0 [Note] InnoDB: Some operating system error numbers are described at https://mariadb.com/kb/en/library/operating-system-error-codes/
2025-03-13 15:35:41 0 [ERROR] InnoDB: Could not find a valid tablespace file for ``phpmyadmin`.`pma__table_coords``. Please refer to https://mariadb.com/kb/en/innodb-data-dictionary-troubleshooting/ for how to resolve the issue.
2025-03-13 15:35:41 0 [Warning] InnoDB: Ignoring tablespace for `phpmyadmin`.`pma__table_coords` because it could not be opened.
2025-03-13 15:35:41 0 [ERROR] InnoDB: Operating system error number 3 in a file operation.
2025-03-13 15:35:41 0 [ERROR] InnoDB: The error means the system cannot find the path specified.
2025-03-13 15:35:41 0 [ERROR] InnoDB: If you are installing InnoDB, remember that you must create directories yourself, InnoDB does not create them.
2025-03-13 15:35:41 0 [ERROR] InnoDB: Cannot open datafile for read-only: '.\phpmyadmin\pma__table_info.ibd' OS error: 203
2025-03-13 15:35:41 0 [ERROR] InnoDB: Operating system error number 203 in a file operation.
2025-03-13 15:35:41 0 [Note] InnoDB: Some operating system error numbers are described at https://mariadb.com/kb/en/library/operating-system-error-codes/
2025-03-13 15:35:41 0 [ERROR] InnoDB: Could not find a valid tablespace file for ``phpmyadmin`.`pma__table_info``. Please refer to https://mariadb.com/kb/en/innodb-data-dictionary-troubleshooting/ for how to resolve the issue.
2025-03-13 15:35:41 0 [Warning] InnoDB: Ignoring tablespace for `phpmyadmin`.`pma__table_info` because it could not be opened.
2025-03-13 15:35:41 0 [ERROR] InnoDB: Operating system error number 3 in a file operation.
2025-03-13 15:35:41 0 [ERROR] InnoDB: The error means the system cannot find the path specified.
2025-03-13 15:35:41 0 [ERROR] InnoDB: If you are installing InnoDB, remember that you must create directories yourself, InnoDB does not create them.
2025-03-13 15:35:41 0 [ERROR] InnoDB: Cannot open datafile for read-only: '.\phpmyadmin\pma__table_uiprefs.ibd' OS error: 203
2025-03-13 15:35:41 0 [ERROR] InnoDB: Operating system error number 203 in a file operation.
2025-03-13 15:35:41 0 [Note] InnoDB: Some operating system error numbers are described at https://mariadb.com/kb/en/library/operating-system-error-codes/
2025-03-13 15:35:41 0 [ERROR] InnoDB: Could not find a valid tablespace file for ``phpmyadmin`.`pma__table_uiprefs``. Please refer to https://mariadb.com/kb/en/innodb-data-dictionary-troubleshooting/ for how to resolve the issue.
2025-03-13 15:35:41 0 [Warning] InnoDB: Ignoring tablespace for `phpmyadmin`.`pma__table_uiprefs` because it could not be opened.
2025-03-13 15:35:41 0 [ERROR] InnoDB: Operating system error number 3 in a file operation.
2025-03-13 15:35:41 0 [ERROR] InnoDB: The error means the system cannot find the path specified.
2025-03-13 15:35:41 0 [ERROR] InnoDB: If you are installing InnoDB, remember that you must create directories yourself, InnoDB does not create them.
2025-03-13 15:35:41 0 [ERROR] InnoDB: Cannot open datafile for read-only: '.\phpmyadmin\pma__tracking.ibd' OS error: 203
2025-03-13 15:35:41 0 [ERROR] InnoDB: Operating system error number 203 in a file operation.
2025-03-13 15:35:41 0 [Note] InnoDB: Some operating system error numbers are described at https://mariadb.com/kb/en/library/operating-system-error-codes/
2025-03-13 15:35:41 0 [ERROR] InnoDB: Could not find a valid tablespace file for ``phpmyadmin`.`pma__tracking``. Please refer to https://mariadb.com/kb/en/innodb-data-dictionary-troubleshooting/ for how to resolve the issue.
2025-03-13 15:35:41 0 [Warning] InnoDB: Ignoring tablespace for `phpmyadmin`.`pma__tracking` because it could not be opened.
2025-03-13 15:35:41 0 [ERROR] InnoDB: Operating system error number 3 in a file operation.
2025-03-13 15:35:41 0 [ERROR] InnoDB: The error means the system cannot find the path specified.
2025-03-13 15:35:41 0 [ERROR] InnoDB: If you are installing InnoDB, remember that you must create directories yourself, InnoDB does not create them.
2025-03-13 15:35:41 0 [ERROR] InnoDB: Cannot open datafile for read-only: '.\phpmyadmin\pma__userconfig.ibd' OS error: 203
2025-03-13 15:35:41 0 [ERROR] InnoDB: Operating system error number 203 in a file operation.
2025-03-13 15:35:41 0 [Note] InnoDB: Some operating system error numbers are described at https://mariadb.com/kb/en/library/operating-system-error-codes/
2025-03-13 15:35:41 0 [ERROR] InnoDB: Could not find a valid tablespace file for ``phpmyadmin`.`pma__userconfig``. Please refer to https://mariadb.com/kb/en/innodb-data-dictionary-troubleshooting/ for how to resolve the issue.
2025-03-13 15:35:41 0 [Warning] InnoDB: Ignoring tablespace for `phpmyadmin`.`pma__userconfig` because it could not be opened.
2025-03-13 15:35:41 0 [ERROR] InnoDB: Operating system error number 3 in a file operation.
2025-03-13 15:35:41 0 [ERROR] InnoDB: The error means the system cannot find the path specified.
2025-03-13 15:35:41 0 [ERROR] InnoDB: If you are installing InnoDB, remember that you must create directories yourself, InnoDB does not create them.
2025-03-13 15:35:41 0 [ERROR] InnoDB: Cannot open datafile for read-only: '.\phpmyadmin\pma__usergroups.ibd' OS error: 203
2025-03-13 15:35:41 0 [ERROR] InnoDB: Operating system error number 203 in a file operation.
2025-03-13 15:35:41 0 [Note] InnoDB: Some operating system error numbers are described at https://mariadb.com/kb/en/library/operating-system-error-codes/
2025-03-13 15:35:41 0 [ERROR] InnoDB: Could not find a valid tablespace file for ``phpmyadmin`.`pma__usergroups``. Please refer to https://mariadb.com/kb/en/innodb-data-dictionary-troubleshooting/ for how to resolve the issue.
2025-03-13 15:35:41 0 [Warning] InnoDB: Ignoring tablespace for `phpmyadmin`.`pma__usergroups` because it could not be opened.
2025-03-13 15:35:41 0 [ERROR] InnoDB: Operating system error number 3 in a file operation.
2025-03-13 15:35:41 0 [ERROR] InnoDB: The error means the system cannot find the path specified.
2025-03-13 15:35:41 0 [ERROR] InnoDB: If you are installing InnoDB, remember that you must create directories yourself, InnoDB does not create them.
2025-03-13 15:35:41 0 [ERROR] InnoDB: Cannot open datafile for read-only: '.\phpmyadmin\pma__users.ibd' OS error: 203
2025-03-13 15:35:41 0 [ERROR] InnoDB: Operating system error number 203 in a file operation.
2025-03-13 15:35:41 0 [Note] InnoDB: Some operating system error numbers are described at https://mariadb.com/kb/en/library/operating-system-error-codes/
2025-03-13 15:35:41 0 [ERROR] InnoDB: Could not find a valid tablespace file for ``phpmyadmin`.`pma__users``. Please refer to https://mariadb.com/kb/en/innodb-data-dictionary-troubleshooting/ for how to resolve the issue.
2025-03-13 15:35:41 0 [Warning] InnoDB: Ignoring tablespace for `phpmyadmin`.`pma__users` because it could not be opened.
2025-03-13 15:35:41 0 [Note] InnoDB: 128 out of 128 rollback segments are active.
2025-03-13 15:35:41 0 [Note] InnoDB: Removed temporary tablespace data file: "ibtmp1"
2025-03-13 15:35:41 0 [Note] InnoDB: Creating shared tablespace for temporary tables
2025-03-13 15:35:41 0 [Note] InnoDB: Setting file 'C:\Users\Zedric Berwin\Desktop\OJT files\repository\ojt\server\mysql\data\ibtmp1' size to 12 MB. Physically writing the file full; Please wait ...
2025-03-13 15:35:41 0 [Note] InnoDB: File 'C:\Users\Zedric Berwin\Desktop\OJT files\repository\ojt\server\mysql\data\ibtmp1' size is now 12 MB.
2025-03-13 15:35:41 0 [Note] InnoDB: Waiting for purge to start
2025-03-13 15:35:41 0 [Note] InnoDB: 10.4.28 started; log sequence number 24777548; transaction id 42325
2025-03-13 15:35:41 0 [Note] InnoDB: Loading buffer pool(s) from C:\Users\Zedric Berwin\Desktop\OJT files\repository\ojt\server\mysql\data\ib_buffer_pool
2025-03-13 15:35:41 0 [Note] Plugin 'FEEDBACK' is disabled.
2025-03-13 15:35:41 0 [Note] Server socket created on IP: '::'.
2025-03-13 15:35:41 0 [Note] InnoDB: Buffer pool(s) load completed at 250313 15:35:41
2025-03-13 15:35:42 0 [Note] Reading of all Master_info entries succeeded
2025-03-13 15:35:42 0 [Note] Added new Master_info '' to hash table
2025-03-13 15:35:42 0 [Note] mysql\bin\mysqld.exe: ready for connections.
Version: '10.4.28-MariaDB'  socket: ''  port: 3306  mariadb.org binary distribution
2025-03-17 10:51:58 0 [Note] Starting MariaDB 10.4.28-MariaDB source revision c8f2e9a5c0ac5905f28b050b7df5a9ffd914b7e7 as process 14636
2025-03-17 10:51:58 0 [Note] InnoDB: Mutexes and rw_locks use Windows interlocked functions
2025-03-17 10:51:58 0 [Note] InnoDB: Uses event mutexes
2025-03-17 10:51:58 0 [Note] InnoDB: Compressed tables use zlib 1.2.12
2025-03-17 10:51:58 0 [Note] InnoDB: Number of pools: 1
2025-03-17 10:51:58 0 [Note] InnoDB: Using SSE2 crc32 instructions
2025-03-17 10:51:58 0 [Note] InnoDB: Initializing buffer pool, total size = 256M, instances = 1, chunk size = 128M
2025-03-17 10:51:58 0 [Note] InnoDB: Completed initialization of buffer pool
2025-03-17 10:51:58 0 [Note] InnoDB: Starting crash recovery from checkpoint LSN=25391072
2025-03-17 10:51:59 0 [ERROR] InnoDB: Operating system error number 3 in a file operation.
2025-03-17 10:51:59 0 [ERROR] InnoDB: The error means the system cannot find the path specified.
2025-03-17 10:51:59 0 [ERROR] InnoDB: If you are installing InnoDB, remember that you must create directories yourself, InnoDB does not create them.
2025-03-17 10:51:59 0 [ERROR] InnoDB: Cannot open datafile for read-only: '.\phpmyadmin\pma__bookmark.ibd' OS error: 203
2025-03-17 10:51:59 0 [ERROR] InnoDB: Operating system error number 203 in a file operation.
2025-03-17 10:51:59 0 [Note] InnoDB: Some operating system error numbers are described at https://mariadb.com/kb/en/library/operating-system-error-codes/
2025-03-17 10:51:59 0 [ERROR] InnoDB: Could not find a valid tablespace file for ``phpmyadmin`.`pma__bookmark``. Please refer to https://mariadb.com/kb/en/innodb-data-dictionary-troubleshooting/ for how to resolve the issue.
2025-03-17 10:51:59 0 [Warning] InnoDB: Ignoring tablespace for `phpmyadmin`.`pma__bookmark` because it could not be opened.
2025-03-17 10:51:59 0 [ERROR] InnoDB: Operating system error number 3 in a file operation.
2025-03-17 10:51:59 0 [ERROR] InnoDB: The error means the system cannot find the path specified.
2025-03-17 10:51:59 0 [ERROR] InnoDB: If you are installing InnoDB, remember that you must create directories yourself, InnoDB does not create them.
2025-03-17 10:51:59 0 [ERROR] InnoDB: Cannot open datafile for read-only: '.\phpmyadmin\pma__central_columns.ibd' OS error: 203
2025-03-17 10:51:59 0 [ERROR] InnoDB: Operating system error number 203 in a file operation.
2025-03-17 10:51:59 0 [Note] InnoDB: Some operating system error numbers are described at https://mariadb.com/kb/en/library/operating-system-error-codes/
2025-03-17 10:51:59 0 [ERROR] InnoDB: Could not find a valid tablespace file for ``phpmyadmin`.`pma__central_columns``. Please refer to https://mariadb.com/kb/en/innodb-data-dictionary-troubleshooting/ for how to resolve the issue.
2025-03-17 10:51:59 0 [Warning] InnoDB: Ignoring tablespace for `phpmyadmin`.`pma__central_columns` because it could not be opened.
2025-03-17 10:51:59 0 [ERROR] InnoDB: Operating system error number 3 in a file operation.
2025-03-17 10:51:59 0 [ERROR] InnoDB: The error means the system cannot find the path specified.
2025-03-17 10:51:59 0 [ERROR] InnoDB: If you are installing InnoDB, remember that you must create directories yourself, InnoDB does not create them.
2025-03-17 10:51:59 0 [ERROR] InnoDB: Cannot open datafile for read-only: '.\phpmyadmin\pma__column_info.ibd' OS error: 203
2025-03-17 10:51:59 0 [ERROR] InnoDB: Operating system error number 203 in a file operation.
2025-03-17 10:51:59 0 [Note] InnoDB: Some operating system error numbers are described at https://mariadb.com/kb/en/library/operating-system-error-codes/
2025-03-17 10:51:59 0 [ERROR] InnoDB: Could not find a valid tablespace file for ``phpmyadmin`.`pma__column_info``. Please refer to https://mariadb.com/kb/en/innodb-data-dictionary-troubleshooting/ for how to resolve the issue.
2025-03-17 10:51:59 0 [Warning] InnoDB: Ignoring tablespace for `phpmyadmin`.`pma__column_info` because it could not be opened.
2025-03-17 10:51:59 0 [ERROR] InnoDB: Operating system error number 3 in a file operation.
2025-03-17 10:51:59 0 [ERROR] InnoDB: The error means the system cannot find the path specified.
2025-03-17 10:51:59 0 [ERROR] InnoDB: If you are installing InnoDB, remember that you must create directories yourself, InnoDB does not create them.
2025-03-17 10:51:59 0 [ERROR] InnoDB: Cannot open datafile for read-only: '.\phpmyadmin\pma__designer_settings.ibd' OS error: 203
2025-03-17 10:51:59 0 [ERROR] InnoDB: Operating system error number 203 in a file operation.
2025-03-17 10:51:59 0 [Note] InnoDB: Some operating system error numbers are described at https://mariadb.com/kb/en/library/operating-system-error-codes/
2025-03-17 10:51:59 0 [ERROR] InnoDB: Could not find a valid tablespace file for ``phpmyadmin`.`pma__designer_settings``. Please refer to https://mariadb.com/kb/en/innodb-data-dictionary-troubleshooting/ for how to resolve the issue.
2025-03-17 10:51:59 0 [Warning] InnoDB: Ignoring tablespace for `phpmyadmin`.`pma__designer_settings` because it could not be opened.
2025-03-17 10:51:59 0 [ERROR] InnoDB: Operating system error number 3 in a file operation.
2025-03-17 10:51:59 0 [ERROR] InnoDB: The error means the system cannot find the path specified.
2025-03-17 10:51:59 0 [ERROR] InnoDB: If you are installing InnoDB, remember that you must create directories yourself, InnoDB does not create them.
2025-03-17 10:51:59 0 [ERROR] InnoDB: Cannot open datafile for read-only: '.\phpmyadmin\pma__export_templates.ibd' OS error: 203
2025-03-17 10:51:59 0 [ERROR] InnoDB: Operating system error number 203 in a file operation.
2025-03-17 10:51:59 0 [Note] InnoDB: Some operating system error numbers are described at https://mariadb.com/kb/en/library/operating-system-error-codes/
2025-03-17 10:51:59 0 [ERROR] InnoDB: Could not find a valid tablespace file for ``phpmyadmin`.`pma__export_templates``. Please refer to https://mariadb.com/kb/en/innodb-data-dictionary-troubleshooting/ for how to resolve the issue.
2025-03-17 10:51:59 0 [Warning] InnoDB: Ignoring tablespace for `phpmyadmin`.`pma__export_templates` because it could not be opened.
2025-03-17 10:51:59 0 [ERROR] InnoDB: Operating system error number 3 in a file operation.
2025-03-17 10:51:59 0 [ERROR] InnoDB: The error means the system cannot find the path specified.
2025-03-17 10:51:59 0 [ERROR] InnoDB: If you are installing InnoDB, remember that you must create directories yourself, InnoDB does not create them.
2025-03-17 10:51:59 0 [ERROR] InnoDB: Cannot open datafile for read-only: '.\phpmyadmin\pma__favorite.ibd' OS error: 203
2025-03-17 10:51:59 0 [ERROR] InnoDB: Operating system error number 203 in a file operation.
2025-03-17 10:51:59 0 [Note] InnoDB: Some operating system error numbers are described at https://mariadb.com/kb/en/library/operating-system-error-codes/
2025-03-17 10:51:59 0 [ERROR] InnoDB: Could not find a valid tablespace file for ``phpmyadmin`.`pma__favorite``. Please refer to https://mariadb.com/kb/en/innodb-data-dictionary-troubleshooting/ for how to resolve the issue.
2025-03-17 10:51:59 0 [Warning] InnoDB: Ignoring tablespace for `phpmyadmin`.`pma__favorite` because it could not be opened.
2025-03-17 10:51:59 0 [ERROR] InnoDB: Operating system error number 3 in a file operation.
2025-03-17 10:51:59 0 [ERROR] InnoDB: The error means the system cannot find the path specified.
2025-03-17 10:51:59 0 [ERROR] InnoDB: If you are installing InnoDB, remember that you must create directories yourself, InnoDB does not create them.
2025-03-17 10:51:59 0 [ERROR] InnoDB: Cannot open datafile for read-only: '.\phpmyadmin\pma__history.ibd' OS error: 203
2025-03-17 10:51:59 0 [ERROR] InnoDB: Operating system error number 203 in a file operation.
2025-03-17 10:51:59 0 [Note] InnoDB: Some operating system error numbers are described at https://mariadb.com/kb/en/library/operating-system-error-codes/
2025-03-17 10:51:59 0 [ERROR] InnoDB: Could not find a valid tablespace file for ``phpmyadmin`.`pma__history``. Please refer to https://mariadb.com/kb/en/innodb-data-dictionary-troubleshooting/ for how to resolve the issue.
2025-03-17 10:51:59 0 [Warning] InnoDB: Ignoring tablespace for `phpmyadmin`.`pma__history` because it could not be opened.
2025-03-17 10:51:59 0 [ERROR] InnoDB: Operating system error number 3 in a file operation.
2025-03-17 10:51:59 0 [ERROR] InnoDB: The error means the system cannot find the path specified.
2025-03-17 10:51:59 0 [ERROR] InnoDB: If you are installing InnoDB, remember that you must create directories yourself, InnoDB does not create them.
2025-03-17 10:51:59 0 [ERROR] InnoDB: Cannot open datafile for read-only: '.\phpmyadmin\pma__navigationhiding.ibd' OS error: 203
2025-03-17 10:51:59 0 [ERROR] InnoDB: Operating system error number 203 in a file operation.
2025-03-17 10:51:59 0 [Note] InnoDB: Some operating system error numbers are described at https://mariadb.com/kb/en/library/operating-system-error-codes/
2025-03-17 10:51:59 0 [ERROR] InnoDB: Could not find a valid tablespace file for ``phpmyadmin`.`pma__navigationhiding``. Please refer to https://mariadb.com/kb/en/innodb-data-dictionary-troubleshooting/ for how to resolve the issue.
2025-03-17 10:51:59 0 [Warning] InnoDB: Ignoring tablespace for `phpmyadmin`.`pma__navigationhiding` because it could not be opened.
2025-03-17 10:51:59 0 [ERROR] InnoDB: Operating system error number 3 in a file operation.
2025-03-17 10:51:59 0 [ERROR] InnoDB: The error means the system cannot find the path specified.
2025-03-17 10:51:59 0 [ERROR] InnoDB: If you are installing InnoDB, remember that you must create directories yourself, InnoDB does not create them.
2025-03-17 10:51:59 0 [ERROR] InnoDB: Cannot open datafile for read-only: '.\phpmyadmin\pma__pdf_pages.ibd' OS error: 203
2025-03-17 10:51:59 0 [ERROR] InnoDB: Operating system error number 203 in a file operation.
2025-03-17 10:51:59 0 [Note] InnoDB: Some operating system error numbers are described at https://mariadb.com/kb/en/library/operating-system-error-codes/
2025-03-17 10:51:59 0 [ERROR] InnoDB: Could not find a valid tablespace file for ``phpmyadmin`.`pma__pdf_pages``. Please refer to https://mariadb.com/kb/en/innodb-data-dictionary-troubleshooting/ for how to resolve the issue.
2025-03-17 10:51:59 0 [Warning] InnoDB: Ignoring tablespace for `phpmyadmin`.`pma__pdf_pages` because it could not be opened.
2025-03-17 10:51:59 0 [ERROR] InnoDB: Operating system error number 3 in a file operation.
2025-03-17 10:51:59 0 [ERROR] InnoDB: The error means the system cannot find the path specified.
2025-03-17 10:51:59 0 [ERROR] InnoDB: If you are installing InnoDB, remember that you must create directories yourself, InnoDB does not create them.
2025-03-17 10:51:59 0 [ERROR] InnoDB: Cannot open datafile for read-only: '.\phpmyadmin\pma__recent.ibd' OS error: 203
2025-03-17 10:51:59 0 [ERROR] InnoDB: Operating system error number 203 in a file operation.
2025-03-17 10:51:59 0 [Note] InnoDB: Some operating system error numbers are described at https://mariadb.com/kb/en/library/operating-system-error-codes/
2025-03-17 10:51:59 0 [ERROR] InnoDB: Could not find a valid tablespace file for ``phpmyadmin`.`pma__recent``. Please refer to https://mariadb.com/kb/en/innodb-data-dictionary-troubleshooting/ for how to resolve the issue.
2025-03-17 10:51:59 0 [Warning] InnoDB: Ignoring tablespace for `phpmyadmin`.`pma__recent` because it could not be opened.
2025-03-17 10:51:59 0 [ERROR] InnoDB: Operating system error number 3 in a file operation.
2025-03-17 10:51:59 0 [ERROR] InnoDB: The error means the system cannot find the path specified.
2025-03-17 10:51:59 0 [ERROR] InnoDB: If you are installing InnoDB, remember that you must create directories yourself, InnoDB does not create them.
2025-03-17 10:51:59 0 [ERROR] InnoDB: Cannot open datafile for read-only: '.\phpmyadmin\pma__relation.ibd' OS error: 203
2025-03-17 10:51:59 0 [ERROR] InnoDB: Operating system error number 203 in a file operation.
2025-03-17 10:51:59 0 [Note] InnoDB: Some operating system error numbers are described at https://mariadb.com/kb/en/library/operating-system-error-codes/
2025-03-17 10:51:59 0 [ERROR] InnoDB: Could not find a valid tablespace file for ``phpmyadmin`.`pma__relation``. Please refer to https://mariadb.com/kb/en/innodb-data-dictionary-troubleshooting/ for how to resolve the issue.
2025-03-17 10:51:59 0 [Warning] InnoDB: Ignoring tablespace for `phpmyadmin`.`pma__relation` because it could not be opened.
2025-03-17 10:51:59 0 [ERROR] InnoDB: Operating system error number 3 in a file operation.
2025-03-17 10:51:59 0 [ERROR] InnoDB: The error means the system cannot find the path specified.
2025-03-17 10:51:59 0 [ERROR] InnoDB: If you are installing InnoDB, remember that you must create directories yourself, InnoDB does not create them.
2025-03-17 10:51:59 0 [ERROR] InnoDB: Cannot open datafile for read-only: '.\phpmyadmin\pma__savedsearches.ibd' OS error: 203
2025-03-17 10:51:59 0 [ERROR] InnoDB: Operating system error number 203 in a file operation.
2025-03-17 10:51:59 0 [Note] InnoDB: Some operating system error numbers are described at https://mariadb.com/kb/en/library/operating-system-error-codes/
2025-03-17 10:51:59 0 [ERROR] InnoDB: Could not find a valid tablespace file for ``phpmyadmin`.`pma__savedsearches``. Please refer to https://mariadb.com/kb/en/innodb-data-dictionary-troubleshooting/ for how to resolve the issue.
2025-03-17 10:51:59 0 [Warning] InnoDB: Ignoring tablespace for `phpmyadmin`.`pma__savedsearches` because it could not be opened.
2025-03-17 10:51:59 0 [ERROR] InnoDB: Operating system error number 3 in a file operation.
2025-03-17 10:51:59 0 [ERROR] InnoDB: The error means the system cannot find the path specified.
2025-03-17 10:51:59 0 [ERROR] InnoDB: If you are installing InnoDB, remember that you must create directories yourself, InnoDB does not create them.
2025-03-17 10:51:59 0 [ERROR] InnoDB: Cannot open datafile for read-only: '.\phpmyadmin\pma__table_coords.ibd' OS error: 203
2025-03-17 10:51:59 0 [ERROR] InnoDB: Operating system error number 203 in a file operation.
2025-03-17 10:51:59 0 [Note] InnoDB: Some operating system error numbers are described at https://mariadb.com/kb/en/library/operating-system-error-codes/
2025-03-17 10:51:59 0 [ERROR] InnoDB: Could not find a valid tablespace file for ``phpmyadmin`.`pma__table_coords``. Please refer to https://mariadb.com/kb/en/innodb-data-dictionary-troubleshooting/ for how to resolve the issue.
2025-03-17 10:51:59 0 [Warning] InnoDB: Ignoring tablespace for `phpmyadmin`.`pma__table_coords` because it could not be opened.
2025-03-17 10:51:59 0 [ERROR] InnoDB: Operating system error number 3 in a file operation.
2025-03-17 10:51:59 0 [ERROR] InnoDB: The error means the system cannot find the path specified.
2025-03-17 10:51:59 0 [ERROR] InnoDB: If you are installing InnoDB, remember that you must create directories yourself, InnoDB does not create them.
2025-03-17 10:51:59 0 [ERROR] InnoDB: Cannot open datafile for read-only: '.\phpmyadmin\pma__table_info.ibd' OS error: 203
2025-03-17 10:51:59 0 [ERROR] InnoDB: Operating system error number 203 in a file operation.
2025-03-17 10:51:59 0 [Note] InnoDB: Some operating system error numbers are described at https://mariadb.com/kb/en/library/operating-system-error-codes/
2025-03-17 10:51:59 0 [ERROR] InnoDB: Could not find a valid tablespace file for ``phpmyadmin`.`pma__table_info``. Please refer to https://mariadb.com/kb/en/innodb-data-dictionary-troubleshooting/ for how to resolve the issue.
2025-03-17 10:51:59 0 [Warning] InnoDB: Ignoring tablespace for `phpmyadmin`.`pma__table_info` because it could not be opened.
2025-03-17 10:51:59 0 [ERROR] InnoDB: Operating system error number 3 in a file operation.
2025-03-17 10:51:59 0 [ERROR] InnoDB: The error means the system cannot find the path specified.
2025-03-17 10:51:59 0 [ERROR] InnoDB: If you are installing InnoDB, remember that you must create directories yourself, InnoDB does not create them.
2025-03-17 10:51:59 0 [ERROR] InnoDB: Cannot open datafile for read-only: '.\phpmyadmin\pma__table_uiprefs.ibd' OS error: 203
2025-03-17 10:51:59 0 [ERROR] InnoDB: Operating system error number 203 in a file operation.
2025-03-17 10:51:59 0 [Note] InnoDB: Some operating system error numbers are described at https://mariadb.com/kb/en/library/operating-system-error-codes/
2025-03-17 10:51:59 0 [ERROR] InnoDB: Could not find a valid tablespace file for ``phpmyadmin`.`pma__table_uiprefs``. Please refer to https://mariadb.com/kb/en/innodb-data-dictionary-troubleshooting/ for how to resolve the issue.
2025-03-17 10:51:59 0 [Warning] InnoDB: Ignoring tablespace for `phpmyadmin`.`pma__table_uiprefs` because it could not be opened.
2025-03-17 10:51:59 0 [ERROR] InnoDB: Operating system error number 3 in a file operation.
2025-03-17 10:51:59 0 [ERROR] InnoDB: The error means the system cannot find the path specified.
2025-03-17 10:51:59 0 [ERROR] InnoDB: If you are installing InnoDB, remember that you must create directories yourself, InnoDB does not create them.
2025-03-17 10:51:59 0 [ERROR] InnoDB: Cannot open datafile for read-only: '.\phpmyadmin\pma__tracking.ibd' OS error: 203
2025-03-17 10:51:59 0 [ERROR] InnoDB: Operating system error number 203 in a file operation.
2025-03-17 10:51:59 0 [Note] InnoDB: Some operating system error numbers are described at https://mariadb.com/kb/en/library/operating-system-error-codes/
2025-03-17 10:51:59 0 [ERROR] InnoDB: Could not find a valid tablespace file for ``phpmyadmin`.`pma__tracking``. Please refer to https://mariadb.com/kb/en/innodb-data-dictionary-troubleshooting/ for how to resolve the issue.
2025-03-17 10:51:59 0 [Warning] InnoDB: Ignoring tablespace for `phpmyadmin`.`pma__tracking` because it could not be opened.
2025-03-17 10:51:59 0 [ERROR] InnoDB: Operating system error number 3 in a file operation.
2025-03-17 10:51:59 0 [ERROR] InnoDB: The error means the system cannot find the path specified.
2025-03-17 10:51:59 0 [ERROR] InnoDB: If you are installing InnoDB, remember that you must create directories yourself, InnoDB does not create them.
2025-03-17 10:51:59 0 [ERROR] InnoDB: Cannot open datafile for read-only: '.\phpmyadmin\pma__userconfig.ibd' OS error: 203
2025-03-17 10:51:59 0 [ERROR] InnoDB: Operating system error number 203 in a file operation.
2025-03-17 10:51:59 0 [Note] InnoDB: Some operating system error numbers are described at https://mariadb.com/kb/en/library/operating-system-error-codes/
2025-03-17 10:51:59 0 [ERROR] InnoDB: Could not find a valid tablespace file for ``phpmyadmin`.`pma__userconfig``. Please refer to https://mariadb.com/kb/en/innodb-data-dictionary-troubleshooting/ for how to resolve the issue.
2025-03-17 10:51:59 0 [Warning] InnoDB: Ignoring tablespace for `phpmyadmin`.`pma__userconfig` because it could not be opened.
2025-03-17 10:51:59 0 [ERROR] InnoDB: Operating system error number 3 in a file operation.
2025-03-17 10:51:59 0 [ERROR] InnoDB: The error means the system cannot find the path specified.
2025-03-17 10:51:59 0 [ERROR] InnoDB: If you are installing InnoDB, remember that you must create directories yourself, InnoDB does not create them.
2025-03-17 10:51:59 0 [ERROR] InnoDB: Cannot open datafile for read-only: '.\phpmyadmin\pma__usergroups.ibd' OS error: 203
2025-03-17 10:51:59 0 [ERROR] InnoDB: Operating system error number 203 in a file operation.
2025-03-17 10:51:59 0 [Note] InnoDB: Some operating system error numbers are described at https://mariadb.com/kb/en/library/operating-system-error-codes/
2025-03-17 10:51:59 0 [ERROR] InnoDB: Could not find a valid tablespace file for ``phpmyadmin`.`pma__usergroups``. Please refer to https://mariadb.com/kb/en/innodb-data-dictionary-troubleshooting/ for how to resolve the issue.
2025-03-17 10:51:59 0 [Warning] InnoDB: Ignoring tablespace for `phpmyadmin`.`pma__usergroups` because it could not be opened.
2025-03-17 10:51:59 0 [ERROR] InnoDB: Operating system error number 3 in a file operation.
2025-03-17 10:51:59 0 [ERROR] InnoDB: The error means the system cannot find the path specified.
2025-03-17 10:51:59 0 [ERROR] InnoDB: If you are installing InnoDB, remember that you must create directories yourself, InnoDB does not create them.
2025-03-17 10:51:59 0 [ERROR] InnoDB: Cannot open datafile for read-only: '.\phpmyadmin\pma__users.ibd' OS error: 203
2025-03-17 10:51:59 0 [ERROR] InnoDB: Operating system error number 203 in a file operation.
2025-03-17 10:51:59 0 [Note] InnoDB: Some operating system error numbers are described at https://mariadb.com/kb/en/library/operating-system-error-codes/
2025-03-17 10:51:59 0 [ERROR] InnoDB: Could not find a valid tablespace file for ``phpmyadmin`.`pma__users``. Please refer to https://mariadb.com/kb/en/innodb-data-dictionary-troubleshooting/ for how to resolve the issue.
2025-03-17 10:51:59 0 [Warning] InnoDB: Ignoring tablespace for `phpmyadmin`.`pma__users` because it could not be opened.
2025-03-17 10:51:59 0 [Note] InnoDB: 128 out of 128 rollback segments are active.
2025-03-17 10:51:59 0 [Note] InnoDB: Removed temporary tablespace data file: "ibtmp1"
2025-03-17 10:51:59 0 [Note] InnoDB: Creating shared tablespace for temporary tables
2025-03-17 10:51:59 0 [Note] InnoDB: Setting file 'C:\Users\Zedric Berwin\Desktop\OJT files\repository\ojt\server\mysql\data\ibtmp1' size to 12 MB. Physically writing the file full; Please wait ...
2025-03-17 10:51:59 0 [Note] InnoDB: File 'C:\Users\Zedric Berwin\Desktop\OJT files\repository\ojt\server\mysql\data\ibtmp1' size is now 12 MB.
2025-03-17 10:51:59 0 [Note] InnoDB: Waiting for purge to start
2025-03-17 10:51:59 0 [Note] InnoDB: 10.4.28 started; log sequence number 25391081; transaction id 43262
2025-03-17 10:51:59 0 [Note] InnoDB: Loading buffer pool(s) from C:\Users\Zedric Berwin\Desktop\OJT files\repository\ojt\server\mysql\data\ib_buffer_pool
2025-03-17 10:51:59 0 [Note] Plugin 'FEEDBACK' is disabled.
2025-03-17 10:51:59 0 [Note] Server socket created on IP: '::'.
2025-03-17 10:51:59 0 [Note] InnoDB: Buffer pool(s) load completed at 250317 10:51:59
2025-03-17 10:51:59 0 [Note] Reading of all Master_info entries succeeded
2025-03-17 10:51:59 0 [Note] Added new Master_info '' to hash table
2025-03-17 10:51:59 0 [Note] mysql\bin\mysqld.exe: ready for connections.
Version: '10.4.28-MariaDB'  socket: ''  port: 3306  mariadb.org binary distribution
2025-03-18  9:15:36 0 [Note] Starting MariaDB 10.4.28-MariaDB source revision c8f2e9a5c0ac5905f28b050b7df5a9ffd914b7e7 as process 9380
2025-03-18  9:15:36 0 [Note] InnoDB: Mutexes and rw_locks use Windows interlocked functions
2025-03-18  9:15:36 0 [Note] InnoDB: Uses event mutexes
2025-03-18  9:15:36 0 [Note] InnoDB: Compressed tables use zlib 1.2.12
2025-03-18  9:15:36 0 [Note] InnoDB: Number of pools: 1
2025-03-18  9:15:36 0 [Note] InnoDB: Using SSE2 crc32 instructions
2025-03-18  9:15:36 0 [Note] InnoDB: Initializing buffer pool, total size = 256M, instances = 1, chunk size = 128M
2025-03-18  9:15:36 0 [Note] InnoDB: Completed initialization of buffer pool
2025-03-18  9:15:36 0 [Note] InnoDB: Starting crash recovery from checkpoint LSN=33174163
2025-03-18  9:15:37 0 [ERROR] InnoDB: Operating system error number 3 in a file operation.
2025-03-18  9:15:37 0 [ERROR] InnoDB: The error means the system cannot find the path specified.
2025-03-18  9:15:37 0 [ERROR] InnoDB: If you are installing InnoDB, remember that you must create directories yourself, InnoDB does not create them.
2025-03-18  9:15:37 0 [ERROR] InnoDB: Cannot open datafile for read-only: '.\phpmyadmin\pma__bookmark.ibd' OS error: 203
2025-03-18  9:15:37 0 [ERROR] InnoDB: Operating system error number 203 in a file operation.
2025-03-18  9:15:37 0 [Note] InnoDB: Some operating system error numbers are described at https://mariadb.com/kb/en/library/operating-system-error-codes/
2025-03-18  9:15:37 0 [ERROR] InnoDB: Could not find a valid tablespace file for ``phpmyadmin`.`pma__bookmark``. Please refer to https://mariadb.com/kb/en/innodb-data-dictionary-troubleshooting/ for how to resolve the issue.
2025-03-18  9:15:37 0 [Warning] InnoDB: Ignoring tablespace for `phpmyadmin`.`pma__bookmark` because it could not be opened.
2025-03-18  9:15:37 0 [ERROR] InnoDB: Operating system error number 3 in a file operation.
2025-03-18  9:15:37 0 [ERROR] InnoDB: The error means the system cannot find the path specified.
2025-03-18  9:15:37 0 [ERROR] InnoDB: If you are installing InnoDB, remember that you must create directories yourself, InnoDB does not create them.
2025-03-18  9:15:37 0 [ERROR] InnoDB: Cannot open datafile for read-only: '.\phpmyadmin\pma__central_columns.ibd' OS error: 203
2025-03-18  9:15:37 0 [ERROR] InnoDB: Operating system error number 203 in a file operation.
2025-03-18  9:15:37 0 [Note] InnoDB: Some operating system error numbers are described at https://mariadb.com/kb/en/library/operating-system-error-codes/
2025-03-18  9:15:37 0 [ERROR] InnoDB: Could not find a valid tablespace file for ``phpmyadmin`.`pma__central_columns``. Please refer to https://mariadb.com/kb/en/innodb-data-dictionary-troubleshooting/ for how to resolve the issue.
2025-03-18  9:15:37 0 [Warning] InnoDB: Ignoring tablespace for `phpmyadmin`.`pma__central_columns` because it could not be opened.
2025-03-18  9:15:37 0 [ERROR] InnoDB: Operating system error number 3 in a file operation.
2025-03-18  9:15:37 0 [ERROR] InnoDB: The error means the system cannot find the path specified.
2025-03-18  9:15:37 0 [ERROR] InnoDB: If you are installing InnoDB, remember that you must create directories yourself, InnoDB does not create them.
2025-03-18  9:15:37 0 [ERROR] InnoDB: Cannot open datafile for read-only: '.\phpmyadmin\pma__column_info.ibd' OS error: 203
2025-03-18  9:15:37 0 [ERROR] InnoDB: Operating system error number 203 in a file operation.
2025-03-18  9:15:37 0 [Note] InnoDB: Some operating system error numbers are described at https://mariadb.com/kb/en/library/operating-system-error-codes/
2025-03-18  9:15:37 0 [ERROR] InnoDB: Could not find a valid tablespace file for ``phpmyadmin`.`pma__column_info``. Please refer to https://mariadb.com/kb/en/innodb-data-dictionary-troubleshooting/ for how to resolve the issue.
2025-03-18  9:15:37 0 [Warning] InnoDB: Ignoring tablespace for `phpmyadmin`.`pma__column_info` because it could not be opened.
2025-03-18  9:15:37 0 [ERROR] InnoDB: Operating system error number 3 in a file operation.
2025-03-18  9:15:37 0 [ERROR] InnoDB: The error means the system cannot find the path specified.
2025-03-18  9:15:37 0 [ERROR] InnoDB: If you are installing InnoDB, remember that you must create directories yourself, InnoDB does not create them.
2025-03-18  9:15:37 0 [ERROR] InnoDB: Cannot open datafile for read-only: '.\phpmyadmin\pma__designer_settings.ibd' OS error: 203
2025-03-18  9:15:37 0 [ERROR] InnoDB: Operating system error number 203 in a file operation.
2025-03-18  9:15:37 0 [Note] InnoDB: Some operating system error numbers are described at https://mariadb.com/kb/en/library/operating-system-error-codes/
2025-03-18  9:15:37 0 [ERROR] InnoDB: Could not find a valid tablespace file for ``phpmyadmin`.`pma__designer_settings``. Please refer to https://mariadb.com/kb/en/innodb-data-dictionary-troubleshooting/ for how to resolve the issue.
2025-03-18  9:15:37 0 [Warning] InnoDB: Ignoring tablespace for `phpmyadmin`.`pma__designer_settings` because it could not be opened.
2025-03-18  9:15:37 0 [ERROR] InnoDB: Operating system error number 3 in a file operation.
2025-03-18  9:15:37 0 [ERROR] InnoDB: The error means the system cannot find the path specified.
2025-03-18  9:15:37 0 [ERROR] InnoDB: If you are installing InnoDB, remember that you must create directories yourself, InnoDB does not create them.
2025-03-18  9:15:37 0 [ERROR] InnoDB: Cannot open datafile for read-only: '.\phpmyadmin\pma__export_templates.ibd' OS error: 203
2025-03-18  9:15:37 0 [ERROR] InnoDB: Operating system error number 203 in a file operation.
2025-03-18  9:15:37 0 [Note] InnoDB: Some operating system error numbers are described at https://mariadb.com/kb/en/library/operating-system-error-codes/
2025-03-18  9:15:37 0 [ERROR] InnoDB: Could not find a valid tablespace file for ``phpmyadmin`.`pma__export_templates``. Please refer to https://mariadb.com/kb/en/innodb-data-dictionary-troubleshooting/ for how to resolve the issue.
2025-03-18  9:15:37 0 [Warning] InnoDB: Ignoring tablespace for `phpmyadmin`.`pma__export_templates` because it could not be opened.
2025-03-18  9:15:37 0 [ERROR] InnoDB: Operating system error number 3 in a file operation.
2025-03-18  9:15:37 0 [ERROR] InnoDB: The error means the system cannot find the path specified.
2025-03-18  9:15:37 0 [ERROR] InnoDB: If you are installing InnoDB, remember that you must create directories yourself, InnoDB does not create them.
2025-03-18  9:15:37 0 [ERROR] InnoDB: Cannot open datafile for read-only: '.\phpmyadmin\pma__favorite.ibd' OS error: 203
2025-03-18  9:15:37 0 [ERROR] InnoDB: Operating system error number 203 in a file operation.
2025-03-18  9:15:37 0 [Note] InnoDB: Some operating system error numbers are described at https://mariadb.com/kb/en/library/operating-system-error-codes/
2025-03-18  9:15:37 0 [ERROR] InnoDB: Could not find a valid tablespace file for ``phpmyadmin`.`pma__favorite``. Please refer to https://mariadb.com/kb/en/innodb-data-dictionary-troubleshooting/ for how to resolve the issue.
2025-03-18  9:15:37 0 [Warning] InnoDB: Ignoring tablespace for `phpmyadmin`.`pma__favorite` because it could not be opened.
2025-03-18  9:15:37 0 [ERROR] InnoDB: Operating system error number 3 in a file operation.
2025-03-18  9:15:37 0 [ERROR] InnoDB: The error means the system cannot find the path specified.
2025-03-18  9:15:37 0 [ERROR] InnoDB: If you are installing InnoDB, remember that you must create directories yourself, InnoDB does not create them.
2025-03-18  9:15:37 0 [ERROR] InnoDB: Cannot open datafile for read-only: '.\phpmyadmin\pma__history.ibd' OS error: 203
2025-03-18  9:15:37 0 [ERROR] InnoDB: Operating system error number 203 in a file operation.
2025-03-18  9:15:37 0 [Note] InnoDB: Some operating system error numbers are described at https://mariadb.com/kb/en/library/operating-system-error-codes/
2025-03-18  9:15:37 0 [ERROR] InnoDB: Could not find a valid tablespace file for ``phpmyadmin`.`pma__history``. Please refer to https://mariadb.com/kb/en/innodb-data-dictionary-troubleshooting/ for how to resolve the issue.
2025-03-18  9:15:37 0 [Warning] InnoDB: Ignoring tablespace for `phpmyadmin`.`pma__history` because it could not be opened.
2025-03-18  9:15:37 0 [ERROR] InnoDB: Operating system error number 3 in a file operation.
2025-03-18  9:15:37 0 [ERROR] InnoDB: The error means the system cannot find the path specified.
2025-03-18  9:15:37 0 [ERROR] InnoDB: If you are installing InnoDB, remember that you must create directories yourself, InnoDB does not create them.
2025-03-18  9:15:37 0 [ERROR] InnoDB: Cannot open datafile for read-only: '.\phpmyadmin\pma__navigationhiding.ibd' OS error: 203
2025-03-18  9:15:37 0 [ERROR] InnoDB: Operating system error number 203 in a file operation.
2025-03-18  9:15:37 0 [Note] InnoDB: Some operating system error numbers are described at https://mariadb.com/kb/en/library/operating-system-error-codes/
2025-03-18  9:15:37 0 [ERROR] InnoDB: Could not find a valid tablespace file for ``phpmyadmin`.`pma__navigationhiding``. Please refer to https://mariadb.com/kb/en/innodb-data-dictionary-troubleshooting/ for how to resolve the issue.
2025-03-18  9:15:37 0 [Warning] InnoDB: Ignoring tablespace for `phpmyadmin`.`pma__navigationhiding` because it could not be opened.
2025-03-18  9:15:37 0 [ERROR] InnoDB: Operating system error number 3 in a file operation.
2025-03-18  9:15:37 0 [ERROR] InnoDB: The error means the system cannot find the path specified.
2025-03-18  9:15:37 0 [ERROR] InnoDB: If you are installing InnoDB, remember that you must create directories yourself, InnoDB does not create them.
2025-03-18  9:15:37 0 [ERROR] InnoDB: Cannot open datafile for read-only: '.\phpmyadmin\pma__pdf_pages.ibd' OS error: 203
2025-03-18  9:15:37 0 [ERROR] InnoDB: Operating system error number 203 in a file operation.
2025-03-18  9:15:37 0 [Note] InnoDB: Some operating system error numbers are described at https://mariadb.com/kb/en/library/operating-system-error-codes/
2025-03-18  9:15:37 0 [ERROR] InnoDB: Could not find a valid tablespace file for ``phpmyadmin`.`pma__pdf_pages``. Please refer to https://mariadb.com/kb/en/innodb-data-dictionary-troubleshooting/ for how to resolve the issue.
2025-03-18  9:15:37 0 [Warning] InnoDB: Ignoring tablespace for `phpmyadmin`.`pma__pdf_pages` because it could not be opened.
2025-03-18  9:15:37 0 [ERROR] InnoDB: Operating system error number 3 in a file operation.
2025-03-18  9:15:37 0 [ERROR] InnoDB: The error means the system cannot find the path specified.
2025-03-18  9:15:37 0 [ERROR] InnoDB: If you are installing InnoDB, remember that you must create directories yourself, InnoDB does not create them.
2025-03-18  9:15:37 0 [ERROR] InnoDB: Cannot open datafile for read-only: '.\phpmyadmin\pma__recent.ibd' OS error: 203
2025-03-18  9:15:37 0 [ERROR] InnoDB: Operating system error number 203 in a file operation.
2025-03-18  9:15:37 0 [Note] InnoDB: Some operating system error numbers are described at https://mariadb.com/kb/en/library/operating-system-error-codes/
2025-03-18  9:15:37 0 [ERROR] InnoDB: Could not find a valid tablespace file for ``phpmyadmin`.`pma__recent``. Please refer to https://mariadb.com/kb/en/innodb-data-dictionary-troubleshooting/ for how to resolve the issue.
2025-03-18  9:15:37 0 [Warning] InnoDB: Ignoring tablespace for `phpmyadmin`.`pma__recent` because it could not be opened.
2025-03-18  9:15:37 0 [ERROR] InnoDB: Operating system error number 3 in a file operation.
2025-03-18  9:15:37 0 [ERROR] InnoDB: The error means the system cannot find the path specified.
2025-03-18  9:15:37 0 [ERROR] InnoDB: If you are installing InnoDB, remember that you must create directories yourself, InnoDB does not create them.
2025-03-18  9:15:37 0 [ERROR] InnoDB: Cannot open datafile for read-only: '.\phpmyadmin\pma__relation.ibd' OS error: 203
2025-03-18  9:15:37 0 [ERROR] InnoDB: Operating system error number 203 in a file operation.
2025-03-18  9:15:37 0 [Note] InnoDB: Some operating system error numbers are described at https://mariadb.com/kb/en/library/operating-system-error-codes/
2025-03-18  9:15:37 0 [ERROR] InnoDB: Could not find a valid tablespace file for ``phpmyadmin`.`pma__relation``. Please refer to https://mariadb.com/kb/en/innodb-data-dictionary-troubleshooting/ for how to resolve the issue.
2025-03-18  9:15:37 0 [Warning] InnoDB: Ignoring tablespace for `phpmyadmin`.`pma__relation` because it could not be opened.
2025-03-18  9:15:37 0 [ERROR] InnoDB: Operating system error number 3 in a file operation.
2025-03-18  9:15:37 0 [ERROR] InnoDB: The error means the system cannot find the path specified.
2025-03-18  9:15:37 0 [ERROR] InnoDB: If you are installing InnoDB, remember that you must create directories yourself, InnoDB does not create them.
2025-03-18  9:15:37 0 [ERROR] InnoDB: Cannot open datafile for read-only: '.\phpmyadmin\pma__savedsearches.ibd' OS error: 203
2025-03-18  9:15:37 0 [ERROR] InnoDB: Operating system error number 203 in a file operation.
2025-03-18  9:15:37 0 [Note] InnoDB: Some operating system error numbers are described at https://mariadb.com/kb/en/library/operating-system-error-codes/
2025-03-18  9:15:37 0 [ERROR] InnoDB: Could not find a valid tablespace file for ``phpmyadmin`.`pma__savedsearches``. Please refer to https://mariadb.com/kb/en/innodb-data-dictionary-troubleshooting/ for how to resolve the issue.
2025-03-18  9:15:37 0 [Warning] InnoDB: Ignoring tablespace for `phpmyadmin`.`pma__savedsearches` because it could not be opened.
2025-03-18  9:15:37 0 [ERROR] InnoDB: Operating system error number 3 in a file operation.
2025-03-18  9:15:37 0 [ERROR] InnoDB: The error means the system cannot find the path specified.
2025-03-18  9:15:37 0 [ERROR] InnoDB: If you are installing InnoDB, remember that you must create directories yourself, InnoDB does not create them.
2025-03-18  9:15:37 0 [ERROR] InnoDB: Cannot open datafile for read-only: '.\phpmyadmin\pma__table_coords.ibd' OS error: 203
2025-03-18  9:15:37 0 [ERROR] InnoDB: Operating system error number 203 in a file operation.
2025-03-18  9:15:37 0 [Note] InnoDB: Some operating system error numbers are described at https://mariadb.com/kb/en/library/operating-system-error-codes/
2025-03-18  9:15:37 0 [ERROR] InnoDB: Could not find a valid tablespace file for ``phpmyadmin`.`pma__table_coords``. Please refer to https://mariadb.com/kb/en/innodb-data-dictionary-troubleshooting/ for how to resolve the issue.
2025-03-18  9:15:37 0 [Warning] InnoDB: Ignoring tablespace for `phpmyadmin`.`pma__table_coords` because it could not be opened.
2025-03-18  9:15:37 0 [ERROR] InnoDB: Operating system error number 3 in a file operation.
2025-03-18  9:15:37 0 [ERROR] InnoDB: The error means the system cannot find the path specified.
2025-03-18  9:15:37 0 [ERROR] InnoDB: If you are installing InnoDB, remember that you must create directories yourself, InnoDB does not create them.
2025-03-18  9:15:37 0 [ERROR] InnoDB: Cannot open datafile for read-only: '.\phpmyadmin\pma__table_info.ibd' OS error: 203
2025-03-18  9:15:37 0 [ERROR] InnoDB: Operating system error number 203 in a file operation.
2025-03-18  9:15:37 0 [Note] InnoDB: Some operating system error numbers are described at https://mariadb.com/kb/en/library/operating-system-error-codes/
2025-03-18  9:15:37 0 [ERROR] InnoDB: Could not find a valid tablespace file for ``phpmyadmin`.`pma__table_info``. Please refer to https://mariadb.com/kb/en/innodb-data-dictionary-troubleshooting/ for how to resolve the issue.
2025-03-18  9:15:37 0 [Warning] InnoDB: Ignoring tablespace for `phpmyadmin`.`pma__table_info` because it could not be opened.
2025-03-18  9:15:37 0 [ERROR] InnoDB: Operating system error number 3 in a file operation.
2025-03-18  9:15:37 0 [ERROR] InnoDB: The error means the system cannot find the path specified.
2025-03-18  9:15:37 0 [ERROR] InnoDB: If you are installing InnoDB, remember that you must create directories yourself, InnoDB does not create them.
2025-03-18  9:15:37 0 [ERROR] InnoDB: Cannot open datafile for read-only: '.\phpmyadmin\pma__table_uiprefs.ibd' OS error: 203
2025-03-18  9:15:37 0 [ERROR] InnoDB: Operating system error number 203 in a file operation.
2025-03-18  9:15:37 0 [Note] InnoDB: Some operating system error numbers are described at https://mariadb.com/kb/en/library/operating-system-error-codes/
2025-03-18  9:15:37 0 [ERROR] InnoDB: Could not find a valid tablespace file for ``phpmyadmin`.`pma__table_uiprefs``. Please refer to https://mariadb.com/kb/en/innodb-data-dictionary-troubleshooting/ for how to resolve the issue.
2025-03-18  9:15:37 0 [Warning] InnoDB: Ignoring tablespace for `phpmyadmin`.`pma__table_uiprefs` because it could not be opened.
2025-03-18  9:15:37 0 [ERROR] InnoDB: Operating system error number 3 in a file operation.
2025-03-18  9:15:37 0 [ERROR] InnoDB: The error means the system cannot find the path specified.
2025-03-18  9:15:37 0 [ERROR] InnoDB: If you are installing InnoDB, remember that you must create directories yourself, InnoDB does not create them.
2025-03-18  9:15:37 0 [ERROR] InnoDB: Cannot open datafile for read-only: '.\phpmyadmin\pma__tracking.ibd' OS error: 203
2025-03-18  9:15:37 0 [ERROR] InnoDB: Operating system error number 203 in a file operation.
2025-03-18  9:15:37 0 [Note] InnoDB: Some operating system error numbers are described at https://mariadb.com/kb/en/library/operating-system-error-codes/
2025-03-18  9:15:37 0 [ERROR] InnoDB: Could not find a valid tablespace file for ``phpmyadmin`.`pma__tracking``. Please refer to https://mariadb.com/kb/en/innodb-data-dictionary-troubleshooting/ for how to resolve the issue.
2025-03-18  9:15:37 0 [Warning] InnoDB: Ignoring tablespace for `phpmyadmin`.`pma__tracking` because it could not be opened.
2025-03-18  9:15:37 0 [ERROR] InnoDB: Operating system error number 3 in a file operation.
2025-03-18  9:15:37 0 [ERROR] InnoDB: The error means the system cannot find the path specified.
2025-03-18  9:15:37 0 [ERROR] InnoDB: If you are installing InnoDB, remember that you must create directories yourself, InnoDB does not create them.
2025-03-18  9:15:37 0 [ERROR] InnoDB: Cannot open datafile for read-only: '.\phpmyadmin\pma__userconfig.ibd' OS error: 203
2025-03-18  9:15:37 0 [ERROR] InnoDB: Operating system error number 203 in a file operation.
2025-03-18  9:15:37 0 [Note] InnoDB: Some operating system error numbers are described at https://mariadb.com/kb/en/library/operating-system-error-codes/
2025-03-18  9:15:37 0 [ERROR] InnoDB: Could not find a valid tablespace file for ``phpmyadmin`.`pma__userconfig``. Please refer to https://mariadb.com/kb/en/innodb-data-dictionary-troubleshooting/ for how to resolve the issue.
2025-03-18  9:15:37 0 [Warning] InnoDB: Ignoring tablespace for `phpmyadmin`.`pma__userconfig` because it could not be opened.
2025-03-18  9:15:37 0 [ERROR] InnoDB: Operating system error number 3 in a file operation.
2025-03-18  9:15:37 0 [ERROR] InnoDB: The error means the system cannot find the path specified.
2025-03-18  9:15:37 0 [ERROR] InnoDB: If you are installing InnoDB, remember that you must create directories yourself, InnoDB does not create them.
2025-03-18  9:15:37 0 [ERROR] InnoDB: Cannot open datafile for read-only: '.\phpmyadmin\pma__usergroups.ibd' OS error: 203
2025-03-18  9:15:37 0 [ERROR] InnoDB: Operating system error number 203 in a file operation.
2025-03-18  9:15:37 0 [Note] InnoDB: Some operating system error numbers are described at https://mariadb.com/kb/en/library/operating-system-error-codes/
2025-03-18  9:15:37 0 [ERROR] InnoDB: Could not find a valid tablespace file for ``phpmyadmin`.`pma__usergroups``. Please refer to https://mariadb.com/kb/en/innodb-data-dictionary-troubleshooting/ for how to resolve the issue.
2025-03-18  9:15:37 0 [Warning] InnoDB: Ignoring tablespace for `phpmyadmin`.`pma__usergroups` because it could not be opened.
2025-03-18  9:15:37 0 [ERROR] InnoDB: Operating system error number 3 in a file operation.
2025-03-18  9:15:37 0 [ERROR] InnoDB: The error means the system cannot find the path specified.
2025-03-18  9:15:37 0 [ERROR] InnoDB: If you are installing InnoDB, remember that you must create directories yourself, InnoDB does not create them.
2025-03-18  9:15:37 0 [ERROR] InnoDB: Cannot open datafile for read-only: '.\phpmyadmin\pma__users.ibd' OS error: 203
2025-03-18  9:15:37 0 [ERROR] InnoDB: Operating system error number 203 in a file operation.
2025-03-18  9:15:37 0 [Note] InnoDB: Some operating system error numbers are described at https://mariadb.com/kb/en/library/operating-system-error-codes/
2025-03-18  9:15:37 0 [ERROR] InnoDB: Could not find a valid tablespace file for ``phpmyadmin`.`pma__users``. Please refer to https://mariadb.com/kb/en/innodb-data-dictionary-troubleshooting/ for how to resolve the issue.
2025-03-18  9:15:37 0 [Warning] InnoDB: Ignoring tablespace for `phpmyadmin`.`pma__users` because it could not be opened.
2025-03-18  9:15:37 0 [Note] InnoDB: 128 out of 128 rollback segments are active.
2025-03-18  9:15:37 0 [Note] InnoDB: Removed temporary tablespace data file: "ibtmp1"
2025-03-18  9:15:37 0 [Note] InnoDB: Creating shared tablespace for temporary tables
2025-03-18  9:15:37 0 [Note] InnoDB: Setting file 'C:\Users\Zedric Berwin\Desktop\OJT files\repository\ojt\server\mysql\data\ibtmp1' size to 12 MB. Physically writing the file full; Please wait ...
2025-03-18  9:15:37 0 [Note] InnoDB: File 'C:\Users\Zedric Berwin\Desktop\OJT files\repository\ojt\server\mysql\data\ibtmp1' size is now 12 MB.
2025-03-18  9:15:37 0 [Note] InnoDB: Waiting for purge to start
2025-03-18  9:15:37 0 [Note] InnoDB: 10.4.28 started; log sequence number 33174172; transaction id 54941
2025-03-18  9:15:37 0 [Note] InnoDB: Loading buffer pool(s) from C:\Users\Zedric Berwin\Desktop\OJT files\repository\ojt\server\mysql\data\ib_buffer_pool
2025-03-18  9:15:37 0 [Note] Plugin 'FEEDBACK' is disabled.
2025-03-18  9:15:37 0 [Note] Server socket created on IP: '::'.
2025-03-18  9:15:37 0 [Note] InnoDB: Buffer pool(s) load completed at 250318  9:15:37
2025-03-18  9:15:37 0 [Note] Reading of all Master_info entries succeeded
2025-03-18  9:15:37 0 [Note] Added new Master_info '' to hash table
2025-03-18  9:15:37 0 [Note] mysql\bin\mysqld.exe: ready for connections.
Version: '10.4.28-MariaDB'  socket: ''  port: 3306  mariadb.org binary distribution
2025-03-19  7:50:34 0 [Note] Starting MariaDB 10.4.28-MariaDB source revision c8f2e9a5c0ac5905f28b050b7df5a9ffd914b7e7 as process 3136
2025-03-19  7:50:34 0 [Note] InnoDB: Mutexes and rw_locks use Windows interlocked functions
2025-03-19  7:50:34 0 [Note] InnoDB: Uses event mutexes
2025-03-19  7:50:34 0 [Note] InnoDB: Compressed tables use zlib 1.2.12
2025-03-19  7:50:34 0 [Note] InnoDB: Number of pools: 1
2025-03-19  7:50:34 0 [Note] InnoDB: Using SSE2 crc32 instructions
2025-03-19  7:50:34 0 [Note] InnoDB: Initializing buffer pool, total size = 256M, instances = 1, chunk size = 128M
2025-03-19  7:50:34 0 [Note] InnoDB: Completed initialization of buffer pool
2025-03-19  7:50:34 0 [Note] InnoDB: Starting crash recovery from checkpoint LSN=34221681
2025-03-19  7:50:35 0 [ERROR] InnoDB: Operating system error number 3 in a file operation.
2025-03-19  7:50:35 0 [ERROR] InnoDB: The error means the system cannot find the path specified.
2025-03-19  7:50:35 0 [ERROR] InnoDB: If you are installing InnoDB, remember that you must create directories yourself, InnoDB does not create them.
2025-03-19  7:50:35 0 [ERROR] InnoDB: Cannot open datafile for read-only: '.\phpmyadmin\pma__bookmark.ibd' OS error: 203
2025-03-19  7:50:35 0 [ERROR] InnoDB: Operating system error number 203 in a file operation.
2025-03-19  7:50:35 0 [Note] InnoDB: Some operating system error numbers are described at https://mariadb.com/kb/en/library/operating-system-error-codes/
2025-03-19  7:50:35 0 [ERROR] InnoDB: Could not find a valid tablespace file for ``phpmyadmin`.`pma__bookmark``. Please refer to https://mariadb.com/kb/en/innodb-data-dictionary-troubleshooting/ for how to resolve the issue.
2025-03-19  7:50:35 0 [Warning] InnoDB: Ignoring tablespace for `phpmyadmin`.`pma__bookmark` because it could not be opened.
2025-03-19  7:50:35 0 [ERROR] InnoDB: Operating system error number 3 in a file operation.
2025-03-19  7:50:35 0 [ERROR] InnoDB: The error means the system cannot find the path specified.
2025-03-19  7:50:35 0 [ERROR] InnoDB: If you are installing InnoDB, remember that you must create directories yourself, InnoDB does not create them.
2025-03-19  7:50:35 0 [ERROR] InnoDB: Cannot open datafile for read-only: '.\phpmyadmin\pma__central_columns.ibd' OS error: 203
2025-03-19  7:50:35 0 [ERROR] InnoDB: Operating system error number 203 in a file operation.
2025-03-19  7:50:35 0 [Note] InnoDB: Some operating system error numbers are described at https://mariadb.com/kb/en/library/operating-system-error-codes/
2025-03-19  7:50:35 0 [ERROR] InnoDB: Could not find a valid tablespace file for ``phpmyadmin`.`pma__central_columns``. Please refer to https://mariadb.com/kb/en/innodb-data-dictionary-troubleshooting/ for how to resolve the issue.
2025-03-19  7:50:35 0 [Warning] InnoDB: Ignoring tablespace for `phpmyadmin`.`pma__central_columns` because it could not be opened.
2025-03-19  7:50:35 0 [ERROR] InnoDB: Operating system error number 3 in a file operation.
2025-03-19  7:50:35 0 [ERROR] InnoDB: The error means the system cannot find the path specified.
2025-03-19  7:50:35 0 [ERROR] InnoDB: If you are installing InnoDB, remember that you must create directories yourself, InnoDB does not create them.
2025-03-19  7:50:35 0 [ERROR] InnoDB: Cannot open datafile for read-only: '.\phpmyadmin\pma__column_info.ibd' OS error: 203
2025-03-19  7:50:35 0 [ERROR] InnoDB: Operating system error number 203 in a file operation.
2025-03-19  7:50:35 0 [Note] InnoDB: Some operating system error numbers are described at https://mariadb.com/kb/en/library/operating-system-error-codes/
2025-03-19  7:50:35 0 [ERROR] InnoDB: Could not find a valid tablespace file for ``phpmyadmin`.`pma__column_info``. Please refer to https://mariadb.com/kb/en/innodb-data-dictionary-troubleshooting/ for how to resolve the issue.
2025-03-19  7:50:35 0 [Warning] InnoDB: Ignoring tablespace for `phpmyadmin`.`pma__column_info` because it could not be opened.
2025-03-19  7:50:35 0 [ERROR] InnoDB: Operating system error number 3 in a file operation.
2025-03-19  7:50:35 0 [ERROR] InnoDB: The error means the system cannot find the path specified.
2025-03-19  7:50:35 0 [ERROR] InnoDB: If you are installing InnoDB, remember that you must create directories yourself, InnoDB does not create them.
2025-03-19  7:50:35 0 [ERROR] InnoDB: Cannot open datafile for read-only: '.\phpmyadmin\pma__designer_settings.ibd' OS error: 203
2025-03-19  7:50:35 0 [ERROR] InnoDB: Operating system error number 203 in a file operation.
2025-03-19  7:50:35 0 [Note] InnoDB: Some operating system error numbers are described at https://mariadb.com/kb/en/library/operating-system-error-codes/
2025-03-19  7:50:35 0 [ERROR] InnoDB: Could not find a valid tablespace file for ``phpmyadmin`.`pma__designer_settings``. Please refer to https://mariadb.com/kb/en/innodb-data-dictionary-troubleshooting/ for how to resolve the issue.
2025-03-19  7:50:35 0 [Warning] InnoDB: Ignoring tablespace for `phpmyadmin`.`pma__designer_settings` because it could not be opened.
2025-03-19  7:50:35 0 [ERROR] InnoDB: Operating system error number 3 in a file operation.
2025-03-19  7:50:35 0 [ERROR] InnoDB: The error means the system cannot find the path specified.
2025-03-19  7:50:35 0 [ERROR] InnoDB: If you are installing InnoDB, remember that you must create directories yourself, InnoDB does not create them.
2025-03-19  7:50:35 0 [ERROR] InnoDB: Cannot open datafile for read-only: '.\phpmyadmin\pma__export_templates.ibd' OS error: 203
2025-03-19  7:50:35 0 [ERROR] InnoDB: Operating system error number 203 in a file operation.
2025-03-19  7:50:35 0 [Note] InnoDB: Some operating system error numbers are described at https://mariadb.com/kb/en/library/operating-system-error-codes/
2025-03-19  7:50:35 0 [ERROR] InnoDB: Could not find a valid tablespace file for ``phpmyadmin`.`pma__export_templates``. Please refer to https://mariadb.com/kb/en/innodb-data-dictionary-troubleshooting/ for how to resolve the issue.
2025-03-19  7:50:35 0 [Warning] InnoDB: Ignoring tablespace for `phpmyadmin`.`pma__export_templates` because it could not be opened.
2025-03-19  7:50:35 0 [ERROR] InnoDB: Operating system error number 3 in a file operation.
2025-03-19  7:50:35 0 [ERROR] InnoDB: The error means the system cannot find the path specified.
2025-03-19  7:50:35 0 [ERROR] InnoDB: If you are installing InnoDB, remember that you must create directories yourself, InnoDB does not create them.
2025-03-19  7:50:35 0 [ERROR] InnoDB: Cannot open datafile for read-only: '.\phpmyadmin\pma__favorite.ibd' OS error: 203
2025-03-19  7:50:35 0 [ERROR] InnoDB: Operating system error number 203 in a file operation.
2025-03-19  7:50:35 0 [Note] InnoDB: Some operating system error numbers are described at https://mariadb.com/kb/en/library/operating-system-error-codes/
2025-03-19  7:50:35 0 [ERROR] InnoDB: Could not find a valid tablespace file for ``phpmyadmin`.`pma__favorite``. Please refer to https://mariadb.com/kb/en/innodb-data-dictionary-troubleshooting/ for how to resolve the issue.
2025-03-19  7:50:35 0 [Warning] InnoDB: Ignoring tablespace for `phpmyadmin`.`pma__favorite` because it could not be opened.
2025-03-19  7:50:35 0 [ERROR] InnoDB: Operating system error number 3 in a file operation.
2025-03-19  7:50:35 0 [ERROR] InnoDB: The error means the system cannot find the path specified.
2025-03-19  7:50:35 0 [ERROR] InnoDB: If you are installing InnoDB, remember that you must create directories yourself, InnoDB does not create them.
2025-03-19  7:50:35 0 [ERROR] InnoDB: Cannot open datafile for read-only: '.\phpmyadmin\pma__history.ibd' OS error: 203
2025-03-19  7:50:35 0 [ERROR] InnoDB: Operating system error number 203 in a file operation.
2025-03-19  7:50:35 0 [Note] InnoDB: Some operating system error numbers are described at https://mariadb.com/kb/en/library/operating-system-error-codes/
2025-03-19  7:50:35 0 [ERROR] InnoDB: Could not find a valid tablespace file for ``phpmyadmin`.`pma__history``. Please refer to https://mariadb.com/kb/en/innodb-data-dictionary-troubleshooting/ for how to resolve the issue.
2025-03-19  7:50:35 0 [Warning] InnoDB: Ignoring tablespace for `phpmyadmin`.`pma__history` because it could not be opened.
2025-03-19  7:50:35 0 [ERROR] InnoDB: Operating system error number 3 in a file operation.
2025-03-19  7:50:35 0 [ERROR] InnoDB: The error means the system cannot find the path specified.
2025-03-19  7:50:35 0 [ERROR] InnoDB: If you are installing InnoDB, remember that you must create directories yourself, InnoDB does not create them.
2025-03-19  7:50:35 0 [ERROR] InnoDB: Cannot open datafile for read-only: '.\phpmyadmin\pma__navigationhiding.ibd' OS error: 203
2025-03-19  7:50:35 0 [ERROR] InnoDB: Operating system error number 203 in a file operation.
2025-03-19  7:50:35 0 [Note] InnoDB: Some operating system error numbers are described at https://mariadb.com/kb/en/library/operating-system-error-codes/
2025-03-19  7:50:35 0 [ERROR] InnoDB: Could not find a valid tablespace file for ``phpmyadmin`.`pma__navigationhiding``. Please refer to https://mariadb.com/kb/en/innodb-data-dictionary-troubleshooting/ for how to resolve the issue.
2025-03-19  7:50:35 0 [Warning] InnoDB: Ignoring tablespace for `phpmyadmin`.`pma__navigationhiding` because it could not be opened.
2025-03-19  7:50:35 0 [ERROR] InnoDB: Operating system error number 3 in a file operation.
2025-03-19  7:50:35 0 [ERROR] InnoDB: The error means the system cannot find the path specified.
2025-03-19  7:50:35 0 [ERROR] InnoDB: If you are installing InnoDB, remember that you must create directories yourself, InnoDB does not create them.
2025-03-19  7:50:35 0 [ERROR] InnoDB: Cannot open datafile for read-only: '.\phpmyadmin\pma__pdf_pages.ibd' OS error: 203
2025-03-19  7:50:35 0 [ERROR] InnoDB: Operating system error number 203 in a file operation.
2025-03-19  7:50:35 0 [Note] InnoDB: Some operating system error numbers are described at https://mariadb.com/kb/en/library/operating-system-error-codes/
2025-03-19  7:50:35 0 [ERROR] InnoDB: Could not find a valid tablespace file for ``phpmyadmin`.`pma__pdf_pages``. Please refer to https://mariadb.com/kb/en/innodb-data-dictionary-troubleshooting/ for how to resolve the issue.
2025-03-19  7:50:35 0 [Warning] InnoDB: Ignoring tablespace for `phpmyadmin`.`pma__pdf_pages` because it could not be opened.
2025-03-19  7:50:35 0 [ERROR] InnoDB: Operating system error number 3 in a file operation.
2025-03-19  7:50:35 0 [ERROR] InnoDB: The error means the system cannot find the path specified.
2025-03-19  7:50:35 0 [ERROR] InnoDB: If you are installing InnoDB, remember that you must create directories yourself, InnoDB does not create them.
2025-03-19  7:50:35 0 [ERROR] InnoDB: Cannot open datafile for read-only: '.\phpmyadmin\pma__recent.ibd' OS error: 203
2025-03-19  7:50:35 0 [ERROR] InnoDB: Operating system error number 203 in a file operation.
2025-03-19  7:50:35 0 [Note] InnoDB: Some operating system error numbers are described at https://mariadb.com/kb/en/library/operating-system-error-codes/
2025-03-19  7:50:35 0 [ERROR] InnoDB: Could not find a valid tablespace file for ``phpmyadmin`.`pma__recent``. Please refer to https://mariadb.com/kb/en/innodb-data-dictionary-troubleshooting/ for how to resolve the issue.
2025-03-19  7:50:35 0 [Warning] InnoDB: Ignoring tablespace for `phpmyadmin`.`pma__recent` because it could not be opened.
2025-03-19  7:50:35 0 [ERROR] InnoDB: Operating system error number 3 in a file operation.
2025-03-19  7:50:35 0 [ERROR] InnoDB: The error means the system cannot find the path specified.
2025-03-19  7:50:35 0 [ERROR] InnoDB: If you are installing InnoDB, remember that you must create directories yourself, InnoDB does not create them.
2025-03-19  7:50:35 0 [ERROR] InnoDB: Cannot open datafile for read-only: '.\phpmyadmin\pma__relation.ibd' OS error: 203
2025-03-19  7:50:35 0 [ERROR] InnoDB: Operating system error number 203 in a file operation.
2025-03-19  7:50:35 0 [Note] InnoDB: Some operating system error numbers are described at https://mariadb.com/kb/en/library/operating-system-error-codes/
2025-03-19  7:50:35 0 [ERROR] InnoDB: Could not find a valid tablespace file for ``phpmyadmin`.`pma__relation``. Please refer to https://mariadb.com/kb/en/innodb-data-dictionary-troubleshooting/ for how to resolve the issue.
2025-03-19  7:50:35 0 [Warning] InnoDB: Ignoring tablespace for `phpmyadmin`.`pma__relation` because it could not be opened.
2025-03-19  7:50:35 0 [ERROR] InnoDB: Operating system error number 3 in a file operation.
2025-03-19  7:50:35 0 [ERROR] InnoDB: The error means the system cannot find the path specified.
2025-03-19  7:50:35 0 [ERROR] InnoDB: If you are installing InnoDB, remember that you must create directories yourself, InnoDB does not create them.
2025-03-19  7:50:35 0 [ERROR] InnoDB: Cannot open datafile for read-only: '.\phpmyadmin\pma__savedsearches.ibd' OS error: 203
2025-03-19  7:50:35 0 [ERROR] InnoDB: Operating system error number 203 in a file operation.
2025-03-19  7:50:35 0 [Note] InnoDB: Some operating system error numbers are described at https://mariadb.com/kb/en/library/operating-system-error-codes/
2025-03-19  7:50:35 0 [ERROR] InnoDB: Could not find a valid tablespace file for ``phpmyadmin`.`pma__savedsearches``. Please refer to https://mariadb.com/kb/en/innodb-data-dictionary-troubleshooting/ for how to resolve the issue.
2025-03-19  7:50:35 0 [Warning] InnoDB: Ignoring tablespace for `phpmyadmin`.`pma__savedsearches` because it could not be opened.
2025-03-19  7:50:35 0 [ERROR] InnoDB: Operating system error number 3 in a file operation.
2025-03-19  7:50:35 0 [ERROR] InnoDB: The error means the system cannot find the path specified.
2025-03-19  7:50:35 0 [ERROR] InnoDB: If you are installing InnoDB, remember that you must create directories yourself, InnoDB does not create them.
2025-03-19  7:50:35 0 [ERROR] InnoDB: Cannot open datafile for read-only: '.\phpmyadmin\pma__table_coords.ibd' OS error: 203
2025-03-19  7:50:35 0 [ERROR] InnoDB: Operating system error number 203 in a file operation.
2025-03-19  7:50:35 0 [Note] InnoDB: Some operating system error numbers are described at https://mariadb.com/kb/en/library/operating-system-error-codes/
2025-03-19  7:50:35 0 [ERROR] InnoDB: Could not find a valid tablespace file for ``phpmyadmin`.`pma__table_coords``. Please refer to https://mariadb.com/kb/en/innodb-data-dictionary-troubleshooting/ for how to resolve the issue.
2025-03-19  7:50:35 0 [Warning] InnoDB: Ignoring tablespace for `phpmyadmin`.`pma__table_coords` because it could not be opened.
2025-03-19  7:50:35 0 [ERROR] InnoDB: Operating system error number 3 in a file operation.
2025-03-19  7:50:35 0 [ERROR] InnoDB: The error means the system cannot find the path specified.
2025-03-19  7:50:35 0 [ERROR] InnoDB: If you are installing InnoDB, remember that you must create directories yourself, InnoDB does not create them.
2025-03-19  7:50:35 0 [ERROR] InnoDB: Cannot open datafile for read-only: '.\phpmyadmin\pma__table_info.ibd' OS error: 203
2025-03-19  7:50:35 0 [ERROR] InnoDB: Operating system error number 203 in a file operation.
2025-03-19  7:50:35 0 [Note] InnoDB: Some operating system error numbers are described at https://mariadb.com/kb/en/library/operating-system-error-codes/
2025-03-19  7:50:35 0 [ERROR] InnoDB: Could not find a valid tablespace file for ``phpmyadmin`.`pma__table_info``. Please refer to https://mariadb.com/kb/en/innodb-data-dictionary-troubleshooting/ for how to resolve the issue.
2025-03-19  7:50:35 0 [Warning] InnoDB: Ignoring tablespace for `phpmyadmin`.`pma__table_info` because it could not be opened.
2025-03-19  7:50:35 0 [ERROR] InnoDB: Operating system error number 3 in a file operation.
2025-03-19  7:50:35 0 [ERROR] InnoDB: The error means the system cannot find the path specified.
2025-03-19  7:50:35 0 [ERROR] InnoDB: If you are installing InnoDB, remember that you must create directories yourself, InnoDB does not create them.
2025-03-19  7:50:35 0 [ERROR] InnoDB: Cannot open datafile for read-only: '.\phpmyadmin\pma__table_uiprefs.ibd' OS error: 203
2025-03-19  7:50:35 0 [ERROR] InnoDB: Operating system error number 203 in a file operation.
2025-03-19  7:50:35 0 [Note] InnoDB: Some operating system error numbers are described at https://mariadb.com/kb/en/library/operating-system-error-codes/
2025-03-19  7:50:35 0 [ERROR] InnoDB: Could not find a valid tablespace file for ``phpmyadmin`.`pma__table_uiprefs``. Please refer to https://mariadb.com/kb/en/innodb-data-dictionary-troubleshooting/ for how to resolve the issue.
2025-03-19  7:50:36 0 [Warning] InnoDB: Ignoring tablespace for `phpmyadmin`.`pma__table_uiprefs` because it could not be opened.
2025-03-19  7:50:36 0 [ERROR] InnoDB: Operating system error number 3 in a file operation.
2025-03-19  7:50:36 0 [ERROR] InnoDB: The error means the system cannot find the path specified.
2025-03-19  7:50:36 0 [ERROR] InnoDB: If you are installing InnoDB, remember that you must create directories yourself, InnoDB does not create them.
2025-03-19  7:50:36 0 [ERROR] InnoDB: Cannot open datafile for read-only: '.\phpmyadmin\pma__tracking.ibd' OS error: 203
2025-03-19  7:50:36 0 [ERROR] InnoDB: Operating system error number 203 in a file operation.
2025-03-19  7:50:36 0 [Note] InnoDB: Some operating system error numbers are described at https://mariadb.com/kb/en/library/operating-system-error-codes/
2025-03-19  7:50:36 0 [ERROR] InnoDB: Could not find a valid tablespace file for ``phpmyadmin`.`pma__tracking``. Please refer to https://mariadb.com/kb/en/innodb-data-dictionary-troubleshooting/ for how to resolve the issue.
2025-03-19  7:50:36 0 [Warning] InnoDB: Ignoring tablespace for `phpmyadmin`.`pma__tracking` because it could not be opened.
2025-03-19  7:50:36 0 [ERROR] InnoDB: Operating system error number 3 in a file operation.
2025-03-19  7:50:36 0 [ERROR] InnoDB: The error means the system cannot find the path specified.
2025-03-19  7:50:36 0 [ERROR] InnoDB: If you are installing InnoDB, remember that you must create directories yourself, InnoDB does not create them.
2025-03-19  7:50:36 0 [ERROR] InnoDB: Cannot open datafile for read-only: '.\phpmyadmin\pma__userconfig.ibd' OS error: 203
2025-03-19  7:50:36 0 [ERROR] InnoDB: Operating system error number 203 in a file operation.
2025-03-19  7:50:36 0 [Note] InnoDB: Some operating system error numbers are described at https://mariadb.com/kb/en/library/operating-system-error-codes/
2025-03-19  7:50:36 0 [ERROR] InnoDB: Could not find a valid tablespace file for ``phpmyadmin`.`pma__userconfig``. Please refer to https://mariadb.com/kb/en/innodb-data-dictionary-troubleshooting/ for how to resolve the issue.
2025-03-19  7:50:36 0 [Warning] InnoDB: Ignoring tablespace for `phpmyadmin`.`pma__userconfig` because it could not be opened.
2025-03-19  7:50:36 0 [ERROR] InnoDB: Operating system error number 3 in a file operation.
2025-03-19  7:50:36 0 [ERROR] InnoDB: The error means the system cannot find the path specified.
2025-03-19  7:50:36 0 [ERROR] InnoDB: If you are installing InnoDB, remember that you must create directories yourself, InnoDB does not create them.
2025-03-19  7:50:36 0 [ERROR] InnoDB: Cannot open datafile for read-only: '.\phpmyadmin\pma__usergroups.ibd' OS error: 203
2025-03-19  7:50:36 0 [ERROR] InnoDB: Operating system error number 203 in a file operation.
2025-03-19  7:50:36 0 [Note] InnoDB: Some operating system error numbers are described at https://mariadb.com/kb/en/library/operating-system-error-codes/
2025-03-19  7:50:36 0 [ERROR] InnoDB: Could not find a valid tablespace file for ``phpmyadmin`.`pma__usergroups``. Please refer to https://mariadb.com/kb/en/innodb-data-dictionary-troubleshooting/ for how to resolve the issue.
2025-03-19  7:50:36 0 [Warning] InnoDB: Ignoring tablespace for `phpmyadmin`.`pma__usergroups` because it could not be opened.
2025-03-19  7:50:36 0 [ERROR] InnoDB: Operating system error number 3 in a file operation.
2025-03-19  7:50:36 0 [ERROR] InnoDB: The error means the system cannot find the path specified.
2025-03-19  7:50:36 0 [ERROR] InnoDB: If you are installing InnoDB, remember that you must create directories yourself, InnoDB does not create them.
2025-03-19  7:50:36 0 [ERROR] InnoDB: Cannot open datafile for read-only: '.\phpmyadmin\pma__users.ibd' OS error: 203
2025-03-19  7:50:36 0 [ERROR] InnoDB: Operating system error number 203 in a file operation.
2025-03-19  7:50:36 0 [Note] InnoDB: Some operating system error numbers are described at https://mariadb.com/kb/en/library/operating-system-error-codes/
2025-03-19  7:50:36 0 [ERROR] InnoDB: Could not find a valid tablespace file for ``phpmyadmin`.`pma__users``. Please refer to https://mariadb.com/kb/en/innodb-data-dictionary-troubleshooting/ for how to resolve the issue.
2025-03-19  7:50:36 0 [Warning] InnoDB: Ignoring tablespace for `phpmyadmin`.`pma__users` because it could not be opened.
2025-03-19  7:50:36 0 [Note] InnoDB: 128 out of 128 rollback segments are active.
2025-03-19  7:50:36 0 [Note] InnoDB: Removed temporary tablespace data file: "ibtmp1"
2025-03-19  7:50:36 0 [Note] InnoDB: Creating shared tablespace for temporary tables
2025-03-19  7:50:36 0 [Note] InnoDB: Setting file 'C:\Users\Zedric Berwin\Desktop\OJT files\repository\ojt\server\mysql\data\ibtmp1' size to 12 MB. Physically writing the file full; Please wait ...
2025-03-19  7:50:36 0 [Note] InnoDB: File 'C:\Users\Zedric Berwin\Desktop\OJT files\repository\ojt\server\mysql\data\ibtmp1' size is now 12 MB.
2025-03-19  7:50:36 0 [Note] InnoDB: Waiting for purge to start
2025-03-19  7:50:36 0 [Note] InnoDB: 10.4.28 started; log sequence number 34221690; transaction id 56429
2025-03-19  7:50:36 0 [Note] InnoDB: Loading buffer pool(s) from C:\Users\Zedric Berwin\Desktop\OJT files\repository\ojt\server\mysql\data\ib_buffer_pool
2025-03-19  7:50:36 0 [Note] Plugin 'FEEDBACK' is disabled.
2025-03-19  7:50:36 0 [Note] Server socket created on IP: '::'.
2025-03-19  7:50:36 0 [Note] InnoDB: Buffer pool(s) load completed at 250319  7:50:36
2025-03-19  7:50:36 0 [Note] Reading of all Master_info entries succeeded
2025-03-19  7:50:36 0 [Note] Added new Master_info '' to hash table
2025-03-19  7:50:36 0 [Note] mysql\bin\mysqld.exe: ready for connections.
Version: '10.4.28-MariaDB'  socket: ''  port: 3306  mariadb.org binary distribution
2025-03-19 13:05:30 0 [Note] Starting MariaDB 10.4.28-MariaDB source revision c8f2e9a5c0ac5905f28b050b7df5a9ffd914b7e7 as process 17776
2025-03-19 13:05:30 0 [Note] InnoDB: Mutexes and rw_locks use Windows interlocked functions
2025-03-19 13:05:30 0 [Note] InnoDB: Uses event mutexes
2025-03-19 13:05:30 0 [Note] InnoDB: Compressed tables use zlib 1.2.12
2025-03-19 13:05:30 0 [Note] InnoDB: Number of pools: 1
2025-03-19 13:05:30 0 [Note] InnoDB: Using SSE2 crc32 instructions
2025-03-19 13:05:30 0 [Note] InnoDB: Initializing buffer pool, total size = 256M, instances = 1, chunk size = 128M
2025-03-19 13:05:30 0 [Note] InnoDB: Completed initialization of buffer pool
2025-03-19 13:05:30 0 [Note] InnoDB: Starting crash recovery from checkpoint LSN=34898564
2025-03-19 13:05:31 0 [ERROR] InnoDB: Operating system error number 3 in a file operation.
2025-03-19 13:05:31 0 [ERROR] InnoDB: The error means the system cannot find the path specified.
2025-03-19 13:05:31 0 [ERROR] InnoDB: If you are installing InnoDB, remember that you must create directories yourself, InnoDB does not create them.
2025-03-19 13:05:31 0 [ERROR] InnoDB: Cannot open datafile for read-only: '.\phpmyadmin\pma__bookmark.ibd' OS error: 203
2025-03-19 13:05:31 0 [ERROR] InnoDB: Operating system error number 203 in a file operation.
2025-03-19 13:05:31 0 [Note] InnoDB: Some operating system error numbers are described at https://mariadb.com/kb/en/library/operating-system-error-codes/
2025-03-19 13:05:31 0 [ERROR] InnoDB: Could not find a valid tablespace file for ``phpmyadmin`.`pma__bookmark``. Please refer to https://mariadb.com/kb/en/innodb-data-dictionary-troubleshooting/ for how to resolve the issue.
2025-03-19 13:05:31 0 [Warning] InnoDB: Ignoring tablespace for `phpmyadmin`.`pma__bookmark` because it could not be opened.
2025-03-19 13:05:31 0 [ERROR] InnoDB: Operating system error number 3 in a file operation.
2025-03-19 13:05:31 0 [ERROR] InnoDB: The error means the system cannot find the path specified.
2025-03-19 13:05:31 0 [ERROR] InnoDB: If you are installing InnoDB, remember that you must create directories yourself, InnoDB does not create them.
2025-03-19 13:05:31 0 [ERROR] InnoDB: Cannot open datafile for read-only: '.\phpmyadmin\pma__central_columns.ibd' OS error: 203
2025-03-19 13:05:31 0 [ERROR] InnoDB: Operating system error number 203 in a file operation.
2025-03-19 13:05:31 0 [Note] InnoDB: Some operating system error numbers are described at https://mariadb.com/kb/en/library/operating-system-error-codes/
2025-03-19 13:05:31 0 [ERROR] InnoDB: Could not find a valid tablespace file for ``phpmyadmin`.`pma__central_columns``. Please refer to https://mariadb.com/kb/en/innodb-data-dictionary-troubleshooting/ for how to resolve the issue.
2025-03-19 13:05:31 0 [Warning] InnoDB: Ignoring tablespace for `phpmyadmin`.`pma__central_columns` because it could not be opened.
2025-03-19 13:05:31 0 [ERROR] InnoDB: Operating system error number 3 in a file operation.
2025-03-19 13:05:31 0 [ERROR] InnoDB: The error means the system cannot find the path specified.
2025-03-19 13:05:31 0 [ERROR] InnoDB: If you are installing InnoDB, remember that you must create directories yourself, InnoDB does not create them.
2025-03-19 13:05:31 0 [ERROR] InnoDB: Cannot open datafile for read-only: '.\phpmyadmin\pma__column_info.ibd' OS error: 203
2025-03-19 13:05:31 0 [ERROR] InnoDB: Operating system error number 203 in a file operation.
2025-03-19 13:05:31 0 [Note] InnoDB: Some operating system error numbers are described at https://mariadb.com/kb/en/library/operating-system-error-codes/
2025-03-19 13:05:31 0 [ERROR] InnoDB: Could not find a valid tablespace file for ``phpmyadmin`.`pma__column_info``. Please refer to https://mariadb.com/kb/en/innodb-data-dictionary-troubleshooting/ for how to resolve the issue.
2025-03-19 13:05:31 0 [Warning] InnoDB: Ignoring tablespace for `phpmyadmin`.`pma__column_info` because it could not be opened.
2025-03-19 13:05:31 0 [ERROR] InnoDB: Operating system error number 3 in a file operation.
2025-03-19 13:05:31 0 [ERROR] InnoDB: The error means the system cannot find the path specified.
2025-03-19 13:05:31 0 [ERROR] InnoDB: If you are installing InnoDB, remember that you must create directories yourself, InnoDB does not create them.
2025-03-19 13:05:31 0 [ERROR] InnoDB: Cannot open datafile for read-only: '.\phpmyadmin\pma__designer_settings.ibd' OS error: 203
2025-03-19 13:05:31 0 [ERROR] InnoDB: Operating system error number 203 in a file operation.
2025-03-19 13:05:31 0 [Note] InnoDB: Some operating system error numbers are described at https://mariadb.com/kb/en/library/operating-system-error-codes/
2025-03-19 13:05:31 0 [ERROR] InnoDB: Could not find a valid tablespace file for ``phpmyadmin`.`pma__designer_settings``. Please refer to https://mariadb.com/kb/en/innodb-data-dictionary-troubleshooting/ for how to resolve the issue.
2025-03-19 13:05:31 0 [Warning] InnoDB: Ignoring tablespace for `phpmyadmin`.`pma__designer_settings` because it could not be opened.
2025-03-19 13:05:31 0 [ERROR] InnoDB: Operating system error number 3 in a file operation.
2025-03-19 13:05:31 0 [ERROR] InnoDB: The error means the system cannot find the path specified.
2025-03-19 13:05:31 0 [ERROR] InnoDB: If you are installing InnoDB, remember that you must create directories yourself, InnoDB does not create them.
2025-03-19 13:05:31 0 [ERROR] InnoDB: Cannot open datafile for read-only: '.\phpmyadmin\pma__export_templates.ibd' OS error: 203
2025-03-19 13:05:31 0 [ERROR] InnoDB: Operating system error number 203 in a file operation.
2025-03-19 13:05:31 0 [Note] InnoDB: Some operating system error numbers are described at https://mariadb.com/kb/en/library/operating-system-error-codes/
2025-03-19 13:05:31 0 [ERROR] InnoDB: Could not find a valid tablespace file for ``phpmyadmin`.`pma__export_templates``. Please refer to https://mariadb.com/kb/en/innodb-data-dictionary-troubleshooting/ for how to resolve the issue.
2025-03-19 13:05:31 0 [Warning] InnoDB: Ignoring tablespace for `phpmyadmin`.`pma__export_templates` because it could not be opened.
2025-03-19 13:05:31 0 [ERROR] InnoDB: Operating system error number 3 in a file operation.
2025-03-19 13:05:31 0 [ERROR] InnoDB: The error means the system cannot find the path specified.
2025-03-19 13:05:31 0 [ERROR] InnoDB: If you are installing InnoDB, remember that you must create directories yourself, InnoDB does not create them.
2025-03-19 13:05:31 0 [ERROR] InnoDB: Cannot open datafile for read-only: '.\phpmyadmin\pma__favorite.ibd' OS error: 203
2025-03-19 13:05:31 0 [ERROR] InnoDB: Operating system error number 203 in a file operation.
2025-03-19 13:05:31 0 [Note] InnoDB: Some operating system error numbers are described at https://mariadb.com/kb/en/library/operating-system-error-codes/
2025-03-19 13:05:31 0 [ERROR] InnoDB: Could not find a valid tablespace file for ``phpmyadmin`.`pma__favorite``. Please refer to https://mariadb.com/kb/en/innodb-data-dictionary-troubleshooting/ for how to resolve the issue.
2025-03-19 13:05:31 0 [Warning] InnoDB: Ignoring tablespace for `phpmyadmin`.`pma__favorite` because it could not be opened.
2025-03-19 13:05:31 0 [ERROR] InnoDB: Operating system error number 3 in a file operation.
2025-03-19 13:05:31 0 [ERROR] InnoDB: The error means the system cannot find the path specified.
2025-03-19 13:05:31 0 [ERROR] InnoDB: If you are installing InnoDB, remember that you must create directories yourself, InnoDB does not create them.
2025-03-19 13:05:31 0 [ERROR] InnoDB: Cannot open datafile for read-only: '.\phpmyadmin\pma__history.ibd' OS error: 203
2025-03-19 13:05:31 0 [ERROR] InnoDB: Operating system error number 203 in a file operation.
2025-03-19 13:05:31 0 [Note] InnoDB: Some operating system error numbers are described at https://mariadb.com/kb/en/library/operating-system-error-codes/
2025-03-19 13:05:31 0 [ERROR] InnoDB: Could not find a valid tablespace file for ``phpmyadmin`.`pma__history``. Please refer to https://mariadb.com/kb/en/innodb-data-dictionary-troubleshooting/ for how to resolve the issue.
2025-03-19 13:05:31 0 [Warning] InnoDB: Ignoring tablespace for `phpmyadmin`.`pma__history` because it could not be opened.
2025-03-19 13:05:31 0 [ERROR] InnoDB: Operating system error number 3 in a file operation.
2025-03-19 13:05:31 0 [ERROR] InnoDB: The error means the system cannot find the path specified.
2025-03-19 13:05:31 0 [ERROR] InnoDB: If you are installing InnoDB, remember that you must create directories yourself, InnoDB does not create them.
2025-03-19 13:05:31 0 [ERROR] InnoDB: Cannot open datafile for read-only: '.\phpmyadmin\pma__navigationhiding.ibd' OS error: 203
2025-03-19 13:05:31 0 [ERROR] InnoDB: Operating system error number 203 in a file operation.
2025-03-19 13:05:31 0 [Note] InnoDB: Some operating system error numbers are described at https://mariadb.com/kb/en/library/operating-system-error-codes/
2025-03-19 13:05:31 0 [ERROR] InnoDB: Could not find a valid tablespace file for ``phpmyadmin`.`pma__navigationhiding``. Please refer to https://mariadb.com/kb/en/innodb-data-dictionary-troubleshooting/ for how to resolve the issue.
2025-03-19 13:05:31 0 [Warning] InnoDB: Ignoring tablespace for `phpmyadmin`.`pma__navigationhiding` because it could not be opened.
2025-03-19 13:05:31 0 [ERROR] InnoDB: Operating system error number 3 in a file operation.
2025-03-19 13:05:31 0 [ERROR] InnoDB: The error means the system cannot find the path specified.
2025-03-19 13:05:31 0 [ERROR] InnoDB: If you are installing InnoDB, remember that you must create directories yourself, InnoDB does not create them.
2025-03-19 13:05:31 0 [ERROR] InnoDB: Cannot open datafile for read-only: '.\phpmyadmin\pma__pdf_pages.ibd' OS error: 203
2025-03-19 13:05:31 0 [ERROR] InnoDB: Operating system error number 203 in a file operation.
2025-03-19 13:05:31 0 [Note] InnoDB: Some operating system error numbers are described at https://mariadb.com/kb/en/library/operating-system-error-codes/
2025-03-19 13:05:31 0 [ERROR] InnoDB: Could not find a valid tablespace file for ``phpmyadmin`.`pma__pdf_pages``. Please refer to https://mariadb.com/kb/en/innodb-data-dictionary-troubleshooting/ for how to resolve the issue.
2025-03-19 13:05:31 0 [Warning] InnoDB: Ignoring tablespace for `phpmyadmin`.`pma__pdf_pages` because it could not be opened.
2025-03-19 13:05:31 0 [ERROR] InnoDB: Operating system error number 3 in a file operation.
2025-03-19 13:05:31 0 [ERROR] InnoDB: The error means the system cannot find the path specified.
2025-03-19 13:05:31 0 [ERROR] InnoDB: If you are installing InnoDB, remember that you must create directories yourself, InnoDB does not create them.
2025-03-19 13:05:31 0 [ERROR] InnoDB: Cannot open datafile for read-only: '.\phpmyadmin\pma__recent.ibd' OS error: 203
2025-03-19 13:05:31 0 [ERROR] InnoDB: Operating system error number 203 in a file operation.
2025-03-19 13:05:31 0 [Note] InnoDB: Some operating system error numbers are described at https://mariadb.com/kb/en/library/operating-system-error-codes/
2025-03-19 13:05:31 0 [ERROR] InnoDB: Could not find a valid tablespace file for ``phpmyadmin`.`pma__recent``. Please refer to https://mariadb.com/kb/en/innodb-data-dictionary-troubleshooting/ for how to resolve the issue.
2025-03-19 13:05:31 0 [Warning] InnoDB: Ignoring tablespace for `phpmyadmin`.`pma__recent` because it could not be opened.
2025-03-19 13:05:31 0 [ERROR] InnoDB: Operating system error number 3 in a file operation.
2025-03-19 13:05:31 0 [ERROR] InnoDB: The error means the system cannot find the path specified.
2025-03-19 13:05:31 0 [ERROR] InnoDB: If you are installing InnoDB, remember that you must create directories yourself, InnoDB does not create them.
2025-03-19 13:05:31 0 [ERROR] InnoDB: Cannot open datafile for read-only: '.\phpmyadmin\pma__relation.ibd' OS error: 203
2025-03-19 13:05:31 0 [ERROR] InnoDB: Operating system error number 203 in a file operation.
2025-03-19 13:05:31 0 [Note] InnoDB: Some operating system error numbers are described at https://mariadb.com/kb/en/library/operating-system-error-codes/
2025-03-19 13:05:31 0 [ERROR] InnoDB: Could not find a valid tablespace file for ``phpmyadmin`.`pma__relation``. Please refer to https://mariadb.com/kb/en/innodb-data-dictionary-troubleshooting/ for how to resolve the issue.
2025-03-19 13:05:31 0 [Warning] InnoDB: Ignoring tablespace for `phpmyadmin`.`pma__relation` because it could not be opened.
2025-03-19 13:05:31 0 [ERROR] InnoDB: Operating system error number 3 in a file operation.
2025-03-19 13:05:31 0 [ERROR] InnoDB: The error means the system cannot find the path specified.
2025-03-19 13:05:31 0 [ERROR] InnoDB: If you are installing InnoDB, remember that you must create directories yourself, InnoDB does not create them.
2025-03-19 13:05:31 0 [ERROR] InnoDB: Cannot open datafile for read-only: '.\phpmyadmin\pma__savedsearches.ibd' OS error: 203
2025-03-19 13:05:31 0 [ERROR] InnoDB: Operating system error number 203 in a file operation.
2025-03-19 13:05:31 0 [Note] InnoDB: Some operating system error numbers are described at https://mariadb.com/kb/en/library/operating-system-error-codes/
2025-03-19 13:05:31 0 [ERROR] InnoDB: Could not find a valid tablespace file for ``phpmyadmin`.`pma__savedsearches``. Please refer to https://mariadb.com/kb/en/innodb-data-dictionary-troubleshooting/ for how to resolve the issue.
2025-03-19 13:05:31 0 [Warning] InnoDB: Ignoring tablespace for `phpmyadmin`.`pma__savedsearches` because it could not be opened.
2025-03-19 13:05:31 0 [ERROR] InnoDB: Operating system error number 3 in a file operation.
2025-03-19 13:05:31 0 [ERROR] InnoDB: The error means the system cannot find the path specified.
2025-03-19 13:05:31 0 [ERROR] InnoDB: If you are installing InnoDB, remember that you must create directories yourself, InnoDB does not create them.
2025-03-19 13:05:31 0 [ERROR] InnoDB: Cannot open datafile for read-only: '.\phpmyadmin\pma__table_coords.ibd' OS error: 203
2025-03-19 13:05:31 0 [ERROR] InnoDB: Operating system error number 203 in a file operation.
2025-03-19 13:05:31 0 [Note] InnoDB: Some operating system error numbers are described at https://mariadb.com/kb/en/library/operating-system-error-codes/
2025-03-19 13:05:31 0 [ERROR] InnoDB: Could not find a valid tablespace file for ``phpmyadmin`.`pma__table_coords``. Please refer to https://mariadb.com/kb/en/innodb-data-dictionary-troubleshooting/ for how to resolve the issue.
2025-03-19 13:05:31 0 [Warning] InnoDB: Ignoring tablespace for `phpmyadmin`.`pma__table_coords` because it could not be opened.
2025-03-19 13:05:31 0 [ERROR] InnoDB: Operating system error number 3 in a file operation.
2025-03-19 13:05:31 0 [ERROR] InnoDB: The error means the system cannot find the path specified.
2025-03-19 13:05:31 0 [ERROR] InnoDB: If you are installing InnoDB, remember that you must create directories yourself, InnoDB does not create them.
2025-03-19 13:05:31 0 [ERROR] InnoDB: Cannot open datafile for read-only: '.\phpmyadmin\pma__table_info.ibd' OS error: 203
2025-03-19 13:05:31 0 [ERROR] InnoDB: Operating system error number 203 in a file operation.
2025-03-19 13:05:31 0 [Note] InnoDB: Some operating system error numbers are described at https://mariadb.com/kb/en/library/operating-system-error-codes/
2025-03-19 13:05:31 0 [ERROR] InnoDB: Could not find a valid tablespace file for ``phpmyadmin`.`pma__table_info``. Please refer to https://mariadb.com/kb/en/innodb-data-dictionary-troubleshooting/ for how to resolve the issue.
2025-03-19 13:05:31 0 [Warning] InnoDB: Ignoring tablespace for `phpmyadmin`.`pma__table_info` because it could not be opened.
2025-03-19 13:05:31 0 [ERROR] InnoDB: Operating system error number 3 in a file operation.
2025-03-19 13:05:31 0 [ERROR] InnoDB: The error means the system cannot find the path specified.
2025-03-19 13:05:31 0 [ERROR] InnoDB: If you are installing InnoDB, remember that you must create directories yourself, InnoDB does not create them.
2025-03-19 13:05:31 0 [ERROR] InnoDB: Cannot open datafile for read-only: '.\phpmyadmin\pma__table_uiprefs.ibd' OS error: 203
2025-03-19 13:05:31 0 [ERROR] InnoDB: Operating system error number 203 in a file operation.
2025-03-19 13:05:31 0 [Note] InnoDB: Some operating system error numbers are described at https://mariadb.com/kb/en/library/operating-system-error-codes/
2025-03-19 13:05:31 0 [ERROR] InnoDB: Could not find a valid tablespace file for ``phpmyadmin`.`pma__table_uiprefs``. Please refer to https://mariadb.com/kb/en/innodb-data-dictionary-troubleshooting/ for how to resolve the issue.
2025-03-19 13:05:31 0 [Warning] InnoDB: Ignoring tablespace for `phpmyadmin`.`pma__table_uiprefs` because it could not be opened.
2025-03-19 13:05:31 0 [ERROR] InnoDB: Operating system error number 3 in a file operation.
2025-03-19 13:05:31 0 [ERROR] InnoDB: The error means the system cannot find the path specified.
2025-03-19 13:05:31 0 [ERROR] InnoDB: If you are installing InnoDB, remember that you must create directories yourself, InnoDB does not create them.
2025-03-19 13:05:31 0 [ERROR] InnoDB: Cannot open datafile for read-only: '.\phpmyadmin\pma__tracking.ibd' OS error: 203
2025-03-19 13:05:31 0 [ERROR] InnoDB: Operating system error number 203 in a file operation.
2025-03-19 13:05:31 0 [Note] InnoDB: Some operating system error numbers are described at https://mariadb.com/kb/en/library/operating-system-error-codes/
2025-03-19 13:05:31 0 [ERROR] InnoDB: Could not find a valid tablespace file for ``phpmyadmin`.`pma__tracking``. Please refer to https://mariadb.com/kb/en/innodb-data-dictionary-troubleshooting/ for how to resolve the issue.
2025-03-19 13:05:31 0 [Warning] InnoDB: Ignoring tablespace for `phpmyadmin`.`pma__tracking` because it could not be opened.
2025-03-19 13:05:31 0 [ERROR] InnoDB: Operating system error number 3 in a file operation.
2025-03-19 13:05:31 0 [ERROR] InnoDB: The error means the system cannot find the path specified.
2025-03-19 13:05:31 0 [ERROR] InnoDB: If you are installing InnoDB, remember that you must create directories yourself, InnoDB does not create them.
2025-03-19 13:05:31 0 [ERROR] InnoDB: Cannot open datafile for read-only: '.\phpmyadmin\pma__userconfig.ibd' OS error: 203
2025-03-19 13:05:31 0 [ERROR] InnoDB: Operating system error number 203 in a file operation.
2025-03-19 13:05:31 0 [Note] InnoDB: Some operating system error numbers are described at https://mariadb.com/kb/en/library/operating-system-error-codes/
2025-03-19 13:05:31 0 [ERROR] InnoDB: Could not find a valid tablespace file for ``phpmyadmin`.`pma__userconfig``. Please refer to https://mariadb.com/kb/en/innodb-data-dictionary-troubleshooting/ for how to resolve the issue.
2025-03-19 13:05:31 0 [Warning] InnoDB: Ignoring tablespace for `phpmyadmin`.`pma__userconfig` because it could not be opened.
2025-03-19 13:05:31 0 [ERROR] InnoDB: Operating system error number 3 in a file operation.
2025-03-19 13:05:31 0 [ERROR] InnoDB: The error means the system cannot find the path specified.
2025-03-19 13:05:31 0 [ERROR] InnoDB: If you are installing InnoDB, remember that you must create directories yourself, InnoDB does not create them.
2025-03-19 13:05:31 0 [ERROR] InnoDB: Cannot open datafile for read-only: '.\phpmyadmin\pma__usergroups.ibd' OS error: 203
2025-03-19 13:05:31 0 [ERROR] InnoDB: Operating system error number 203 in a file operation.
2025-03-19 13:05:31 0 [Note] InnoDB: Some operating system error numbers are described at https://mariadb.com/kb/en/library/operating-system-error-codes/
2025-03-19 13:05:31 0 [ERROR] InnoDB: Could not find a valid tablespace file for ``phpmyadmin`.`pma__usergroups``. Please refer to https://mariadb.com/kb/en/innodb-data-dictionary-troubleshooting/ for how to resolve the issue.
2025-03-19 13:05:31 0 [Warning] InnoDB: Ignoring tablespace for `phpmyadmin`.`pma__usergroups` because it could not be opened.
2025-03-19 13:05:31 0 [ERROR] InnoDB: Operating system error number 3 in a file operation.
2025-03-19 13:05:31 0 [ERROR] InnoDB: The error means the system cannot find the path specified.
2025-03-19 13:05:31 0 [ERROR] InnoDB: If you are installing InnoDB, remember that you must create directories yourself, InnoDB does not create them.
2025-03-19 13:05:31 0 [ERROR] InnoDB: Cannot open datafile for read-only: '.\phpmyadmin\pma__users.ibd' OS error: 203
2025-03-19 13:05:31 0 [ERROR] InnoDB: Operating system error number 203 in a file operation.
2025-03-19 13:05:31 0 [Note] InnoDB: Some operating system error numbers are described at https://mariadb.com/kb/en/library/operating-system-error-codes/
2025-03-19 13:05:31 0 [ERROR] InnoDB: Could not find a valid tablespace file for ``phpmyadmin`.`pma__users``. Please refer to https://mariadb.com/kb/en/innodb-data-dictionary-troubleshooting/ for how to resolve the issue.
2025-03-19 13:05:31 0 [Warning] InnoDB: Ignoring tablespace for `phpmyadmin`.`pma__users` because it could not be opened.
2025-03-19 13:05:31 0 [Note] InnoDB: 128 out of 128 rollback segments are active.
2025-03-19 13:05:31 0 [Note] InnoDB: Removed temporary tablespace data file: "ibtmp1"
2025-03-19 13:05:31 0 [Note] InnoDB: Creating shared tablespace for temporary tables
2025-03-19 13:05:31 0 [Note] InnoDB: Setting file 'C:\Users\Zedric Berwin\Desktop\OJT files\repository\ojt\server\mysql\data\ibtmp1' size to 12 MB. Physically writing the file full; Please wait ...
2025-03-19 13:05:31 0 [Note] InnoDB: File 'C:\Users\Zedric Berwin\Desktop\OJT files\repository\ojt\server\mysql\data\ibtmp1' size is now 12 MB.
2025-03-19 13:05:31 0 [Note] InnoDB: Waiting for purge to start
2025-03-19 13:05:31 0 [Note] InnoDB: 10.4.28 started; log sequence number 34898573; transaction id 57620
2025-03-19 13:05:31 0 [Note] InnoDB: Loading buffer pool(s) from C:\Users\Zedric Berwin\Desktop\OJT files\repository\ojt\server\mysql\data\ib_buffer_pool
2025-03-19 13:05:31 0 [Note] Plugin 'FEEDBACK' is disabled.
2025-03-19 13:05:31 0 [Note] Server socket created on IP: '::'.
2025-03-19 13:05:31 0 [Note] InnoDB: Buffer pool(s) load completed at 250319 13:05:31
2025-03-19 13:05:31 0 [Note] Reading of all Master_info entries succeeded
2025-03-19 13:05:31 0 [Note] Added new Master_info '' to hash table
2025-03-19 13:05:31 0 [Note] mysql\bin\mysqld.exe: ready for connections.
Version: '10.4.28-MariaDB'  socket: ''  port: 3306  mariadb.org binary distribution
2025-03-19 14:41:30 0 [Note] Starting MariaDB 10.4.28-MariaDB source revision c8f2e9a5c0ac5905f28b050b7df5a9ffd914b7e7 as process 17652
2025-03-19 14:41:30 0 [ERROR] InnoDB: The innodb_system data file 'ibdata1' must be writable
2025-03-19 14:41:30 0 [ERROR] InnoDB: The innodb_system data file 'ibdata1' must be writable
2025-03-19 14:41:30 0 [ERROR] Plugin 'InnoDB' init function returned error.
2025-03-19 14:41:30 0 [ERROR] Plugin 'InnoDB' registration as a STORAGE ENGINE failed.
2025-03-19 14:41:30 0 [Note] Plugin 'FEEDBACK' is disabled.
2025-03-19 14:41:30 0 [ERROR] Unknown/unsupported storage engine: innodb
2025-03-19 14:41:30 0 [ERROR] Aborting
2025-03-19 15:58:52 0 [Note] Starting MariaDB 10.4.28-MariaDB source revision c8f2e9a5c0ac5905f28b050b7df5a9ffd914b7e7 as process 11892
2025-03-19 15:58:52 0 [ERROR] InnoDB: The innodb_system data file 'ibdata1' must be writable
2025-03-19 15:58:52 0 [ERROR] InnoDB: The innodb_system data file 'ibdata1' must be writable
2025-03-19 15:58:52 0 [ERROR] Plugin 'InnoDB' init function returned error.
2025-03-19 15:58:52 0 [ERROR] Plugin 'InnoDB' registration as a STORAGE ENGINE failed.
2025-03-19 15:58:52 0 [Note] Plugin 'FEEDBACK' is disabled.
2025-03-19 15:58:52 0 [ERROR] Unknown/unsupported storage engine: innodb
2025-03-19 15:58:52 0 [ERROR] Aborting
2025-03-20  8:30:31 0 [Note] Starting MariaDB 10.4.28-MariaDB source revision c8f2e9a5c0ac5905f28b050b7df5a9ffd914b7e7 as process 15260
2025-03-20  8:30:31 0 [Note] InnoDB: Mutexes and rw_locks use Windows interlocked functions
2025-03-20  8:30:31 0 [Note] InnoDB: Uses event mutexes
2025-03-20  8:30:31 0 [Note] InnoDB: Compressed tables use zlib 1.2.12
2025-03-20  8:30:31 0 [Note] InnoDB: Number of pools: 1
2025-03-20  8:30:31 0 [Note] InnoDB: Using SSE2 crc32 instructions
2025-03-20  8:30:31 0 [Note] InnoDB: Initializing buffer pool, total size = 256M, instances = 1, chunk size = 128M
2025-03-20  8:30:31 0 [Note] InnoDB: Completed initialization of buffer pool
2025-03-20  8:30:31 0 [Note] InnoDB: Starting crash recovery from checkpoint LSN=39679069
2025-03-20  8:30:32 0 [ERROR] InnoDB: Operating system error number 3 in a file operation.
2025-03-20  8:30:32 0 [ERROR] InnoDB: The error means the system cannot find the path specified.
2025-03-20  8:30:32 0 [ERROR] InnoDB: If you are installing InnoDB, remember that you must create directories yourself, InnoDB does not create them.
2025-03-20  8:30:32 0 [ERROR] InnoDB: Cannot open datafile for read-only: '.\phpmyadmin\pma__bookmark.ibd' OS error: 203
2025-03-20  8:30:32 0 [ERROR] InnoDB: Operating system error number 203 in a file operation.
2025-03-20  8:30:32 0 [Note] InnoDB: Some operating system error numbers are described at https://mariadb.com/kb/en/library/operating-system-error-codes/
2025-03-20  8:30:32 0 [ERROR] InnoDB: Could not find a valid tablespace file for ``phpmyadmin`.`pma__bookmark``. Please refer to https://mariadb.com/kb/en/innodb-data-dictionary-troubleshooting/ for how to resolve the issue.
2025-03-20  8:30:32 0 [Warning] InnoDB: Ignoring tablespace for `phpmyadmin`.`pma__bookmark` because it could not be opened.
2025-03-20  8:30:32 0 [ERROR] InnoDB: Operating system error number 3 in a file operation.
2025-03-20  8:30:32 0 [ERROR] InnoDB: The error means the system cannot find the path specified.
2025-03-20  8:30:32 0 [ERROR] InnoDB: If you are installing InnoDB, remember that you must create directories yourself, InnoDB does not create them.
2025-03-20  8:30:32 0 [ERROR] InnoDB: Cannot open datafile for read-only: '.\phpmyadmin\pma__central_columns.ibd' OS error: 203
2025-03-20  8:30:32 0 [ERROR] InnoDB: Operating system error number 203 in a file operation.
2025-03-20  8:30:32 0 [Note] InnoDB: Some operating system error numbers are described at https://mariadb.com/kb/en/library/operating-system-error-codes/
2025-03-20  8:30:32 0 [ERROR] InnoDB: Could not find a valid tablespace file for ``phpmyadmin`.`pma__central_columns``. Please refer to https://mariadb.com/kb/en/innodb-data-dictionary-troubleshooting/ for how to resolve the issue.
2025-03-20  8:30:32 0 [Warning] InnoDB: Ignoring tablespace for `phpmyadmin`.`pma__central_columns` because it could not be opened.
2025-03-20  8:30:32 0 [ERROR] InnoDB: Operating system error number 3 in a file operation.
2025-03-20  8:30:32 0 [ERROR] InnoDB: The error means the system cannot find the path specified.
2025-03-20  8:30:32 0 [ERROR] InnoDB: If you are installing InnoDB, remember that you must create directories yourself, InnoDB does not create them.
2025-03-20  8:30:32 0 [ERROR] InnoDB: Cannot open datafile for read-only: '.\phpmyadmin\pma__column_info.ibd' OS error: 203
2025-03-20  8:30:32 0 [ERROR] InnoDB: Operating system error number 203 in a file operation.
2025-03-20  8:30:32 0 [Note] InnoDB: Some operating system error numbers are described at https://mariadb.com/kb/en/library/operating-system-error-codes/
2025-03-20  8:30:32 0 [ERROR] InnoDB: Could not find a valid tablespace file for ``phpmyadmin`.`pma__column_info``. Please refer to https://mariadb.com/kb/en/innodb-data-dictionary-troubleshooting/ for how to resolve the issue.
2025-03-20  8:30:32 0 [Warning] InnoDB: Ignoring tablespace for `phpmyadmin`.`pma__column_info` because it could not be opened.
2025-03-20  8:30:32 0 [ERROR] InnoDB: Operating system error number 3 in a file operation.
2025-03-20  8:30:32 0 [ERROR] InnoDB: The error means the system cannot find the path specified.
2025-03-20  8:30:32 0 [ERROR] InnoDB: If you are installing InnoDB, remember that you must create directories yourself, InnoDB does not create them.
2025-03-20  8:30:32 0 [ERROR] InnoDB: Cannot open datafile for read-only: '.\phpmyadmin\pma__designer_settings.ibd' OS error: 203
2025-03-20  8:30:32 0 [ERROR] InnoDB: Operating system error number 203 in a file operation.
2025-03-20  8:30:32 0 [Note] InnoDB: Some operating system error numbers are described at https://mariadb.com/kb/en/library/operating-system-error-codes/
2025-03-20  8:30:32 0 [ERROR] InnoDB: Could not find a valid tablespace file for ``phpmyadmin`.`pma__designer_settings``. Please refer to https://mariadb.com/kb/en/innodb-data-dictionary-troubleshooting/ for how to resolve the issue.
2025-03-20  8:30:32 0 [Warning] InnoDB: Ignoring tablespace for `phpmyadmin`.`pma__designer_settings` because it could not be opened.
2025-03-20  8:30:32 0 [ERROR] InnoDB: Operating system error number 3 in a file operation.
2025-03-20  8:30:32 0 [ERROR] InnoDB: The error means the system cannot find the path specified.
2025-03-20  8:30:32 0 [ERROR] InnoDB: If you are installing InnoDB, remember that you must create directories yourself, InnoDB does not create them.
2025-03-20  8:30:32 0 [ERROR] InnoDB: Cannot open datafile for read-only: '.\phpmyadmin\pma__export_templates.ibd' OS error: 203
2025-03-20  8:30:32 0 [ERROR] InnoDB: Operating system error number 203 in a file operation.
2025-03-20  8:30:32 0 [Note] InnoDB: Some operating system error numbers are described at https://mariadb.com/kb/en/library/operating-system-error-codes/
2025-03-20  8:30:32 0 [ERROR] InnoDB: Could not find a valid tablespace file for ``phpmyadmin`.`pma__export_templates``. Please refer to https://mariadb.com/kb/en/innodb-data-dictionary-troubleshooting/ for how to resolve the issue.
2025-03-20  8:30:32 0 [Warning] InnoDB: Ignoring tablespace for `phpmyadmin`.`pma__export_templates` because it could not be opened.
2025-03-20  8:30:32 0 [ERROR] InnoDB: Operating system error number 3 in a file operation.
2025-03-20  8:30:32 0 [ERROR] InnoDB: The error means the system cannot find the path specified.
2025-03-20  8:30:32 0 [ERROR] InnoDB: If you are installing InnoDB, remember that you must create directories yourself, InnoDB does not create them.
2025-03-20  8:30:32 0 [ERROR] InnoDB: Cannot open datafile for read-only: '.\phpmyadmin\pma__favorite.ibd' OS error: 203
2025-03-20  8:30:32 0 [ERROR] InnoDB: Operating system error number 203 in a file operation.
2025-03-20  8:30:32 0 [Note] InnoDB: Some operating system error numbers are described at https://mariadb.com/kb/en/library/operating-system-error-codes/
2025-03-20  8:30:32 0 [ERROR] InnoDB: Could not find a valid tablespace file for ``phpmyadmin`.`pma__favorite``. Please refer to https://mariadb.com/kb/en/innodb-data-dictionary-troubleshooting/ for how to resolve the issue.
2025-03-20  8:30:32 0 [Warning] InnoDB: Ignoring tablespace for `phpmyadmin`.`pma__favorite` because it could not be opened.
2025-03-20  8:30:32 0 [ERROR] InnoDB: Operating system error number 3 in a file operation.
2025-03-20  8:30:32 0 [ERROR] InnoDB: The error means the system cannot find the path specified.
2025-03-20  8:30:32 0 [ERROR] InnoDB: If you are installing InnoDB, remember that you must create directories yourself, InnoDB does not create them.
2025-03-20  8:30:32 0 [ERROR] InnoDB: Cannot open datafile for read-only: '.\phpmyadmin\pma__history.ibd' OS error: 203
2025-03-20  8:30:32 0 [ERROR] InnoDB: Operating system error number 203 in a file operation.
2025-03-20  8:30:32 0 [Note] InnoDB: Some operating system error numbers are described at https://mariadb.com/kb/en/library/operating-system-error-codes/
2025-03-20  8:30:32 0 [ERROR] InnoDB: Could not find a valid tablespace file for ``phpmyadmin`.`pma__history``. Please refer to https://mariadb.com/kb/en/innodb-data-dictionary-troubleshooting/ for how to resolve the issue.
2025-03-20  8:30:32 0 [Warning] InnoDB: Ignoring tablespace for `phpmyadmin`.`pma__history` because it could not be opened.
2025-03-20  8:30:32 0 [ERROR] InnoDB: Operating system error number 3 in a file operation.
2025-03-20  8:30:32 0 [ERROR] InnoDB: The error means the system cannot find the path specified.
2025-03-20  8:30:32 0 [ERROR] InnoDB: If you are installing InnoDB, remember that you must create directories yourself, InnoDB does not create them.
2025-03-20  8:30:32 0 [ERROR] InnoDB: Cannot open datafile for read-only: '.\phpmyadmin\pma__navigationhiding.ibd' OS error: 203
2025-03-20  8:30:32 0 [ERROR] InnoDB: Operating system error number 203 in a file operation.
2025-03-20  8:30:32 0 [Note] InnoDB: Some operating system error numbers are described at https://mariadb.com/kb/en/library/operating-system-error-codes/
2025-03-20  8:30:32 0 [ERROR] InnoDB: Could not find a valid tablespace file for ``phpmyadmin`.`pma__navigationhiding``. Please refer to https://mariadb.com/kb/en/innodb-data-dictionary-troubleshooting/ for how to resolve the issue.
2025-03-20  8:30:32 0 [Warning] InnoDB: Ignoring tablespace for `phpmyadmin`.`pma__navigationhiding` because it could not be opened.
2025-03-20  8:30:32 0 [ERROR] InnoDB: Operating system error number 3 in a file operation.
2025-03-20  8:30:32 0 [ERROR] InnoDB: The error means the system cannot find the path specified.
2025-03-20  8:30:32 0 [ERROR] InnoDB: If you are installing InnoDB, remember that you must create directories yourself, InnoDB does not create them.
2025-03-20  8:30:32 0 [ERROR] InnoDB: Cannot open datafile for read-only: '.\phpmyadmin\pma__pdf_pages.ibd' OS error: 203
2025-03-20  8:30:32 0 [ERROR] InnoDB: Operating system error number 203 in a file operation.
2025-03-20  8:30:32 0 [Note] InnoDB: Some operating system error numbers are described at https://mariadb.com/kb/en/library/operating-system-error-codes/
2025-03-20  8:30:32 0 [ERROR] InnoDB: Could not find a valid tablespace file for ``phpmyadmin`.`pma__pdf_pages``. Please refer to https://mariadb.com/kb/en/innodb-data-dictionary-troubleshooting/ for how to resolve the issue.
2025-03-20  8:30:32 0 [Warning] InnoDB: Ignoring tablespace for `phpmyadmin`.`pma__pdf_pages` because it could not be opened.
2025-03-20  8:30:32 0 [ERROR] InnoDB: Operating system error number 3 in a file operation.
2025-03-20  8:30:32 0 [ERROR] InnoDB: The error means the system cannot find the path specified.
2025-03-20  8:30:32 0 [ERROR] InnoDB: If you are installing InnoDB, remember that you must create directories yourself, InnoDB does not create them.
2025-03-20  8:30:32 0 [ERROR] InnoDB: Cannot open datafile for read-only: '.\phpmyadmin\pma__recent.ibd' OS error: 203
2025-03-20  8:30:32 0 [ERROR] InnoDB: Operating system error number 203 in a file operation.
2025-03-20  8:30:32 0 [Note] InnoDB: Some operating system error numbers are described at https://mariadb.com/kb/en/library/operating-system-error-codes/
2025-03-20  8:30:32 0 [ERROR] InnoDB: Could not find a valid tablespace file for ``phpmyadmin`.`pma__recent``. Please refer to https://mariadb.com/kb/en/innodb-data-dictionary-troubleshooting/ for how to resolve the issue.
2025-03-20  8:30:32 0 [Warning] InnoDB: Ignoring tablespace for `phpmyadmin`.`pma__recent` because it could not be opened.
2025-03-20  8:30:32 0 [ERROR] InnoDB: Operating system error number 3 in a file operation.
2025-03-20  8:30:32 0 [ERROR] InnoDB: The error means the system cannot find the path specified.
2025-03-20  8:30:32 0 [ERROR] InnoDB: If you are installing InnoDB, remember that you must create directories yourself, InnoDB does not create them.
2025-03-20  8:30:32 0 [ERROR] InnoDB: Cannot open datafile for read-only: '.\phpmyadmin\pma__relation.ibd' OS error: 203
2025-03-20  8:30:32 0 [ERROR] InnoDB: Operating system error number 203 in a file operation.
2025-03-20  8:30:32 0 [Note] InnoDB: Some operating system error numbers are described at https://mariadb.com/kb/en/library/operating-system-error-codes/
2025-03-20  8:30:32 0 [ERROR] InnoDB: Could not find a valid tablespace file for ``phpmyadmin`.`pma__relation``. Please refer to https://mariadb.com/kb/en/innodb-data-dictionary-troubleshooting/ for how to resolve the issue.
2025-03-20  8:30:32 0 [Warning] InnoDB: Ignoring tablespace for `phpmyadmin`.`pma__relation` because it could not be opened.
2025-03-20  8:30:32 0 [ERROR] InnoDB: Operating system error number 3 in a file operation.
2025-03-20  8:30:32 0 [ERROR] InnoDB: The error means the system cannot find the path specified.
2025-03-20  8:30:32 0 [ERROR] InnoDB: If you are installing InnoDB, remember that you must create directories yourself, InnoDB does not create them.
2025-03-20  8:30:32 0 [ERROR] InnoDB: Cannot open datafile for read-only: '.\phpmyadmin\pma__savedsearches.ibd' OS error: 203
2025-03-20  8:30:32 0 [ERROR] InnoDB: Operating system error number 203 in a file operation.
2025-03-20  8:30:32 0 [Note] InnoDB: Some operating system error numbers are described at https://mariadb.com/kb/en/library/operating-system-error-codes/
2025-03-20  8:30:32 0 [ERROR] InnoDB: Could not find a valid tablespace file for ``phpmyadmin`.`pma__savedsearches``. Please refer to https://mariadb.com/kb/en/innodb-data-dictionary-troubleshooting/ for how to resolve the issue.
2025-03-20  8:30:32 0 [Warning] InnoDB: Ignoring tablespace for `phpmyadmin`.`pma__savedsearches` because it could not be opened.
2025-03-20  8:30:32 0 [ERROR] InnoDB: Operating system error number 3 in a file operation.
2025-03-20  8:30:32 0 [ERROR] InnoDB: The error means the system cannot find the path specified.
2025-03-20  8:30:32 0 [ERROR] InnoDB: If you are installing InnoDB, remember that you must create directories yourself, InnoDB does not create them.
2025-03-20  8:30:32 0 [ERROR] InnoDB: Cannot open datafile for read-only: '.\phpmyadmin\pma__table_coords.ibd' OS error: 203
2025-03-20  8:30:32 0 [ERROR] InnoDB: Operating system error number 203 in a file operation.
2025-03-20  8:30:32 0 [Note] InnoDB: Some operating system error numbers are described at https://mariadb.com/kb/en/library/operating-system-error-codes/
2025-03-20  8:30:32 0 [ERROR] InnoDB: Could not find a valid tablespace file for ``phpmyadmin`.`pma__table_coords``. Please refer to https://mariadb.com/kb/en/innodb-data-dictionary-troubleshooting/ for how to resolve the issue.
2025-03-20  8:30:32 0 [Warning] InnoDB: Ignoring tablespace for `phpmyadmin`.`pma__table_coords` because it could not be opened.
2025-03-20  8:30:32 0 [ERROR] InnoDB: Operating system error number 3 in a file operation.
2025-03-20  8:30:32 0 [ERROR] InnoDB: The error means the system cannot find the path specified.
2025-03-20  8:30:32 0 [ERROR] InnoDB: If you are installing InnoDB, remember that you must create directories yourself, InnoDB does not create them.
2025-03-20  8:30:32 0 [ERROR] InnoDB: Cannot open datafile for read-only: '.\phpmyadmin\pma__table_info.ibd' OS error: 203
2025-03-20  8:30:32 0 [ERROR] InnoDB: Operating system error number 203 in a file operation.
2025-03-20  8:30:32 0 [Note] InnoDB: Some operating system error numbers are described at https://mariadb.com/kb/en/library/operating-system-error-codes/
2025-03-20  8:30:32 0 [ERROR] InnoDB: Could not find a valid tablespace file for ``phpmyadmin`.`pma__table_info``. Please refer to https://mariadb.com/kb/en/innodb-data-dictionary-troubleshooting/ for how to resolve the issue.
2025-03-20  8:30:32 0 [Warning] InnoDB: Ignoring tablespace for `phpmyadmin`.`pma__table_info` because it could not be opened.
2025-03-20  8:30:32 0 [ERROR] InnoDB: Operating system error number 3 in a file operation.
2025-03-20  8:30:32 0 [ERROR] InnoDB: The error means the system cannot find the path specified.
2025-03-20  8:30:32 0 [ERROR] InnoDB: If you are installing InnoDB, remember that you must create directories yourself, InnoDB does not create them.
2025-03-20  8:30:32 0 [ERROR] InnoDB: Cannot open datafile for read-only: '.\phpmyadmin\pma__table_uiprefs.ibd' OS error: 203
2025-03-20  8:30:32 0 [ERROR] InnoDB: Operating system error number 203 in a file operation.
2025-03-20  8:30:32 0 [Note] InnoDB: Some operating system error numbers are described at https://mariadb.com/kb/en/library/operating-system-error-codes/
2025-03-20  8:30:32 0 [ERROR] InnoDB: Could not find a valid tablespace file for ``phpmyadmin`.`pma__table_uiprefs``. Please refer to https://mariadb.com/kb/en/innodb-data-dictionary-troubleshooting/ for how to resolve the issue.
2025-03-20  8:30:32 0 [Warning] InnoDB: Ignoring tablespace for `phpmyadmin`.`pma__table_uiprefs` because it could not be opened.
2025-03-20  8:30:32 0 [ERROR] InnoDB: Operating system error number 3 in a file operation.
2025-03-20  8:30:32 0 [ERROR] InnoDB: The error means the system cannot find the path specified.
2025-03-20  8:30:32 0 [ERROR] InnoDB: If you are installing InnoDB, remember that you must create directories yourself, InnoDB does not create them.
2025-03-20  8:30:32 0 [ERROR] InnoDB: Cannot open datafile for read-only: '.\phpmyadmin\pma__tracking.ibd' OS error: 203
2025-03-20  8:30:32 0 [ERROR] InnoDB: Operating system error number 203 in a file operation.
2025-03-20  8:30:32 0 [Note] InnoDB: Some operating system error numbers are described at https://mariadb.com/kb/en/library/operating-system-error-codes/
2025-03-20  8:30:32 0 [ERROR] InnoDB: Could not find a valid tablespace file for ``phpmyadmin`.`pma__tracking``. Please refer to https://mariadb.com/kb/en/innodb-data-dictionary-troubleshooting/ for how to resolve the issue.
2025-03-20  8:30:32 0 [Warning] InnoDB: Ignoring tablespace for `phpmyadmin`.`pma__tracking` because it could not be opened.
2025-03-20  8:30:32 0 [ERROR] InnoDB: Operating system error number 3 in a file operation.
2025-03-20  8:30:32 0 [ERROR] InnoDB: The error means the system cannot find the path specified.
2025-03-20  8:30:32 0 [ERROR] InnoDB: If you are installing InnoDB, remember that you must create directories yourself, InnoDB does not create them.
2025-03-20  8:30:32 0 [ERROR] InnoDB: Cannot open datafile for read-only: '.\phpmyadmin\pma__userconfig.ibd' OS error: 203
2025-03-20  8:30:32 0 [ERROR] InnoDB: Operating system error number 203 in a file operation.
2025-03-20  8:30:32 0 [Note] InnoDB: Some operating system error numbers are described at https://mariadb.com/kb/en/library/operating-system-error-codes/
2025-03-20  8:30:32 0 [ERROR] InnoDB: Could not find a valid tablespace file for ``phpmyadmin`.`pma__userconfig``. Please refer to https://mariadb.com/kb/en/innodb-data-dictionary-troubleshooting/ for how to resolve the issue.
2025-03-20  8:30:32 0 [Warning] InnoDB: Ignoring tablespace for `phpmyadmin`.`pma__userconfig` because it could not be opened.
2025-03-20  8:30:32 0 [ERROR] InnoDB: Operating system error number 3 in a file operation.
2025-03-20  8:30:32 0 [ERROR] InnoDB: The error means the system cannot find the path specified.
2025-03-20  8:30:32 0 [ERROR] InnoDB: If you are installing InnoDB, remember that you must create directories yourself, InnoDB does not create them.
2025-03-20  8:30:32 0 [ERROR] InnoDB: Cannot open datafile for read-only: '.\phpmyadmin\pma__usergroups.ibd' OS error: 203
2025-03-20  8:30:32 0 [ERROR] InnoDB: Operating system error number 203 in a file operation.
2025-03-20  8:30:32 0 [Note] InnoDB: Some operating system error numbers are described at https://mariadb.com/kb/en/library/operating-system-error-codes/
2025-03-20  8:30:32 0 [ERROR] InnoDB: Could not find a valid tablespace file for ``phpmyadmin`.`pma__usergroups``. Please refer to https://mariadb.com/kb/en/innodb-data-dictionary-troubleshooting/ for how to resolve the issue.
2025-03-20  8:30:32 0 [Warning] InnoDB: Ignoring tablespace for `phpmyadmin`.`pma__usergroups` because it could not be opened.
2025-03-20  8:30:32 0 [ERROR] InnoDB: Operating system error number 3 in a file operation.
2025-03-20  8:30:32 0 [ERROR] InnoDB: The error means the system cannot find the path specified.
2025-03-20  8:30:32 0 [ERROR] InnoDB: If you are installing InnoDB, remember that you must create directories yourself, InnoDB does not create them.
2025-03-20  8:30:32 0 [ERROR] InnoDB: Cannot open datafile for read-only: '.\phpmyadmin\pma__users.ibd' OS error: 203
2025-03-20  8:30:32 0 [ERROR] InnoDB: Operating system error number 203 in a file operation.
2025-03-20  8:30:32 0 [Note] InnoDB: Some operating system error numbers are described at https://mariadb.com/kb/en/library/operating-system-error-codes/
2025-03-20  8:30:32 0 [ERROR] InnoDB: Could not find a valid tablespace file for ``phpmyadmin`.`pma__users``. Please refer to https://mariadb.com/kb/en/innodb-data-dictionary-troubleshooting/ for how to resolve the issue.
2025-03-20  8:30:32 0 [Warning] InnoDB: Ignoring tablespace for `phpmyadmin`.`pma__users` because it could not be opened.
2025-03-20  8:30:32 0 [Note] InnoDB: 128 out of 128 rollback segments are active.
2025-03-20  8:30:32 0 [Note] InnoDB: Removed temporary tablespace data file: "ibtmp1"
2025-03-20  8:30:32 0 [Note] InnoDB: Creating shared tablespace for temporary tables
2025-03-20  8:30:32 0 [Note] InnoDB: Setting file 'C:\Users\Zedric Berwin\Desktop\OJT files\repository\ojt\server\mysql\data\ibtmp1' size to 12 MB. Physically writing the file full; Please wait ...
2025-03-20  8:30:32 0 [Note] InnoDB: File 'C:\Users\Zedric Berwin\Desktop\OJT files\repository\ojt\server\mysql\data\ibtmp1' size is now 12 MB.
2025-03-20  8:30:32 0 [Note] InnoDB: Waiting for purge to start
2025-03-20  8:30:32 0 [Note] InnoDB: 10.4.28 started; log sequence number 39679078; transaction id 63451
2025-03-20  8:30:32 0 [Note] InnoDB: Loading buffer pool(s) from C:\Users\Zedric Berwin\Desktop\OJT files\repository\ojt\server\mysql\data\ib_buffer_pool
2025-03-20  8:30:32 0 [Note] Plugin 'FEEDBACK' is disabled.
2025-03-20  8:30:32 0 [Note] Server socket created on IP: '::'.
2025-03-20  8:30:32 0 [Note] InnoDB: Buffer pool(s) load completed at 250320  8:30:32
2025-03-20  8:30:32 0 [Note] Reading of all Master_info entries succeeded
2025-03-20  8:30:32 0 [Note] Added new Master_info '' to hash table
2025-03-20  8:30:32 0 [Note] mysql\bin\mysqld.exe: ready for connections.
Version: '10.4.28-MariaDB'  socket: ''  port: 3306  mariadb.org binary distribution
2025-03-20 13:46:46 0 [Note] Starting MariaDB 10.4.28-MariaDB source revision c8f2e9a5c0ac5905f28b050b7df5a9ffd914b7e7 as process 18852
2025-03-20 13:46:46 0 [ERROR] InnoDB: The innodb_system data file 'ibdata1' must be writable
2025-03-20 13:46:46 0 [ERROR] InnoDB: The innodb_system data file 'ibdata1' must be writable
2025-03-20 13:46:46 0 [ERROR] Plugin 'InnoDB' init function returned error.
2025-03-20 13:46:46 0 [ERROR] Plugin 'InnoDB' registration as a STORAGE ENGINE failed.
2025-03-20 13:46:46 0 [Note] Plugin 'FEEDBACK' is disabled.
2025-03-20 13:46:46 0 [ERROR] Unknown/unsupported storage engine: innodb
2025-03-20 13:46:46 0 [ERROR] Aborting
2025-03-21 16:28:50 0 [Note] Starting MariaDB 10.4.28-MariaDB source revision c8f2e9a5c0ac5905f28b050b7df5a9ffd914b7e7 as process 15856
2025-03-21 16:28:50 0 [Note] InnoDB: Mutexes and rw_locks use Windows interlocked functions
2025-03-21 16:28:50 0 [Note] InnoDB: Uses event mutexes
2025-03-21 16:28:50 0 [Note] InnoDB: Compressed tables use zlib 1.2.12
2025-03-21 16:28:50 0 [Note] InnoDB: Number of pools: 1
2025-03-21 16:28:50 0 [Note] InnoDB: Using SSE2 crc32 instructions
2025-03-21 16:28:50 0 [Note] InnoDB: Initializing buffer pool, total size = 256M, instances = 1, chunk size = 128M
2025-03-21 16:28:50 0 [Note] InnoDB: Completed initialization of buffer pool
2025-03-21 16:28:50 0 [Note] InnoDB: Starting crash recovery from checkpoint LSN=41037666
2025-03-21 16:28:50 0 [ERROR] InnoDB: Operating system error number 3 in a file operation.
2025-03-21 16:28:50 0 [ERROR] InnoDB: The error means the system cannot find the path specified.
2025-03-21 16:28:50 0 [ERROR] InnoDB: If you are installing InnoDB, remember that you must create directories yourself, InnoDB does not create them.
2025-03-21 16:28:50 0 [ERROR] InnoDB: Cannot open datafile for read-only: '.\phpmyadmin\pma__bookmark.ibd' OS error: 203
2025-03-21 16:28:50 0 [ERROR] InnoDB: Operating system error number 203 in a file operation.
2025-03-21 16:28:50 0 [Note] InnoDB: Some operating system error numbers are described at https://mariadb.com/kb/en/library/operating-system-error-codes/
2025-03-21 16:28:50 0 [ERROR] InnoDB: Could not find a valid tablespace file for ``phpmyadmin`.`pma__bookmark``. Please refer to https://mariadb.com/kb/en/innodb-data-dictionary-troubleshooting/ for how to resolve the issue.
2025-03-21 16:28:50 0 [Warning] InnoDB: Ignoring tablespace for `phpmyadmin`.`pma__bookmark` because it could not be opened.
2025-03-21 16:28:50 0 [ERROR] InnoDB: Operating system error number 3 in a file operation.
2025-03-21 16:28:50 0 [ERROR] InnoDB: The error means the system cannot find the path specified.
2025-03-21 16:28:50 0 [ERROR] InnoDB: If you are installing InnoDB, remember that you must create directories yourself, InnoDB does not create them.
2025-03-21 16:28:50 0 [ERROR] InnoDB: Cannot open datafile for read-only: '.\phpmyadmin\pma__central_columns.ibd' OS error: 203
2025-03-21 16:28:50 0 [ERROR] InnoDB: Operating system error number 203 in a file operation.
2025-03-21 16:28:50 0 [Note] InnoDB: Some operating system error numbers are described at https://mariadb.com/kb/en/library/operating-system-error-codes/
2025-03-21 16:28:50 0 [ERROR] InnoDB: Could not find a valid tablespace file for ``phpmyadmin`.`pma__central_columns``. Please refer to https://mariadb.com/kb/en/innodb-data-dictionary-troubleshooting/ for how to resolve the issue.
2025-03-21 16:28:50 0 [Warning] InnoDB: Ignoring tablespace for `phpmyadmin`.`pma__central_columns` because it could not be opened.
2025-03-21 16:28:50 0 [ERROR] InnoDB: Operating system error number 3 in a file operation.
2025-03-21 16:28:50 0 [ERROR] InnoDB: The error means the system cannot find the path specified.
2025-03-21 16:28:50 0 [ERROR] InnoDB: If you are installing InnoDB, remember that you must create directories yourself, InnoDB does not create them.
2025-03-21 16:28:50 0 [ERROR] InnoDB: Cannot open datafile for read-only: '.\phpmyadmin\pma__column_info.ibd' OS error: 203
2025-03-21 16:28:50 0 [ERROR] InnoDB: Operating system error number 203 in a file operation.
2025-03-21 16:28:50 0 [Note] InnoDB: Some operating system error numbers are described at https://mariadb.com/kb/en/library/operating-system-error-codes/
2025-03-21 16:28:50 0 [ERROR] InnoDB: Could not find a valid tablespace file for ``phpmyadmin`.`pma__column_info``. Please refer to https://mariadb.com/kb/en/innodb-data-dictionary-troubleshooting/ for how to resolve the issue.
2025-03-21 16:28:50 0 [Warning] InnoDB: Ignoring tablespace for `phpmyadmin`.`pma__column_info` because it could not be opened.
2025-03-21 16:28:50 0 [ERROR] InnoDB: Operating system error number 3 in a file operation.
2025-03-21 16:28:50 0 [ERROR] InnoDB: The error means the system cannot find the path specified.
2025-03-21 16:28:50 0 [ERROR] InnoDB: If you are installing InnoDB, remember that you must create directories yourself, InnoDB does not create them.
2025-03-21 16:28:50 0 [ERROR] InnoDB: Cannot open datafile for read-only: '.\phpmyadmin\pma__designer_settings.ibd' OS error: 203
2025-03-21 16:28:50 0 [ERROR] InnoDB: Operating system error number 203 in a file operation.
2025-03-21 16:28:50 0 [Note] InnoDB: Some operating system error numbers are described at https://mariadb.com/kb/en/library/operating-system-error-codes/
2025-03-21 16:28:50 0 [ERROR] InnoDB: Could not find a valid tablespace file for ``phpmyadmin`.`pma__designer_settings``. Please refer to https://mariadb.com/kb/en/innodb-data-dictionary-troubleshooting/ for how to resolve the issue.
2025-03-21 16:28:50 0 [Warning] InnoDB: Ignoring tablespace for `phpmyadmin`.`pma__designer_settings` because it could not be opened.
2025-03-21 16:28:50 0 [ERROR] InnoDB: Operating system error number 3 in a file operation.
2025-03-21 16:28:50 0 [ERROR] InnoDB: The error means the system cannot find the path specified.
2025-03-21 16:28:50 0 [ERROR] InnoDB: If you are installing InnoDB, remember that you must create directories yourself, InnoDB does not create them.
2025-03-21 16:28:50 0 [ERROR] InnoDB: Cannot open datafile for read-only: '.\phpmyadmin\pma__export_templates.ibd' OS error: 203
2025-03-21 16:28:50 0 [ERROR] InnoDB: Operating system error number 203 in a file operation.
2025-03-21 16:28:50 0 [Note] InnoDB: Some operating system error numbers are described at https://mariadb.com/kb/en/library/operating-system-error-codes/
2025-03-21 16:28:50 0 [ERROR] InnoDB: Could not find a valid tablespace file for ``phpmyadmin`.`pma__export_templates``. Please refer to https://mariadb.com/kb/en/innodb-data-dictionary-troubleshooting/ for how to resolve the issue.
2025-03-21 16:28:50 0 [Warning] InnoDB: Ignoring tablespace for `phpmyadmin`.`pma__export_templates` because it could not be opened.
2025-03-21 16:28:50 0 [ERROR] InnoDB: Operating system error number 3 in a file operation.
2025-03-21 16:28:50 0 [ERROR] InnoDB: The error means the system cannot find the path specified.
2025-03-21 16:28:50 0 [ERROR] InnoDB: If you are installing InnoDB, remember that you must create directories yourself, InnoDB does not create them.
2025-03-21 16:28:50 0 [ERROR] InnoDB: Cannot open datafile for read-only: '.\phpmyadmin\pma__favorite.ibd' OS error: 203
2025-03-21 16:28:50 0 [ERROR] InnoDB: Operating system error number 203 in a file operation.
2025-03-21 16:28:50 0 [Note] InnoDB: Some operating system error numbers are described at https://mariadb.com/kb/en/library/operating-system-error-codes/
2025-03-21 16:28:50 0 [ERROR] InnoDB: Could not find a valid tablespace file for ``phpmyadmin`.`pma__favorite``. Please refer to https://mariadb.com/kb/en/innodb-data-dictionary-troubleshooting/ for how to resolve the issue.
2025-03-21 16:28:50 0 [Warning] InnoDB: Ignoring tablespace for `phpmyadmin`.`pma__favorite` because it could not be opened.
2025-03-21 16:28:50 0 [ERROR] InnoDB: Operating system error number 3 in a file operation.
2025-03-21 16:28:50 0 [ERROR] InnoDB: The error means the system cannot find the path specified.
2025-03-21 16:28:50 0 [ERROR] InnoDB: If you are installing InnoDB, remember that you must create directories yourself, InnoDB does not create them.
2025-03-21 16:28:50 0 [ERROR] InnoDB: Cannot open datafile for read-only: '.\phpmyadmin\pma__history.ibd' OS error: 203
2025-03-21 16:28:50 0 [ERROR] InnoDB: Operating system error number 203 in a file operation.
2025-03-21 16:28:50 0 [Note] InnoDB: Some operating system error numbers are described at https://mariadb.com/kb/en/library/operating-system-error-codes/
2025-03-21 16:28:51 0 [ERROR] InnoDB: Could not find a valid tablespace file for ``phpmyadmin`.`pma__history``. Please refer to https://mariadb.com/kb/en/innodb-data-dictionary-troubleshooting/ for how to resolve the issue.
2025-03-21 16:28:51 0 [Warning] InnoDB: Ignoring tablespace for `phpmyadmin`.`pma__history` because it could not be opened.
2025-03-21 16:28:51 0 [ERROR] InnoDB: Operating system error number 3 in a file operation.
2025-03-21 16:28:51 0 [ERROR] InnoDB: The error means the system cannot find the path specified.
2025-03-21 16:28:51 0 [ERROR] InnoDB: If you are installing InnoDB, remember that you must create directories yourself, InnoDB does not create them.
2025-03-21 16:28:51 0 [ERROR] InnoDB: Cannot open datafile for read-only: '.\phpmyadmin\pma__navigationhiding.ibd' OS error: 203
2025-03-21 16:28:51 0 [ERROR] InnoDB: Operating system error number 203 in a file operation.
2025-03-21 16:28:51 0 [Note] InnoDB: Some operating system error numbers are described at https://mariadb.com/kb/en/library/operating-system-error-codes/
2025-03-21 16:28:51 0 [ERROR] InnoDB: Could not find a valid tablespace file for ``phpmyadmin`.`pma__navigationhiding``. Please refer to https://mariadb.com/kb/en/innodb-data-dictionary-troubleshooting/ for how to resolve the issue.
2025-03-21 16:28:51 0 [Warning] InnoDB: Ignoring tablespace for `phpmyadmin`.`pma__navigationhiding` because it could not be opened.
2025-03-21 16:28:51 0 [ERROR] InnoDB: Operating system error number 3 in a file operation.
2025-03-21 16:28:51 0 [ERROR] InnoDB: The error means the system cannot find the path specified.
2025-03-21 16:28:51 0 [ERROR] InnoDB: If you are installing InnoDB, remember that you must create directories yourself, InnoDB does not create them.
2025-03-21 16:28:51 0 [ERROR] InnoDB: Cannot open datafile for read-only: '.\phpmyadmin\pma__pdf_pages.ibd' OS error: 203
2025-03-21 16:28:51 0 [ERROR] InnoDB: Operating system error number 203 in a file operation.
2025-03-21 16:28:51 0 [Note] InnoDB: Some operating system error numbers are described at https://mariadb.com/kb/en/library/operating-system-error-codes/
2025-03-21 16:28:51 0 [ERROR] InnoDB: Could not find a valid tablespace file for ``phpmyadmin`.`pma__pdf_pages``. Please refer to https://mariadb.com/kb/en/innodb-data-dictionary-troubleshooting/ for how to resolve the issue.
2025-03-21 16:28:51 0 [Warning] InnoDB: Ignoring tablespace for `phpmyadmin`.`pma__pdf_pages` because it could not be opened.
2025-03-21 16:28:51 0 [ERROR] InnoDB: Operating system error number 3 in a file operation.
2025-03-21 16:28:51 0 [ERROR] InnoDB: The error means the system cannot find the path specified.
2025-03-21 16:28:51 0 [ERROR] InnoDB: If you are installing InnoDB, remember that you must create directories yourself, InnoDB does not create them.
2025-03-21 16:28:51 0 [ERROR] InnoDB: Cannot open datafile for read-only: '.\phpmyadmin\pma__recent.ibd' OS error: 203
2025-03-21 16:28:51 0 [ERROR] InnoDB: Operating system error number 203 in a file operation.
2025-03-21 16:28:51 0 [Note] InnoDB: Some operating system error numbers are described at https://mariadb.com/kb/en/library/operating-system-error-codes/
2025-03-21 16:28:51 0 [ERROR] InnoDB: Could not find a valid tablespace file for ``phpmyadmin`.`pma__recent``. Please refer to https://mariadb.com/kb/en/innodb-data-dictionary-troubleshooting/ for how to resolve the issue.
2025-03-21 16:28:51 0 [Warning] InnoDB: Ignoring tablespace for `phpmyadmin`.`pma__recent` because it could not be opened.
2025-03-21 16:28:51 0 [ERROR] InnoDB: Operating system error number 3 in a file operation.
2025-03-21 16:28:51 0 [ERROR] InnoDB: The error means the system cannot find the path specified.
2025-03-21 16:28:51 0 [ERROR] InnoDB: If you are installing InnoDB, remember that you must create directories yourself, InnoDB does not create them.
2025-03-21 16:28:51 0 [ERROR] InnoDB: Cannot open datafile for read-only: '.\phpmyadmin\pma__relation.ibd' OS error: 203
2025-03-21 16:28:51 0 [ERROR] InnoDB: Operating system error number 203 in a file operation.
2025-03-21 16:28:51 0 [Note] InnoDB: Some operating system error numbers are described at https://mariadb.com/kb/en/library/operating-system-error-codes/
2025-03-21 16:28:51 0 [ERROR] InnoDB: Could not find a valid tablespace file for ``phpmyadmin`.`pma__relation``. Please refer to https://mariadb.com/kb/en/innodb-data-dictionary-troubleshooting/ for how to resolve the issue.
2025-03-21 16:28:51 0 [Warning] InnoDB: Ignoring tablespace for `phpmyadmin`.`pma__relation` because it could not be opened.
2025-03-21 16:28:51 0 [ERROR] InnoDB: Operating system error number 3 in a file operation.
2025-03-21 16:28:51 0 [ERROR] InnoDB: The error means the system cannot find the path specified.
2025-03-21 16:28:51 0 [ERROR] InnoDB: If you are installing InnoDB, remember that you must create directories yourself, InnoDB does not create them.
2025-03-21 16:28:51 0 [ERROR] InnoDB: Cannot open datafile for read-only: '.\phpmyadmin\pma__savedsearches.ibd' OS error: 203
2025-03-21 16:28:51 0 [ERROR] InnoDB: Operating system error number 203 in a file operation.
2025-03-21 16:28:51 0 [Note] InnoDB: Some operating system error numbers are described at https://mariadb.com/kb/en/library/operating-system-error-codes/
2025-03-21 16:28:51 0 [ERROR] InnoDB: Could not find a valid tablespace file for ``phpmyadmin`.`pma__savedsearches``. Please refer to https://mariadb.com/kb/en/innodb-data-dictionary-troubleshooting/ for how to resolve the issue.
2025-03-21 16:28:51 0 [Warning] InnoDB: Ignoring tablespace for `phpmyadmin`.`pma__savedsearches` because it could not be opened.
2025-03-21 16:28:51 0 [ERROR] InnoDB: Operating system error number 3 in a file operation.
2025-03-21 16:28:51 0 [ERROR] InnoDB: The error means the system cannot find the path specified.
2025-03-21 16:28:51 0 [ERROR] InnoDB: If you are installing InnoDB, remember that you must create directories yourself, InnoDB does not create them.
2025-03-21 16:28:51 0 [ERROR] InnoDB: Cannot open datafile for read-only: '.\phpmyadmin\pma__table_coords.ibd' OS error: 203
2025-03-21 16:28:51 0 [ERROR] InnoDB: Operating system error number 203 in a file operation.
2025-03-21 16:28:51 0 [Note] InnoDB: Some operating system error numbers are described at https://mariadb.com/kb/en/library/operating-system-error-codes/
2025-03-21 16:28:51 0 [ERROR] InnoDB: Could not find a valid tablespace file for ``phpmyadmin`.`pma__table_coords``. Please refer to https://mariadb.com/kb/en/innodb-data-dictionary-troubleshooting/ for how to resolve the issue.
2025-03-21 16:28:51 0 [Warning] InnoDB: Ignoring tablespace for `phpmyadmin`.`pma__table_coords` because it could not be opened.
2025-03-21 16:28:51 0 [ERROR] InnoDB: Operating system error number 3 in a file operation.
2025-03-21 16:28:51 0 [ERROR] InnoDB: The error means the system cannot find the path specified.
2025-03-21 16:28:51 0 [ERROR] InnoDB: If you are installing InnoDB, remember that you must create directories yourself, InnoDB does not create them.
2025-03-21 16:28:51 0 [ERROR] InnoDB: Cannot open datafile for read-only: '.\phpmyadmin\pma__table_info.ibd' OS error: 203
2025-03-21 16:28:51 0 [ERROR] InnoDB: Operating system error number 203 in a file operation.
2025-03-21 16:28:51 0 [Note] InnoDB: Some operating system error numbers are described at https://mariadb.com/kb/en/library/operating-system-error-codes/
2025-03-21 16:28:51 0 [ERROR] InnoDB: Could not find a valid tablespace file for ``phpmyadmin`.`pma__table_info``. Please refer to https://mariadb.com/kb/en/innodb-data-dictionary-troubleshooting/ for how to resolve the issue.
2025-03-21 16:28:51 0 [Warning] InnoDB: Ignoring tablespace for `phpmyadmin`.`pma__table_info` because it could not be opened.
2025-03-21 16:28:51 0 [ERROR] InnoDB: Operating system error number 3 in a file operation.
2025-03-21 16:28:51 0 [ERROR] InnoDB: The error means the system cannot find the path specified.
2025-03-21 16:28:51 0 [ERROR] InnoDB: If you are installing InnoDB, remember that you must create directories yourself, InnoDB does not create them.
2025-03-21 16:28:51 0 [ERROR] InnoDB: Cannot open datafile for read-only: '.\phpmyadmin\pma__table_uiprefs.ibd' OS error: 203
2025-03-21 16:28:51 0 [ERROR] InnoDB: Operating system error number 203 in a file operation.
2025-03-21 16:28:51 0 [Note] InnoDB: Some operating system error numbers are described at https://mariadb.com/kb/en/library/operating-system-error-codes/
2025-03-21 16:28:51 0 [ERROR] InnoDB: Could not find a valid tablespace file for ``phpmyadmin`.`pma__table_uiprefs``. Please refer to https://mariadb.com/kb/en/innodb-data-dictionary-troubleshooting/ for how to resolve the issue.
2025-03-21 16:28:51 0 [Warning] InnoDB: Ignoring tablespace for `phpmyadmin`.`pma__table_uiprefs` because it could not be opened.
2025-03-21 16:28:51 0 [ERROR] InnoDB: Operating system error number 3 in a file operation.
2025-03-21 16:28:51 0 [ERROR] InnoDB: The error means the system cannot find the path specified.
2025-03-21 16:28:51 0 [ERROR] InnoDB: If you are installing InnoDB, remember that you must create directories yourself, InnoDB does not create them.
2025-03-21 16:28:51 0 [ERROR] InnoDB: Cannot open datafile for read-only: '.\phpmyadmin\pma__tracking.ibd' OS error: 203
2025-03-21 16:28:51 0 [ERROR] InnoDB: Operating system error number 203 in a file operation.
2025-03-21 16:28:51 0 [Note] InnoDB: Some operating system error numbers are described at https://mariadb.com/kb/en/library/operating-system-error-codes/
2025-03-21 16:28:51 0 [ERROR] InnoDB: Could not find a valid tablespace file for ``phpmyadmin`.`pma__tracking``. Please refer to https://mariadb.com/kb/en/innodb-data-dictionary-troubleshooting/ for how to resolve the issue.
2025-03-21 16:28:51 0 [Warning] InnoDB: Ignoring tablespace for `phpmyadmin`.`pma__tracking` because it could not be opened.
2025-03-21 16:28:51 0 [ERROR] InnoDB: Operating system error number 3 in a file operation.
2025-03-21 16:28:51 0 [ERROR] InnoDB: The error means the system cannot find the path specified.
2025-03-21 16:28:51 0 [ERROR] InnoDB: If you are installing InnoDB, remember that you must create directories yourself, InnoDB does not create them.
2025-03-21 16:28:51 0 [ERROR] InnoDB: Cannot open datafile for read-only: '.\phpmyadmin\pma__userconfig.ibd' OS error: 203
2025-03-21 16:28:51 0 [ERROR] InnoDB: Operating system error number 203 in a file operation.
2025-03-21 16:28:51 0 [Note] InnoDB: Some operating system error numbers are described at https://mariadb.com/kb/en/library/operating-system-error-codes/
2025-03-21 16:28:51 0 [ERROR] InnoDB: Could not find a valid tablespace file for ``phpmyadmin`.`pma__userconfig``. Please refer to https://mariadb.com/kb/en/innodb-data-dictionary-troubleshooting/ for how to resolve the issue.
2025-03-21 16:28:51 0 [Warning] InnoDB: Ignoring tablespace for `phpmyadmin`.`pma__userconfig` because it could not be opened.
2025-03-21 16:28:51 0 [ERROR] InnoDB: Operating system error number 3 in a file operation.
2025-03-21 16:28:51 0 [ERROR] InnoDB: The error means the system cannot find the path specified.
2025-03-21 16:28:51 0 [ERROR] InnoDB: If you are installing InnoDB, remember that you must create directories yourself, InnoDB does not create them.
2025-03-21 16:28:51 0 [ERROR] InnoDB: Cannot open datafile for read-only: '.\phpmyadmin\pma__usergroups.ibd' OS error: 203
2025-03-21 16:28:51 0 [ERROR] InnoDB: Operating system error number 203 in a file operation.
2025-03-21 16:28:51 0 [Note] InnoDB: Some operating system error numbers are described at https://mariadb.com/kb/en/library/operating-system-error-codes/
2025-03-21 16:28:51 0 [ERROR] InnoDB: Could not find a valid tablespace file for ``phpmyadmin`.`pma__usergroups``. Please refer to https://mariadb.com/kb/en/innodb-data-dictionary-troubleshooting/ for how to resolve the issue.
2025-03-21 16:28:51 0 [Warning] InnoDB: Ignoring tablespace for `phpmyadmin`.`pma__usergroups` because it could not be opened.
2025-03-21 16:28:51 0 [ERROR] InnoDB: Operating system error number 3 in a file operation.
2025-03-21 16:28:51 0 [ERROR] InnoDB: The error means the system cannot find the path specified.
2025-03-21 16:28:51 0 [ERROR] InnoDB: If you are installing InnoDB, remember that you must create directories yourself, InnoDB does not create them.
2025-03-21 16:28:51 0 [ERROR] InnoDB: Cannot open datafile for read-only: '.\phpmyadmin\pma__users.ibd' OS error: 203
2025-03-21 16:28:51 0 [ERROR] InnoDB: Operating system error number 203 in a file operation.
2025-03-21 16:28:51 0 [Note] InnoDB: Some operating system error numbers are described at https://mariadb.com/kb/en/library/operating-system-error-codes/
2025-03-21 16:28:51 0 [ERROR] InnoDB: Could not find a valid tablespace file for ``phpmyadmin`.`pma__users``. Please refer to https://mariadb.com/kb/en/innodb-data-dictionary-troubleshooting/ for how to resolve the issue.
2025-03-21 16:28:51 0 [Warning] InnoDB: Ignoring tablespace for `phpmyadmin`.`pma__users` because it could not be opened.
2025-03-21 16:28:51 0 [Note] InnoDB: 128 out of 128 rollback segments are active.
2025-03-21 16:28:51 0 [Note] InnoDB: Removed temporary tablespace data file: "ibtmp1"
2025-03-21 16:28:51 0 [Note] InnoDB: Creating shared tablespace for temporary tables
2025-03-21 16:28:51 0 [Note] InnoDB: Setting file 'C:\Users\Zedric Berwin\Desktop\OJT files\repository\ojt\server\mysql\data\ibtmp1' size to 12 MB. Physically writing the file full; Please wait ...
2025-03-21 16:28:51 0 [Note] InnoDB: File 'C:\Users\Zedric Berwin\Desktop\OJT files\repository\ojt\server\mysql\data\ibtmp1' size is now 12 MB.
2025-03-21 16:28:51 0 [Note] InnoDB: Waiting for purge to start
2025-03-21 16:28:51 0 [Note] InnoDB: 10.4.28 started; log sequence number 41037675; transaction id 65571
2025-03-21 16:28:51 0 [Note] InnoDB: Loading buffer pool(s) from C:\Users\Zedric Berwin\Desktop\OJT files\repository\ojt\server\mysql\data\ib_buffer_pool
2025-03-21 16:28:51 0 [Note] Plugin 'FEEDBACK' is disabled.
2025-03-21 16:28:51 0 [Note] Server socket created on IP: '::'.
2025-03-21 16:28:51 0 [Note] InnoDB: Buffer pool(s) load completed at 250321 16:28:51
2025-03-21 16:28:51 0 [Note] Reading of all Master_info entries succeeded
2025-03-21 16:28:51 0 [Note] Added new Master_info '' to hash table
2025-03-21 16:28:51 0 [Note] mysql\bin\mysqld.exe: ready for connections.
Version: '10.4.28-MariaDB'  socket: ''  port: 3306  mariadb.org binary distribution
2025-03-24  8:27:59 0 [Note] Starting MariaDB 10.4.28-MariaDB source revision c8f2e9a5c0ac5905f28b050b7df5a9ffd914b7e7 as process 19152
2025-03-24  8:27:59 0 [Note] InnoDB: Mutexes and rw_locks use Windows interlocked functions
2025-03-24  8:27:59 0 [Note] InnoDB: Uses event mutexes
2025-03-24  8:27:59 0 [Note] InnoDB: Compressed tables use zlib 1.2.12
2025-03-24  8:27:59 0 [Note] InnoDB: Number of pools: 1
2025-03-24  8:27:59 0 [Note] InnoDB: Using SSE2 crc32 instructions
2025-03-24  8:27:59 0 [Note] InnoDB: Initializing buffer pool, total size = 256M, instances = 1, chunk size = 128M
2025-03-24  8:27:59 0 [Note] InnoDB: Completed initialization of buffer pool
2025-03-24  8:27:59 0 [Note] InnoDB: Starting crash recovery from checkpoint LSN=42664094
2025-03-24  8:28:00 0 [ERROR] InnoDB: Operating system error number 3 in a file operation.
2025-03-24  8:28:00 0 [ERROR] InnoDB: The error means the system cannot find the path specified.
2025-03-24  8:28:00 0 [ERROR] InnoDB: If you are installing InnoDB, remember that you must create directories yourself, InnoDB does not create them.
2025-03-24  8:28:00 0 [ERROR] InnoDB: Cannot open datafile for read-only: '.\phpmyadmin\pma__bookmark.ibd' OS error: 203
2025-03-24  8:28:00 0 [ERROR] InnoDB: Operating system error number 203 in a file operation.
2025-03-24  8:28:00 0 [Note] InnoDB: Some operating system error numbers are described at https://mariadb.com/kb/en/library/operating-system-error-codes/
2025-03-24  8:28:00 0 [ERROR] InnoDB: Could not find a valid tablespace file for ``phpmyadmin`.`pma__bookmark``. Please refer to https://mariadb.com/kb/en/innodb-data-dictionary-troubleshooting/ for how to resolve the issue.
2025-03-24  8:28:00 0 [Warning] InnoDB: Ignoring tablespace for `phpmyadmin`.`pma__bookmark` because it could not be opened.
2025-03-24  8:28:00 0 [ERROR] InnoDB: Operating system error number 3 in a file operation.
2025-03-24  8:28:00 0 [ERROR] InnoDB: The error means the system cannot find the path specified.
2025-03-24  8:28:00 0 [ERROR] InnoDB: If you are installing InnoDB, remember that you must create directories yourself, InnoDB does not create them.
2025-03-24  8:28:00 0 [ERROR] InnoDB: Cannot open datafile for read-only: '.\phpmyadmin\pma__central_columns.ibd' OS error: 203
2025-03-24  8:28:00 0 [ERROR] InnoDB: Operating system error number 203 in a file operation.
2025-03-24  8:28:00 0 [Note] InnoDB: Some operating system error numbers are described at https://mariadb.com/kb/en/library/operating-system-error-codes/
2025-03-24  8:28:00 0 [ERROR] InnoDB: Could not find a valid tablespace file for ``phpmyadmin`.`pma__central_columns``. Please refer to https://mariadb.com/kb/en/innodb-data-dictionary-troubleshooting/ for how to resolve the issue.
2025-03-24  8:28:00 0 [Warning] InnoDB: Ignoring tablespace for `phpmyadmin`.`pma__central_columns` because it could not be opened.
2025-03-24  8:28:00 0 [ERROR] InnoDB: Operating system error number 3 in a file operation.
2025-03-24  8:28:00 0 [ERROR] InnoDB: The error means the system cannot find the path specified.
2025-03-24  8:28:00 0 [ERROR] InnoDB: If you are installing InnoDB, remember that you must create directories yourself, InnoDB does not create them.
2025-03-24  8:28:00 0 [ERROR] InnoDB: Cannot open datafile for read-only: '.\phpmyadmin\pma__column_info.ibd' OS error: 203
2025-03-24  8:28:00 0 [ERROR] InnoDB: Operating system error number 203 in a file operation.
2025-03-24  8:28:00 0 [Note] InnoDB: Some operating system error numbers are described at https://mariadb.com/kb/en/library/operating-system-error-codes/
2025-03-24  8:28:00 0 [ERROR] InnoDB: Could not find a valid tablespace file for ``phpmyadmin`.`pma__column_info``. Please refer to https://mariadb.com/kb/en/innodb-data-dictionary-troubleshooting/ for how to resolve the issue.
2025-03-24  8:28:00 0 [Warning] InnoDB: Ignoring tablespace for `phpmyadmin`.`pma__column_info` because it could not be opened.
2025-03-24  8:28:00 0 [ERROR] InnoDB: Operating system error number 3 in a file operation.
2025-03-24  8:28:00 0 [ERROR] InnoDB: The error means the system cannot find the path specified.
2025-03-24  8:28:00 0 [ERROR] InnoDB: If you are installing InnoDB, remember that you must create directories yourself, InnoDB does not create them.
2025-03-24  8:28:00 0 [ERROR] InnoDB: Cannot open datafile for read-only: '.\phpmyadmin\pma__designer_settings.ibd' OS error: 203
2025-03-24  8:28:00 0 [ERROR] InnoDB: Operating system error number 203 in a file operation.
2025-03-24  8:28:00 0 [Note] InnoDB: Some operating system error numbers are described at https://mariadb.com/kb/en/library/operating-system-error-codes/
2025-03-24  8:28:00 0 [ERROR] InnoDB: Could not find a valid tablespace file for ``phpmyadmin`.`pma__designer_settings``. Please refer to https://mariadb.com/kb/en/innodb-data-dictionary-troubleshooting/ for how to resolve the issue.
2025-03-24  8:28:00 0 [Warning] InnoDB: Ignoring tablespace for `phpmyadmin`.`pma__designer_settings` because it could not be opened.
2025-03-24  8:28:00 0 [ERROR] InnoDB: Operating system error number 3 in a file operation.
2025-03-24  8:28:00 0 [ERROR] InnoDB: The error means the system cannot find the path specified.
2025-03-24  8:28:00 0 [ERROR] InnoDB: If you are installing InnoDB, remember that you must create directories yourself, InnoDB does not create them.
2025-03-24  8:28:00 0 [ERROR] InnoDB: Cannot open datafile for read-only: '.\phpmyadmin\pma__export_templates.ibd' OS error: 203
2025-03-24  8:28:00 0 [ERROR] InnoDB: Operating system error number 203 in a file operation.
2025-03-24  8:28:00 0 [Note] InnoDB: Some operating system error numbers are described at https://mariadb.com/kb/en/library/operating-system-error-codes/
2025-03-24  8:28:00 0 [ERROR] InnoDB: Could not find a valid tablespace file for ``phpmyadmin`.`pma__export_templates``. Please refer to https://mariadb.com/kb/en/innodb-data-dictionary-troubleshooting/ for how to resolve the issue.
2025-03-24  8:28:00 0 [Warning] InnoDB: Ignoring tablespace for `phpmyadmin`.`pma__export_templates` because it could not be opened.
2025-03-24  8:28:00 0 [ERROR] InnoDB: Operating system error number 3 in a file operation.
2025-03-24  8:28:00 0 [ERROR] InnoDB: The error means the system cannot find the path specified.
2025-03-24  8:28:00 0 [ERROR] InnoDB: If you are installing InnoDB, remember that you must create directories yourself, InnoDB does not create them.
2025-03-24  8:28:00 0 [ERROR] InnoDB: Cannot open datafile for read-only: '.\phpmyadmin\pma__favorite.ibd' OS error: 203
2025-03-24  8:28:00 0 [ERROR] InnoDB: Operating system error number 203 in a file operation.
2025-03-24  8:28:00 0 [Note] InnoDB: Some operating system error numbers are described at https://mariadb.com/kb/en/library/operating-system-error-codes/
2025-03-24  8:28:00 0 [ERROR] InnoDB: Could not find a valid tablespace file for ``phpmyadmin`.`pma__favorite``. Please refer to https://mariadb.com/kb/en/innodb-data-dictionary-troubleshooting/ for how to resolve the issue.
2025-03-24  8:28:00 0 [Warning] InnoDB: Ignoring tablespace for `phpmyadmin`.`pma__favorite` because it could not be opened.
2025-03-24  8:28:00 0 [ERROR] InnoDB: Operating system error number 3 in a file operation.
2025-03-24  8:28:00 0 [ERROR] InnoDB: The error means the system cannot find the path specified.
2025-03-24  8:28:00 0 [ERROR] InnoDB: If you are installing InnoDB, remember that you must create directories yourself, InnoDB does not create them.
2025-03-24  8:28:00 0 [ERROR] InnoDB: Cannot open datafile for read-only: '.\phpmyadmin\pma__history.ibd' OS error: 203
2025-03-24  8:28:00 0 [ERROR] InnoDB: Operating system error number 203 in a file operation.
2025-03-24  8:28:00 0 [Note] InnoDB: Some operating system error numbers are described at https://mariadb.com/kb/en/library/operating-system-error-codes/
2025-03-24  8:28:00 0 [ERROR] InnoDB: Could not find a valid tablespace file for ``phpmyadmin`.`pma__history``. Please refer to https://mariadb.com/kb/en/innodb-data-dictionary-troubleshooting/ for how to resolve the issue.
2025-03-24  8:28:00 0 [Warning] InnoDB: Ignoring tablespace for `phpmyadmin`.`pma__history` because it could not be opened.
2025-03-24  8:28:00 0 [ERROR] InnoDB: Operating system error number 3 in a file operation.
2025-03-24  8:28:00 0 [ERROR] InnoDB: The error means the system cannot find the path specified.
2025-03-24  8:28:00 0 [ERROR] InnoDB: If you are installing InnoDB, remember that you must create directories yourself, InnoDB does not create them.
2025-03-24  8:28:00 0 [ERROR] InnoDB: Cannot open datafile for read-only: '.\phpmyadmin\pma__navigationhiding.ibd' OS error: 203
2025-03-24  8:28:00 0 [ERROR] InnoDB: Operating system error number 203 in a file operation.
2025-03-24  8:28:00 0 [Note] InnoDB: Some operating system error numbers are described at https://mariadb.com/kb/en/library/operating-system-error-codes/
2025-03-24  8:28:00 0 [ERROR] InnoDB: Could not find a valid tablespace file for ``phpmyadmin`.`pma__navigationhiding``. Please refer to https://mariadb.com/kb/en/innodb-data-dictionary-troubleshooting/ for how to resolve the issue.
2025-03-24  8:28:00 0 [Warning] InnoDB: Ignoring tablespace for `phpmyadmin`.`pma__navigationhiding` because it could not be opened.
2025-03-24  8:28:00 0 [ERROR] InnoDB: Operating system error number 3 in a file operation.
2025-03-24  8:28:00 0 [ERROR] InnoDB: The error means the system cannot find the path specified.
2025-03-24  8:28:00 0 [ERROR] InnoDB: If you are installing InnoDB, remember that you must create directories yourself, InnoDB does not create them.
2025-03-24  8:28:00 0 [ERROR] InnoDB: Cannot open datafile for read-only: '.\phpmyadmin\pma__pdf_pages.ibd' OS error: 203
2025-03-24  8:28:00 0 [ERROR] InnoDB: Operating system error number 203 in a file operation.
2025-03-24  8:28:00 0 [Note] InnoDB: Some operating system error numbers are described at https://mariadb.com/kb/en/library/operating-system-error-codes/
2025-03-24  8:28:00 0 [ERROR] InnoDB: Could not find a valid tablespace file for ``phpmyadmin`.`pma__pdf_pages``. Please refer to https://mariadb.com/kb/en/innodb-data-dictionary-troubleshooting/ for how to resolve the issue.
2025-03-24  8:28:00 0 [Warning] InnoDB: Ignoring tablespace for `phpmyadmin`.`pma__pdf_pages` because it could not be opened.
2025-03-24  8:28:00 0 [ERROR] InnoDB: Operating system error number 3 in a file operation.
2025-03-24  8:28:00 0 [ERROR] InnoDB: The error means the system cannot find the path specified.
2025-03-24  8:28:00 0 [ERROR] InnoDB: If you are installing InnoDB, remember that you must create directories yourself, InnoDB does not create them.
2025-03-24  8:28:00 0 [ERROR] InnoDB: Cannot open datafile for read-only: '.\phpmyadmin\pma__recent.ibd' OS error: 203
2025-03-24  8:28:00 0 [ERROR] InnoDB: Operating system error number 203 in a file operation.
2025-03-24  8:28:00 0 [Note] InnoDB: Some operating system error numbers are described at https://mariadb.com/kb/en/library/operating-system-error-codes/
2025-03-24  8:28:00 0 [ERROR] InnoDB: Could not find a valid tablespace file for ``phpmyadmin`.`pma__recent``. Please refer to https://mariadb.com/kb/en/innodb-data-dictionary-troubleshooting/ for how to resolve the issue.
2025-03-24  8:28:00 0 [Warning] InnoDB: Ignoring tablespace for `phpmyadmin`.`pma__recent` because it could not be opened.
2025-03-24  8:28:00 0 [ERROR] InnoDB: Operating system error number 3 in a file operation.
2025-03-24  8:28:00 0 [ERROR] InnoDB: The error means the system cannot find the path specified.
2025-03-24  8:28:00 0 [ERROR] InnoDB: If you are installing InnoDB, remember that you must create directories yourself, InnoDB does not create them.
2025-03-24  8:28:00 0 [ERROR] InnoDB: Cannot open datafile for read-only: '.\phpmyadmin\pma__relation.ibd' OS error: 203
2025-03-24  8:28:00 0 [ERROR] InnoDB: Operating system error number 203 in a file operation.
2025-03-24  8:28:00 0 [Note] InnoDB: Some operating system error numbers are described at https://mariadb.com/kb/en/library/operating-system-error-codes/
2025-03-24  8:28:00 0 [ERROR] InnoDB: Could not find a valid tablespace file for ``phpmyadmin`.`pma__relation``. Please refer to https://mariadb.com/kb/en/innodb-data-dictionary-troubleshooting/ for how to resolve the issue.
2025-03-24  8:28:00 0 [Warning] InnoDB: Ignoring tablespace for `phpmyadmin`.`pma__relation` because it could not be opened.
2025-03-24  8:28:00 0 [ERROR] InnoDB: Operating system error number 3 in a file operation.
2025-03-24  8:28:00 0 [ERROR] InnoDB: The error means the system cannot find the path specified.
2025-03-24  8:28:00 0 [ERROR] InnoDB: If you are installing InnoDB, remember that you must create directories yourself, InnoDB does not create them.
2025-03-24  8:28:00 0 [ERROR] InnoDB: Cannot open datafile for read-only: '.\phpmyadmin\pma__savedsearches.ibd' OS error: 203
2025-03-24  8:28:00 0 [ERROR] InnoDB: Operating system error number 203 in a file operation.
2025-03-24  8:28:00 0 [Note] InnoDB: Some operating system error numbers are described at https://mariadb.com/kb/en/library/operating-system-error-codes/
2025-03-24  8:28:00 0 [ERROR] InnoDB: Could not find a valid tablespace file for ``phpmyadmin`.`pma__savedsearches``. Please refer to https://mariadb.com/kb/en/innodb-data-dictionary-troubleshooting/ for how to resolve the issue.
2025-03-24  8:28:00 0 [Warning] InnoDB: Ignoring tablespace for `phpmyadmin`.`pma__savedsearches` because it could not be opened.
2025-03-24  8:28:00 0 [ERROR] InnoDB: Operating system error number 3 in a file operation.
2025-03-24  8:28:00 0 [ERROR] InnoDB: The error means the system cannot find the path specified.
2025-03-24  8:28:00 0 [ERROR] InnoDB: If you are installing InnoDB, remember that you must create directories yourself, InnoDB does not create them.
2025-03-24  8:28:00 0 [ERROR] InnoDB: Cannot open datafile for read-only: '.\phpmyadmin\pma__table_coords.ibd' OS error: 203
2025-03-24  8:28:00 0 [ERROR] InnoDB: Operating system error number 203 in a file operation.
2025-03-24  8:28:00 0 [Note] InnoDB: Some operating system error numbers are described at https://mariadb.com/kb/en/library/operating-system-error-codes/
2025-03-24  8:28:00 0 [ERROR] InnoDB: Could not find a valid tablespace file for ``phpmyadmin`.`pma__table_coords``. Please refer to https://mariadb.com/kb/en/innodb-data-dictionary-troubleshooting/ for how to resolve the issue.
2025-03-24  8:28:00 0 [Warning] InnoDB: Ignoring tablespace for `phpmyadmin`.`pma__table_coords` because it could not be opened.
2025-03-24  8:28:00 0 [ERROR] InnoDB: Operating system error number 3 in a file operation.
2025-03-24  8:28:00 0 [ERROR] InnoDB: The error means the system cannot find the path specified.
2025-03-24  8:28:00 0 [ERROR] InnoDB: If you are installing InnoDB, remember that you must create directories yourself, InnoDB does not create them.
2025-03-24  8:28:00 0 [ERROR] InnoDB: Cannot open datafile for read-only: '.\phpmyadmin\pma__table_info.ibd' OS error: 203
2025-03-24  8:28:00 0 [ERROR] InnoDB: Operating system error number 203 in a file operation.
2025-03-24  8:28:00 0 [Note] InnoDB: Some operating system error numbers are described at https://mariadb.com/kb/en/library/operating-system-error-codes/
2025-03-24  8:28:00 0 [ERROR] InnoDB: Could not find a valid tablespace file for ``phpmyadmin`.`pma__table_info``. Please refer to https://mariadb.com/kb/en/innodb-data-dictionary-troubleshooting/ for how to resolve the issue.
2025-03-24  8:28:00 0 [Warning] InnoDB: Ignoring tablespace for `phpmyadmin`.`pma__table_info` because it could not be opened.
2025-03-24  8:28:00 0 [ERROR] InnoDB: Operating system error number 3 in a file operation.
2025-03-24  8:28:00 0 [ERROR] InnoDB: The error means the system cannot find the path specified.
2025-03-24  8:28:00 0 [ERROR] InnoDB: If you are installing InnoDB, remember that you must create directories yourself, InnoDB does not create them.
2025-03-24  8:28:00 0 [ERROR] InnoDB: Cannot open datafile for read-only: '.\phpmyadmin\pma__table_uiprefs.ibd' OS error: 203
2025-03-24  8:28:00 0 [ERROR] InnoDB: Operating system error number 203 in a file operation.
2025-03-24  8:28:00 0 [Note] InnoDB: Some operating system error numbers are described at https://mariadb.com/kb/en/library/operating-system-error-codes/
2025-03-24  8:28:00 0 [ERROR] InnoDB: Could not find a valid tablespace file for ``phpmyadmin`.`pma__table_uiprefs``. Please refer to https://mariadb.com/kb/en/innodb-data-dictionary-troubleshooting/ for how to resolve the issue.
2025-03-24  8:28:00 0 [Warning] InnoDB: Ignoring tablespace for `phpmyadmin`.`pma__table_uiprefs` because it could not be opened.
2025-03-24  8:28:00 0 [ERROR] InnoDB: Operating system error number 3 in a file operation.
2025-03-24  8:28:00 0 [ERROR] InnoDB: The error means the system cannot find the path specified.
2025-03-24  8:28:00 0 [ERROR] InnoDB: If you are installing InnoDB, remember that you must create directories yourself, InnoDB does not create them.
2025-03-24  8:28:00 0 [ERROR] InnoDB: Cannot open datafile for read-only: '.\phpmyadmin\pma__tracking.ibd' OS error: 203
2025-03-24  8:28:00 0 [ERROR] InnoDB: Operating system error number 203 in a file operation.
2025-03-24  8:28:00 0 [Note] InnoDB: Some operating system error numbers are described at https://mariadb.com/kb/en/library/operating-system-error-codes/
2025-03-24  8:28:00 0 [ERROR] InnoDB: Could not find a valid tablespace file for ``phpmyadmin`.`pma__tracking``. Please refer to https://mariadb.com/kb/en/innodb-data-dictionary-troubleshooting/ for how to resolve the issue.
2025-03-24  8:28:00 0 [Warning] InnoDB: Ignoring tablespace for `phpmyadmin`.`pma__tracking` because it could not be opened.
2025-03-24  8:28:00 0 [ERROR] InnoDB: Operating system error number 3 in a file operation.
2025-03-24  8:28:00 0 [ERROR] InnoDB: The error means the system cannot find the path specified.
2025-03-24  8:28:00 0 [ERROR] InnoDB: If you are installing InnoDB, remember that you must create directories yourself, InnoDB does not create them.
2025-03-24  8:28:00 0 [ERROR] InnoDB: Cannot open datafile for read-only: '.\phpmyadmin\pma__userconfig.ibd' OS error: 203
2025-03-24  8:28:00 0 [ERROR] InnoDB: Operating system error number 203 in a file operation.
2025-03-24  8:28:00 0 [Note] InnoDB: Some operating system error numbers are described at https://mariadb.com/kb/en/library/operating-system-error-codes/
2025-03-24  8:28:00 0 [ERROR] InnoDB: Could not find a valid tablespace file for ``phpmyadmin`.`pma__userconfig``. Please refer to https://mariadb.com/kb/en/innodb-data-dictionary-troubleshooting/ for how to resolve the issue.
2025-03-24  8:28:00 0 [Warning] InnoDB: Ignoring tablespace for `phpmyadmin`.`pma__userconfig` because it could not be opened.
2025-03-24  8:28:00 0 [ERROR] InnoDB: Operating system error number 3 in a file operation.
2025-03-24  8:28:00 0 [ERROR] InnoDB: The error means the system cannot find the path specified.
2025-03-24  8:28:00 0 [ERROR] InnoDB: If you are installing InnoDB, remember that you must create directories yourself, InnoDB does not create them.
2025-03-24  8:28:00 0 [ERROR] InnoDB: Cannot open datafile for read-only: '.\phpmyadmin\pma__usergroups.ibd' OS error: 203
2025-03-24  8:28:00 0 [ERROR] InnoDB: Operating system error number 203 in a file operation.
2025-03-24  8:28:00 0 [Note] InnoDB: Some operating system error numbers are described at https://mariadb.com/kb/en/library/operating-system-error-codes/
2025-03-24  8:28:00 0 [ERROR] InnoDB: Could not find a valid tablespace file for ``phpmyadmin`.`pma__usergroups``. Please refer to https://mariadb.com/kb/en/innodb-data-dictionary-troubleshooting/ for how to resolve the issue.
2025-03-24  8:28:00 0 [Warning] InnoDB: Ignoring tablespace for `phpmyadmin`.`pma__usergroups` because it could not be opened.
2025-03-24  8:28:00 0 [ERROR] InnoDB: Operating system error number 3 in a file operation.
2025-03-24  8:28:00 0 [ERROR] InnoDB: The error means the system cannot find the path specified.
2025-03-24  8:28:00 0 [ERROR] InnoDB: If you are installing InnoDB, remember that you must create directories yourself, InnoDB does not create them.
2025-03-24  8:28:00 0 [ERROR] InnoDB: Cannot open datafile for read-only: '.\phpmyadmin\pma__users.ibd' OS error: 203
2025-03-24  8:28:00 0 [ERROR] InnoDB: Operating system error number 203 in a file operation.
2025-03-24  8:28:00 0 [Note] InnoDB: Some operating system error numbers are described at https://mariadb.com/kb/en/library/operating-system-error-codes/
2025-03-24  8:28:00 0 [ERROR] InnoDB: Could not find a valid tablespace file for ``phpmyadmin`.`pma__users``. Please refer to https://mariadb.com/kb/en/innodb-data-dictionary-troubleshooting/ for how to resolve the issue.
2025-03-24  8:28:00 0 [Warning] InnoDB: Ignoring tablespace for `phpmyadmin`.`pma__users` because it could not be opened.
2025-03-24  8:28:00 0 [Note] InnoDB: 128 out of 128 rollback segments are active.
2025-03-24  8:28:00 0 [Note] InnoDB: Removed temporary tablespace data file: "ibtmp1"
2025-03-24  8:28:00 0 [Note] InnoDB: Creating shared tablespace for temporary tables
2025-03-24  8:28:00 0 [Note] InnoDB: Setting file 'C:\Users\Zedric Berwin\Desktop\OJT files\repository\ojt\server\mysql\data\ibtmp1' size to 12 MB. Physically writing the file full; Please wait ...
2025-03-24  8:28:00 0 [Note] InnoDB: File 'C:\Users\Zedric Berwin\Desktop\OJT files\repository\ojt\server\mysql\data\ibtmp1' size is now 12 MB.
2025-03-24  8:28:00 0 [Note] InnoDB: Waiting for purge to start
2025-03-24  8:28:00 0 [Note] InnoDB: 10.4.28 started; log sequence number 42664103; transaction id 68944
2025-03-24  8:28:00 0 [Note] InnoDB: Loading buffer pool(s) from C:\Users\Zedric Berwin\Desktop\OJT files\repository\ojt\server\mysql\data\ib_buffer_pool
2025-03-24  8:28:00 0 [Note] Plugin 'FEEDBACK' is disabled.
2025-03-24  8:28:00 0 [Note] Server socket created on IP: '::'.
2025-03-24  8:28:00 0 [Note] InnoDB: Buffer pool(s) load completed at 250324  8:28:00
2025-03-24  8:28:00 0 [Note] Reading of all Master_info entries succeeded
2025-03-24  8:28:00 0 [Note] Added new Master_info '' to hash table
2025-03-24  8:28:00 0 [Note] mysql\bin\mysqld.exe: ready for connections.
Version: '10.4.28-MariaDB'  socket: ''  port: 3306  mariadb.org binary distribution
2025-03-24 15:37:44 0 [Note] Starting MariaDB 10.4.28-MariaDB source revision c8f2e9a5c0ac5905f28b050b7df5a9ffd914b7e7 as process 6760
2025-03-24 15:37:44 0 [Note] InnoDB: Mutexes and rw_locks use Windows interlocked functions
2025-03-24 15:37:44 0 [Note] InnoDB: Uses event mutexes
2025-03-24 15:37:44 0 [Note] InnoDB: Compressed tables use zlib 1.2.12
2025-03-24 15:37:44 0 [Note] InnoDB: Number of pools: 1
2025-03-24 15:37:44 0 [Note] InnoDB: Using SSE2 crc32 instructions
2025-03-24 15:37:44 0 [Note] InnoDB: Initializing buffer pool, total size = 256M, instances = 1, chunk size = 128M
2025-03-24 15:37:44 0 [Note] InnoDB: Completed initialization of buffer pool
2025-03-24 15:37:44 0 [Note] InnoDB: Starting crash recovery from checkpoint LSN=43115716
2025-03-24 15:37:45 0 [ERROR] InnoDB: Operating system error number 3 in a file operation.
2025-03-24 15:37:45 0 [ERROR] InnoDB: The error means the system cannot find the path specified.
2025-03-24 15:37:45 0 [ERROR] InnoDB: If you are installing InnoDB, remember that you must create directories yourself, InnoDB does not create them.
2025-03-24 15:37:45 0 [ERROR] InnoDB: Cannot open datafile for read-only: '.\phpmyadmin\pma__bookmark.ibd' OS error: 203
2025-03-24 15:37:45 0 [ERROR] InnoDB: Operating system error number 203 in a file operation.
2025-03-24 15:37:45 0 [Note] InnoDB: Some operating system error numbers are described at https://mariadb.com/kb/en/library/operating-system-error-codes/
2025-03-24 15:37:45 0 [ERROR] InnoDB: Could not find a valid tablespace file for ``phpmyadmin`.`pma__bookmark``. Please refer to https://mariadb.com/kb/en/innodb-data-dictionary-troubleshooting/ for how to resolve the issue.
2025-03-24 15:37:45 0 [Warning] InnoDB: Ignoring tablespace for `phpmyadmin`.`pma__bookmark` because it could not be opened.
2025-03-24 15:37:45 0 [ERROR] InnoDB: Operating system error number 3 in a file operation.
2025-03-24 15:37:45 0 [ERROR] InnoDB: The error means the system cannot find the path specified.
2025-03-24 15:37:45 0 [ERROR] InnoDB: If you are installing InnoDB, remember that you must create directories yourself, InnoDB does not create them.
2025-03-24 15:37:45 0 [ERROR] InnoDB: Cannot open datafile for read-only: '.\phpmyadmin\pma__central_columns.ibd' OS error: 203
2025-03-24 15:37:45 0 [ERROR] InnoDB: Operating system error number 203 in a file operation.
2025-03-24 15:37:45 0 [Note] InnoDB: Some operating system error numbers are described at https://mariadb.com/kb/en/library/operating-system-error-codes/
2025-03-24 15:37:45 0 [ERROR] InnoDB: Could not find a valid tablespace file for ``phpmyadmin`.`pma__central_columns``. Please refer to https://mariadb.com/kb/en/innodb-data-dictionary-troubleshooting/ for how to resolve the issue.
2025-03-24 15:37:45 0 [Warning] InnoDB: Ignoring tablespace for `phpmyadmin`.`pma__central_columns` because it could not be opened.
2025-03-24 15:37:45 0 [ERROR] InnoDB: Operating system error number 3 in a file operation.
2025-03-24 15:37:45 0 [ERROR] InnoDB: The error means the system cannot find the path specified.
2025-03-24 15:37:45 0 [ERROR] InnoDB: If you are installing InnoDB, remember that you must create directories yourself, InnoDB does not create them.
2025-03-24 15:37:45 0 [ERROR] InnoDB: Cannot open datafile for read-only: '.\phpmyadmin\pma__column_info.ibd' OS error: 203
2025-03-24 15:37:45 0 [ERROR] InnoDB: Operating system error number 203 in a file operation.
2025-03-24 15:37:45 0 [Note] InnoDB: Some operating system error numbers are described at https://mariadb.com/kb/en/library/operating-system-error-codes/
2025-03-24 15:37:45 0 [ERROR] InnoDB: Could not find a valid tablespace file for ``phpmyadmin`.`pma__column_info``. Please refer to https://mariadb.com/kb/en/innodb-data-dictionary-troubleshooting/ for how to resolve the issue.
2025-03-24 15:37:45 0 [Warning] InnoDB: Ignoring tablespace for `phpmyadmin`.`pma__column_info` because it could not be opened.
2025-03-24 15:37:45 0 [ERROR] InnoDB: Operating system error number 3 in a file operation.
2025-03-24 15:37:45 0 [ERROR] InnoDB: The error means the system cannot find the path specified.
2025-03-24 15:37:45 0 [ERROR] InnoDB: If you are installing InnoDB, remember that you must create directories yourself, InnoDB does not create them.
2025-03-24 15:37:45 0 [ERROR] InnoDB: Cannot open datafile for read-only: '.\phpmyadmin\pma__designer_settings.ibd' OS error: 203
2025-03-24 15:37:45 0 [ERROR] InnoDB: Operating system error number 203 in a file operation.
2025-03-24 15:37:45 0 [Note] InnoDB: Some operating system error numbers are described at https://mariadb.com/kb/en/library/operating-system-error-codes/
2025-03-24 15:37:45 0 [ERROR] InnoDB: Could not find a valid tablespace file for ``phpmyadmin`.`pma__designer_settings``. Please refer to https://mariadb.com/kb/en/innodb-data-dictionary-troubleshooting/ for how to resolve the issue.
2025-03-24 15:37:45 0 [Warning] InnoDB: Ignoring tablespace for `phpmyadmin`.`pma__designer_settings` because it could not be opened.
2025-03-24 15:37:45 0 [ERROR] InnoDB: Operating system error number 3 in a file operation.
2025-03-24 15:37:45 0 [ERROR] InnoDB: The error means the system cannot find the path specified.
2025-03-24 15:37:45 0 [ERROR] InnoDB: If you are installing InnoDB, remember that you must create directories yourself, InnoDB does not create them.
2025-03-24 15:37:45 0 [ERROR] InnoDB: Cannot open datafile for read-only: '.\phpmyadmin\pma__export_templates.ibd' OS error: 203
2025-03-24 15:37:45 0 [ERROR] InnoDB: Operating system error number 203 in a file operation.
2025-03-24 15:37:45 0 [Note] InnoDB: Some operating system error numbers are described at https://mariadb.com/kb/en/library/operating-system-error-codes/
2025-03-24 15:37:45 0 [ERROR] InnoDB: Could not find a valid tablespace file for ``phpmyadmin`.`pma__export_templates``. Please refer to https://mariadb.com/kb/en/innodb-data-dictionary-troubleshooting/ for how to resolve the issue.
2025-03-24 15:37:45 0 [Warning] InnoDB: Ignoring tablespace for `phpmyadmin`.`pma__export_templates` because it could not be opened.
2025-03-24 15:37:45 0 [ERROR] InnoDB: Operating system error number 3 in a file operation.
2025-03-24 15:37:45 0 [ERROR] InnoDB: The error means the system cannot find the path specified.
2025-03-24 15:37:45 0 [ERROR] InnoDB: If you are installing InnoDB, remember that you must create directories yourself, InnoDB does not create them.
2025-03-24 15:37:45 0 [ERROR] InnoDB: Cannot open datafile for read-only: '.\phpmyadmin\pma__favorite.ibd' OS error: 203
2025-03-24 15:37:45 0 [ERROR] InnoDB: Operating system error number 203 in a file operation.
2025-03-24 15:37:45 0 [Note] InnoDB: Some operating system error numbers are described at https://mariadb.com/kb/en/library/operating-system-error-codes/
2025-03-24 15:37:45 0 [ERROR] InnoDB: Could not find a valid tablespace file for ``phpmyadmin`.`pma__favorite``. Please refer to https://mariadb.com/kb/en/innodb-data-dictionary-troubleshooting/ for how to resolve the issue.
2025-03-24 15:37:45 0 [Warning] InnoDB: Ignoring tablespace for `phpmyadmin`.`pma__favorite` because it could not be opened.
2025-03-24 15:37:45 0 [ERROR] InnoDB: Operating system error number 3 in a file operation.
2025-03-24 15:37:45 0 [ERROR] InnoDB: The error means the system cannot find the path specified.
2025-03-24 15:37:45 0 [ERROR] InnoDB: If you are installing InnoDB, remember that you must create directories yourself, InnoDB does not create them.
2025-03-24 15:37:45 0 [ERROR] InnoDB: Cannot open datafile for read-only: '.\phpmyadmin\pma__history.ibd' OS error: 203
2025-03-24 15:37:45 0 [ERROR] InnoDB: Operating system error number 203 in a file operation.
2025-03-24 15:37:45 0 [Note] InnoDB: Some operating system error numbers are described at https://mariadb.com/kb/en/library/operating-system-error-codes/
2025-03-24 15:37:45 0 [ERROR] InnoDB: Could not find a valid tablespace file for ``phpmyadmin`.`pma__history``. Please refer to https://mariadb.com/kb/en/innodb-data-dictionary-troubleshooting/ for how to resolve the issue.
2025-03-24 15:37:45 0 [Warning] InnoDB: Ignoring tablespace for `phpmyadmin`.`pma__history` because it could not be opened.
2025-03-24 15:37:45 0 [ERROR] InnoDB: Operating system error number 3 in a file operation.
2025-03-24 15:37:45 0 [ERROR] InnoDB: The error means the system cannot find the path specified.
2025-03-24 15:37:45 0 [ERROR] InnoDB: If you are installing InnoDB, remember that you must create directories yourself, InnoDB does not create them.
2025-03-24 15:37:45 0 [ERROR] InnoDB: Cannot open datafile for read-only: '.\phpmyadmin\pma__navigationhiding.ibd' OS error: 203
2025-03-24 15:37:45 0 [ERROR] InnoDB: Operating system error number 203 in a file operation.
2025-03-24 15:37:45 0 [Note] InnoDB: Some operating system error numbers are described at https://mariadb.com/kb/en/library/operating-system-error-codes/
2025-03-24 15:37:45 0 [ERROR] InnoDB: Could not find a valid tablespace file for ``phpmyadmin`.`pma__navigationhiding``. Please refer to https://mariadb.com/kb/en/innodb-data-dictionary-troubleshooting/ for how to resolve the issue.
2025-03-24 15:37:45 0 [Warning] InnoDB: Ignoring tablespace for `phpmyadmin`.`pma__navigationhiding` because it could not be opened.
2025-03-24 15:37:45 0 [ERROR] InnoDB: Operating system error number 3 in a file operation.
2025-03-24 15:37:45 0 [ERROR] InnoDB: The error means the system cannot find the path specified.
2025-03-24 15:37:45 0 [ERROR] InnoDB: If you are installing InnoDB, remember that you must create directories yourself, InnoDB does not create them.
2025-03-24 15:37:45 0 [ERROR] InnoDB: Cannot open datafile for read-only: '.\phpmyadmin\pma__pdf_pages.ibd' OS error: 203
2025-03-24 15:37:45 0 [ERROR] InnoDB: Operating system error number 203 in a file operation.
2025-03-24 15:37:45 0 [Note] InnoDB: Some operating system error numbers are described at https://mariadb.com/kb/en/library/operating-system-error-codes/
2025-03-24 15:37:45 0 [ERROR] InnoDB: Could not find a valid tablespace file for ``phpmyadmin`.`pma__pdf_pages``. Please refer to https://mariadb.com/kb/en/innodb-data-dictionary-troubleshooting/ for how to resolve the issue.
2025-03-24 15:37:45 0 [Warning] InnoDB: Ignoring tablespace for `phpmyadmin`.`pma__pdf_pages` because it could not be opened.
2025-03-24 15:37:45 0 [ERROR] InnoDB: Operating system error number 3 in a file operation.
2025-03-24 15:37:45 0 [ERROR] InnoDB: The error means the system cannot find the path specified.
2025-03-24 15:37:45 0 [ERROR] InnoDB: If you are installing InnoDB, remember that you must create directories yourself, InnoDB does not create them.
2025-03-24 15:37:45 0 [ERROR] InnoDB: Cannot open datafile for read-only: '.\phpmyadmin\pma__recent.ibd' OS error: 203
2025-03-24 15:37:45 0 [ERROR] InnoDB: Operating system error number 203 in a file operation.
2025-03-24 15:37:45 0 [Note] InnoDB: Some operating system error numbers are described at https://mariadb.com/kb/en/library/operating-system-error-codes/
2025-03-24 15:37:45 0 [ERROR] InnoDB: Could not find a valid tablespace file for ``phpmyadmin`.`pma__recent``. Please refer to https://mariadb.com/kb/en/innodb-data-dictionary-troubleshooting/ for how to resolve the issue.
2025-03-24 15:37:45 0 [Warning] InnoDB: Ignoring tablespace for `phpmyadmin`.`pma__recent` because it could not be opened.
2025-03-24 15:37:45 0 [ERROR] InnoDB: Operating system error number 3 in a file operation.
2025-03-24 15:37:45 0 [ERROR] InnoDB: The error means the system cannot find the path specified.
2025-03-24 15:37:45 0 [ERROR] InnoDB: If you are installing InnoDB, remember that you must create directories yourself, InnoDB does not create them.
2025-03-24 15:37:45 0 [ERROR] InnoDB: Cannot open datafile for read-only: '.\phpmyadmin\pma__relation.ibd' OS error: 203
2025-03-24 15:37:45 0 [ERROR] InnoDB: Operating system error number 203 in a file operation.
2025-03-24 15:37:45 0 [Note] InnoDB: Some operating system error numbers are described at https://mariadb.com/kb/en/library/operating-system-error-codes/
2025-03-24 15:37:45 0 [ERROR] InnoDB: Could not find a valid tablespace file for ``phpmyadmin`.`pma__relation``. Please refer to https://mariadb.com/kb/en/innodb-data-dictionary-troubleshooting/ for how to resolve the issue.
2025-03-24 15:37:45 0 [Warning] InnoDB: Ignoring tablespace for `phpmyadmin`.`pma__relation` because it could not be opened.
2025-03-24 15:37:45 0 [ERROR] InnoDB: Operating system error number 3 in a file operation.
2025-03-24 15:37:45 0 [ERROR] InnoDB: The error means the system cannot find the path specified.
2025-03-24 15:37:45 0 [ERROR] InnoDB: If you are installing InnoDB, remember that you must create directories yourself, InnoDB does not create them.
2025-03-24 15:37:45 0 [ERROR] InnoDB: Cannot open datafile for read-only: '.\phpmyadmin\pma__savedsearches.ibd' OS error: 203
2025-03-24 15:37:45 0 [ERROR] InnoDB: Operating system error number 203 in a file operation.
2025-03-24 15:37:45 0 [Note] InnoDB: Some operating system error numbers are described at https://mariadb.com/kb/en/library/operating-system-error-codes/
2025-03-24 15:37:45 0 [ERROR] InnoDB: Could not find a valid tablespace file for ``phpmyadmin`.`pma__savedsearches``. Please refer to https://mariadb.com/kb/en/innodb-data-dictionary-troubleshooting/ for how to resolve the issue.
2025-03-24 15:37:45 0 [Warning] InnoDB: Ignoring tablespace for `phpmyadmin`.`pma__savedsearches` because it could not be opened.
2025-03-24 15:37:45 0 [ERROR] InnoDB: Operating system error number 3 in a file operation.
2025-03-24 15:37:45 0 [ERROR] InnoDB: The error means the system cannot find the path specified.
2025-03-24 15:37:45 0 [ERROR] InnoDB: If you are installing InnoDB, remember that you must create directories yourself, InnoDB does not create them.
2025-03-24 15:37:45 0 [ERROR] InnoDB: Cannot open datafile for read-only: '.\phpmyadmin\pma__table_coords.ibd' OS error: 203
2025-03-24 15:37:45 0 [ERROR] InnoDB: Operating system error number 203 in a file operation.
2025-03-24 15:37:45 0 [Note] InnoDB: Some operating system error numbers are described at https://mariadb.com/kb/en/library/operating-system-error-codes/
2025-03-24 15:37:45 0 [ERROR] InnoDB: Could not find a valid tablespace file for ``phpmyadmin`.`pma__table_coords``. Please refer to https://mariadb.com/kb/en/innodb-data-dictionary-troubleshooting/ for how to resolve the issue.
2025-03-24 15:37:45 0 [Warning] InnoDB: Ignoring tablespace for `phpmyadmin`.`pma__table_coords` because it could not be opened.
2025-03-24 15:37:45 0 [ERROR] InnoDB: Operating system error number 3 in a file operation.
2025-03-24 15:37:45 0 [ERROR] InnoDB: The error means the system cannot find the path specified.
2025-03-24 15:37:45 0 [ERROR] InnoDB: If you are installing InnoDB, remember that you must create directories yourself, InnoDB does not create them.
2025-03-24 15:37:45 0 [ERROR] InnoDB: Cannot open datafile for read-only: '.\phpmyadmin\pma__table_info.ibd' OS error: 203
2025-03-24 15:37:45 0 [ERROR] InnoDB: Operating system error number 203 in a file operation.
2025-03-24 15:37:45 0 [Note] InnoDB: Some operating system error numbers are described at https://mariadb.com/kb/en/library/operating-system-error-codes/
2025-03-24 15:37:45 0 [ERROR] InnoDB: Could not find a valid tablespace file for ``phpmyadmin`.`pma__table_info``. Please refer to https://mariadb.com/kb/en/innodb-data-dictionary-troubleshooting/ for how to resolve the issue.
2025-03-24 15:37:45 0 [Warning] InnoDB: Ignoring tablespace for `phpmyadmin`.`pma__table_info` because it could not be opened.
2025-03-24 15:37:45 0 [ERROR] InnoDB: Operating system error number 3 in a file operation.
2025-03-24 15:37:45 0 [ERROR] InnoDB: The error means the system cannot find the path specified.
2025-03-24 15:37:45 0 [ERROR] InnoDB: If you are installing InnoDB, remember that you must create directories yourself, InnoDB does not create them.
2025-03-24 15:37:45 0 [ERROR] InnoDB: Cannot open datafile for read-only: '.\phpmyadmin\pma__table_uiprefs.ibd' OS error: 203
2025-03-24 15:37:45 0 [ERROR] InnoDB: Operating system error number 203 in a file operation.
2025-03-24 15:37:45 0 [Note] InnoDB: Some operating system error numbers are described at https://mariadb.com/kb/en/library/operating-system-error-codes/
2025-03-24 15:37:45 0 [ERROR] InnoDB: Could not find a valid tablespace file for ``phpmyadmin`.`pma__table_uiprefs``. Please refer to https://mariadb.com/kb/en/innodb-data-dictionary-troubleshooting/ for how to resolve the issue.
2025-03-24 15:37:45 0 [Warning] InnoDB: Ignoring tablespace for `phpmyadmin`.`pma__table_uiprefs` because it could not be opened.
2025-03-24 15:37:45 0 [ERROR] InnoDB: Operating system error number 3 in a file operation.
2025-03-24 15:37:45 0 [ERROR] InnoDB: The error means the system cannot find the path specified.
2025-03-24 15:37:45 0 [ERROR] InnoDB: If you are installing InnoDB, remember that you must create directories yourself, InnoDB does not create them.
2025-03-24 15:37:45 0 [ERROR] InnoDB: Cannot open datafile for read-only: '.\phpmyadmin\pma__tracking.ibd' OS error: 203
2025-03-24 15:37:45 0 [ERROR] InnoDB: Operating system error number 203 in a file operation.
2025-03-24 15:37:45 0 [Note] InnoDB: Some operating system error numbers are described at https://mariadb.com/kb/en/library/operating-system-error-codes/
2025-03-24 15:37:45 0 [ERROR] InnoDB: Could not find a valid tablespace file for ``phpmyadmin`.`pma__tracking``. Please refer to https://mariadb.com/kb/en/innodb-data-dictionary-troubleshooting/ for how to resolve the issue.
2025-03-24 15:37:45 0 [Warning] InnoDB: Ignoring tablespace for `phpmyadmin`.`pma__tracking` because it could not be opened.
2025-03-24 15:37:45 0 [ERROR] InnoDB: Operating system error number 3 in a file operation.
2025-03-24 15:37:45 0 [ERROR] InnoDB: The error means the system cannot find the path specified.
2025-03-24 15:37:45 0 [ERROR] InnoDB: If you are installing InnoDB, remember that you must create directories yourself, InnoDB does not create them.
2025-03-24 15:37:45 0 [ERROR] InnoDB: Cannot open datafile for read-only: '.\phpmyadmin\pma__userconfig.ibd' OS error: 203
2025-03-24 15:37:45 0 [ERROR] InnoDB: Operating system error number 203 in a file operation.
2025-03-24 15:37:45 0 [Note] InnoDB: Some operating system error numbers are described at https://mariadb.com/kb/en/library/operating-system-error-codes/
2025-03-24 15:37:45 0 [ERROR] InnoDB: Could not find a valid tablespace file for ``phpmyadmin`.`pma__userconfig``. Please refer to https://mariadb.com/kb/en/innodb-data-dictionary-troubleshooting/ for how to resolve the issue.
2025-03-24 15:37:45 0 [Warning] InnoDB: Ignoring tablespace for `phpmyadmin`.`pma__userconfig` because it could not be opened.
2025-03-24 15:37:45 0 [ERROR] InnoDB: Operating system error number 3 in a file operation.
2025-03-24 15:37:45 0 [ERROR] InnoDB: The error means the system cannot find the path specified.
2025-03-24 15:37:45 0 [ERROR] InnoDB: If you are installing InnoDB, remember that you must create directories yourself, InnoDB does not create them.
2025-03-24 15:37:45 0 [ERROR] InnoDB: Cannot open datafile for read-only: '.\phpmyadmin\pma__usergroups.ibd' OS error: 203
2025-03-24 15:37:45 0 [ERROR] InnoDB: Operating system error number 203 in a file operation.
2025-03-24 15:37:45 0 [Note] InnoDB: Some operating system error numbers are described at https://mariadb.com/kb/en/library/operating-system-error-codes/
2025-03-24 15:37:45 0 [ERROR] InnoDB: Could not find a valid tablespace file for ``phpmyadmin`.`pma__usergroups``. Please refer to https://mariadb.com/kb/en/innodb-data-dictionary-troubleshooting/ for how to resolve the issue.
2025-03-24 15:37:45 0 [Warning] InnoDB: Ignoring tablespace for `phpmyadmin`.`pma__usergroups` because it could not be opened.
2025-03-24 15:37:45 0 [ERROR] InnoDB: Operating system error number 3 in a file operation.
2025-03-24 15:37:45 0 [ERROR] InnoDB: The error means the system cannot find the path specified.
2025-03-24 15:37:45 0 [ERROR] InnoDB: If you are installing InnoDB, remember that you must create directories yourself, InnoDB does not create them.
2025-03-24 15:37:45 0 [ERROR] InnoDB: Cannot open datafile for read-only: '.\phpmyadmin\pma__users.ibd' OS error: 203
2025-03-24 15:37:45 0 [ERROR] InnoDB: Operating system error number 203 in a file operation.
2025-03-24 15:37:45 0 [Note] InnoDB: Some operating system error numbers are described at https://mariadb.com/kb/en/library/operating-system-error-codes/
2025-03-24 15:37:45 0 [ERROR] InnoDB: Could not find a valid tablespace file for ``phpmyadmin`.`pma__users``. Please refer to https://mariadb.com/kb/en/innodb-data-dictionary-troubleshooting/ for how to resolve the issue.
2025-03-24 15:37:45 0 [Warning] InnoDB: Ignoring tablespace for `phpmyadmin`.`pma__users` because it could not be opened.
2025-03-24 15:37:45 0 [Note] InnoDB: 128 out of 128 rollback segments are active.
2025-03-24 15:37:45 0 [Note] InnoDB: Removed temporary tablespace data file: "ibtmp1"
2025-03-24 15:37:45 0 [Note] InnoDB: Creating shared tablespace for temporary tables
2025-03-24 15:37:45 0 [Note] InnoDB: Setting file 'C:\Users\Zedric Berwin\Desktop\OJT files\repository\ojt\server\mysql\data\ibtmp1' size to 12 MB. Physically writing the file full; Please wait ...
2025-03-24 15:37:45 0 [Note] InnoDB: File 'C:\Users\Zedric Berwin\Desktop\OJT files\repository\ojt\server\mysql\data\ibtmp1' size is now 12 MB.
2025-03-24 15:37:45 0 [Note] InnoDB: Waiting for purge to start
2025-03-24 15:37:45 0 [Note] InnoDB: 10.4.28 started; log sequence number 43115725; transaction id 69670
2025-03-24 15:37:45 0 [Note] InnoDB: Loading buffer pool(s) from C:\Users\Zedric Berwin\Desktop\OJT files\repository\ojt\server\mysql\data\ib_buffer_pool
2025-03-24 15:37:45 0 [Note] Plugin 'FEEDBACK' is disabled.
2025-03-24 15:37:45 0 [Note] Server socket created on IP: '::'.
2025-03-24 15:37:45 0 [Note] InnoDB: Buffer pool(s) load completed at 250324 15:37:45
2025-03-24 15:37:45 0 [Note] Reading of all Master_info entries succeeded
2025-03-24 15:37:45 0 [Note] Added new Master_info '' to hash table
2025-03-24 15:37:45 0 [Note] mysql\bin\mysqld.exe: ready for connections.
Version: '10.4.28-MariaDB'  socket: ''  port: 3306  mariadb.org binary distribution
2025-03-25 12:25:55 0 [Note] Starting MariaDB 10.4.28-MariaDB source revision c8f2e9a5c0ac5905f28b050b7df5a9ffd914b7e7 as process 18672
2025-03-25 12:25:55 0 [Note] InnoDB: Mutexes and rw_locks use Windows interlocked functions
2025-03-25 12:25:55 0 [Note] InnoDB: Uses event mutexes
2025-03-25 12:25:55 0 [Note] InnoDB: Compressed tables use zlib 1.2.12
2025-03-25 12:25:55 0 [Note] InnoDB: Number of pools: 1
2025-03-25 12:25:55 0 [Note] InnoDB: Using SSE2 crc32 instructions
2025-03-25 12:25:55 0 [Note] InnoDB: Initializing buffer pool, total size = 256M, instances = 1, chunk size = 128M
2025-03-25 12:25:55 0 [Note] InnoDB: Completed initialization of buffer pool
2025-03-25 12:25:55 0 [Note] InnoDB: Starting crash recovery from checkpoint LSN=43227867
2025-03-25 12:25:55 0 [ERROR] InnoDB: Operating system error number 3 in a file operation.
2025-03-25 12:25:55 0 [ERROR] InnoDB: The error means the system cannot find the path specified.
2025-03-25 12:25:55 0 [ERROR] InnoDB: If you are installing InnoDB, remember that you must create directories yourself, InnoDB does not create them.
2025-03-25 12:25:55 0 [ERROR] InnoDB: Cannot open datafile for read-only: '.\phpmyadmin\pma__bookmark.ibd' OS error: 203
2025-03-25 12:25:55 0 [ERROR] InnoDB: Operating system error number 203 in a file operation.
2025-03-25 12:25:55 0 [Note] InnoDB: Some operating system error numbers are described at https://mariadb.com/kb/en/library/operating-system-error-codes/
2025-03-25 12:25:55 0 [ERROR] InnoDB: Could not find a valid tablespace file for ``phpmyadmin`.`pma__bookmark``. Please refer to https://mariadb.com/kb/en/innodb-data-dictionary-troubleshooting/ for how to resolve the issue.
2025-03-25 12:25:55 0 [Warning] InnoDB: Ignoring tablespace for `phpmyadmin`.`pma__bookmark` because it could not be opened.
2025-03-25 12:25:55 0 [ERROR] InnoDB: Operating system error number 3 in a file operation.
2025-03-25 12:25:55 0 [ERROR] InnoDB: The error means the system cannot find the path specified.
2025-03-25 12:25:55 0 [ERROR] InnoDB: If you are installing InnoDB, remember that you must create directories yourself, InnoDB does not create them.
2025-03-25 12:25:55 0 [ERROR] InnoDB: Cannot open datafile for read-only: '.\phpmyadmin\pma__central_columns.ibd' OS error: 203
2025-03-25 12:25:55 0 [ERROR] InnoDB: Operating system error number 203 in a file operation.
2025-03-25 12:25:55 0 [Note] InnoDB: Some operating system error numbers are described at https://mariadb.com/kb/en/library/operating-system-error-codes/
2025-03-25 12:25:55 0 [ERROR] InnoDB: Could not find a valid tablespace file for ``phpmyadmin`.`pma__central_columns``. Please refer to https://mariadb.com/kb/en/innodb-data-dictionary-troubleshooting/ for how to resolve the issue.
2025-03-25 12:25:55 0 [Warning] InnoDB: Ignoring tablespace for `phpmyadmin`.`pma__central_columns` because it could not be opened.
2025-03-25 12:25:55 0 [ERROR] InnoDB: Operating system error number 3 in a file operation.
2025-03-25 12:25:55 0 [ERROR] InnoDB: The error means the system cannot find the path specified.
2025-03-25 12:25:55 0 [ERROR] InnoDB: If you are installing InnoDB, remember that you must create directories yourself, InnoDB does not create them.
2025-03-25 12:25:55 0 [ERROR] InnoDB: Cannot open datafile for read-only: '.\phpmyadmin\pma__column_info.ibd' OS error: 203
2025-03-25 12:25:55 0 [ERROR] InnoDB: Operating system error number 203 in a file operation.
2025-03-25 12:25:55 0 [Note] InnoDB: Some operating system error numbers are described at https://mariadb.com/kb/en/library/operating-system-error-codes/
2025-03-25 12:25:55 0 [ERROR] InnoDB: Could not find a valid tablespace file for ``phpmyadmin`.`pma__column_info``. Please refer to https://mariadb.com/kb/en/innodb-data-dictionary-troubleshooting/ for how to resolve the issue.
2025-03-25 12:25:55 0 [Warning] InnoDB: Ignoring tablespace for `phpmyadmin`.`pma__column_info` because it could not be opened.
2025-03-25 12:25:55 0 [ERROR] InnoDB: Operating system error number 3 in a file operation.
2025-03-25 12:25:55 0 [ERROR] InnoDB: The error means the system cannot find the path specified.
2025-03-25 12:25:55 0 [ERROR] InnoDB: If you are installing InnoDB, remember that you must create directories yourself, InnoDB does not create them.
2025-03-25 12:25:55 0 [ERROR] InnoDB: Cannot open datafile for read-only: '.\phpmyadmin\pma__designer_settings.ibd' OS error: 203
2025-03-25 12:25:55 0 [ERROR] InnoDB: Operating system error number 203 in a file operation.
2025-03-25 12:25:55 0 [Note] InnoDB: Some operating system error numbers are described at https://mariadb.com/kb/en/library/operating-system-error-codes/
2025-03-25 12:25:55 0 [ERROR] InnoDB: Could not find a valid tablespace file for ``phpmyadmin`.`pma__designer_settings``. Please refer to https://mariadb.com/kb/en/innodb-data-dictionary-troubleshooting/ for how to resolve the issue.
2025-03-25 12:25:55 0 [Warning] InnoDB: Ignoring tablespace for `phpmyadmin`.`pma__designer_settings` because it could not be opened.
2025-03-25 12:25:55 0 [ERROR] InnoDB: Operating system error number 3 in a file operation.
2025-03-25 12:25:55 0 [ERROR] InnoDB: The error means the system cannot find the path specified.
2025-03-25 12:25:55 0 [ERROR] InnoDB: If you are installing InnoDB, remember that you must create directories yourself, InnoDB does not create them.
2025-03-25 12:25:55 0 [ERROR] InnoDB: Cannot open datafile for read-only: '.\phpmyadmin\pma__export_templates.ibd' OS error: 203
2025-03-25 12:25:55 0 [ERROR] InnoDB: Operating system error number 203 in a file operation.
2025-03-25 12:25:55 0 [Note] InnoDB: Some operating system error numbers are described at https://mariadb.com/kb/en/library/operating-system-error-codes/
2025-03-25 12:25:55 0 [ERROR] InnoDB: Could not find a valid tablespace file for ``phpmyadmin`.`pma__export_templates``. Please refer to https://mariadb.com/kb/en/innodb-data-dictionary-troubleshooting/ for how to resolve the issue.
2025-03-25 12:25:55 0 [Warning] InnoDB: Ignoring tablespace for `phpmyadmin`.`pma__export_templates` because it could not be opened.
2025-03-25 12:25:55 0 [ERROR] InnoDB: Operating system error number 3 in a file operation.
2025-03-25 12:25:55 0 [ERROR] InnoDB: The error means the system cannot find the path specified.
2025-03-25 12:25:55 0 [ERROR] InnoDB: If you are installing InnoDB, remember that you must create directories yourself, InnoDB does not create them.
2025-03-25 12:25:55 0 [ERROR] InnoDB: Cannot open datafile for read-only: '.\phpmyadmin\pma__favorite.ibd' OS error: 203
2025-03-25 12:25:55 0 [ERROR] InnoDB: Operating system error number 203 in a file operation.
2025-03-25 12:25:55 0 [Note] InnoDB: Some operating system error numbers are described at https://mariadb.com/kb/en/library/operating-system-error-codes/
2025-03-25 12:25:55 0 [ERROR] InnoDB: Could not find a valid tablespace file for ``phpmyadmin`.`pma__favorite``. Please refer to https://mariadb.com/kb/en/innodb-data-dictionary-troubleshooting/ for how to resolve the issue.
2025-03-25 12:25:55 0 [Warning] InnoDB: Ignoring tablespace for `phpmyadmin`.`pma__favorite` because it could not be opened.
2025-03-25 12:25:55 0 [ERROR] InnoDB: Operating system error number 3 in a file operation.
2025-03-25 12:25:55 0 [ERROR] InnoDB: The error means the system cannot find the path specified.
2025-03-25 12:25:55 0 [ERROR] InnoDB: If you are installing InnoDB, remember that you must create directories yourself, InnoDB does not create them.
2025-03-25 12:25:55 0 [ERROR] InnoDB: Cannot open datafile for read-only: '.\phpmyadmin\pma__history.ibd' OS error: 203
2025-03-25 12:25:55 0 [ERROR] InnoDB: Operating system error number 203 in a file operation.
2025-03-25 12:25:55 0 [Note] InnoDB: Some operating system error numbers are described at https://mariadb.com/kb/en/library/operating-system-error-codes/
2025-03-25 12:25:55 0 [ERROR] InnoDB: Could not find a valid tablespace file for ``phpmyadmin`.`pma__history``. Please refer to https://mariadb.com/kb/en/innodb-data-dictionary-troubleshooting/ for how to resolve the issue.
2025-03-25 12:25:55 0 [Warning] InnoDB: Ignoring tablespace for `phpmyadmin`.`pma__history` because it could not be opened.
2025-03-25 12:25:55 0 [ERROR] InnoDB: Operating system error number 3 in a file operation.
2025-03-25 12:25:55 0 [ERROR] InnoDB: The error means the system cannot find the path specified.
2025-03-25 12:25:55 0 [ERROR] InnoDB: If you are installing InnoDB, remember that you must create directories yourself, InnoDB does not create them.
2025-03-25 12:25:55 0 [ERROR] InnoDB: Cannot open datafile for read-only: '.\phpmyadmin\pma__navigationhiding.ibd' OS error: 203
2025-03-25 12:25:55 0 [ERROR] InnoDB: Operating system error number 203 in a file operation.
2025-03-25 12:25:55 0 [Note] InnoDB: Some operating system error numbers are described at https://mariadb.com/kb/en/library/operating-system-error-codes/
2025-03-25 12:25:55 0 [ERROR] InnoDB: Could not find a valid tablespace file for ``phpmyadmin`.`pma__navigationhiding``. Please refer to https://mariadb.com/kb/en/innodb-data-dictionary-troubleshooting/ for how to resolve the issue.
2025-03-25 12:25:55 0 [Warning] InnoDB: Ignoring tablespace for `phpmyadmin`.`pma__navigationhiding` because it could not be opened.
2025-03-25 12:25:55 0 [ERROR] InnoDB: Operating system error number 3 in a file operation.
2025-03-25 12:25:55 0 [ERROR] InnoDB: The error means the system cannot find the path specified.
2025-03-25 12:25:55 0 [ERROR] InnoDB: If you are installing InnoDB, remember that you must create directories yourself, InnoDB does not create them.
2025-03-25 12:25:55 0 [ERROR] InnoDB: Cannot open datafile for read-only: '.\phpmyadmin\pma__pdf_pages.ibd' OS error: 203
2025-03-25 12:25:55 0 [ERROR] InnoDB: Operating system error number 203 in a file operation.
2025-03-25 12:25:55 0 [Note] InnoDB: Some operating system error numbers are described at https://mariadb.com/kb/en/library/operating-system-error-codes/
2025-03-25 12:25:55 0 [ERROR] InnoDB: Could not find a valid tablespace file for ``phpmyadmin`.`pma__pdf_pages``. Please refer to https://mariadb.com/kb/en/innodb-data-dictionary-troubleshooting/ for how to resolve the issue.
2025-03-25 12:25:55 0 [Warning] InnoDB: Ignoring tablespace for `phpmyadmin`.`pma__pdf_pages` because it could not be opened.
2025-03-25 12:25:55 0 [ERROR] InnoDB: Operating system error number 3 in a file operation.
2025-03-25 12:25:55 0 [ERROR] InnoDB: The error means the system cannot find the path specified.
2025-03-25 12:25:55 0 [ERROR] InnoDB: If you are installing InnoDB, remember that you must create directories yourself, InnoDB does not create them.
2025-03-25 12:25:55 0 [ERROR] InnoDB: Cannot open datafile for read-only: '.\phpmyadmin\pma__recent.ibd' OS error: 203
2025-03-25 12:25:55 0 [ERROR] InnoDB: Operating system error number 203 in a file operation.
2025-03-25 12:25:55 0 [Note] InnoDB: Some operating system error numbers are described at https://mariadb.com/kb/en/library/operating-system-error-codes/
2025-03-25 12:25:55 0 [ERROR] InnoDB: Could not find a valid tablespace file for ``phpmyadmin`.`pma__recent``. Please refer to https://mariadb.com/kb/en/innodb-data-dictionary-troubleshooting/ for how to resolve the issue.
2025-03-25 12:25:55 0 [Warning] InnoDB: Ignoring tablespace for `phpmyadmin`.`pma__recent` because it could not be opened.
2025-03-25 12:25:55 0 [ERROR] InnoDB: Operating system error number 3 in a file operation.
2025-03-25 12:25:55 0 [ERROR] InnoDB: The error means the system cannot find the path specified.
2025-03-25 12:25:55 0 [ERROR] InnoDB: If you are installing InnoDB, remember that you must create directories yourself, InnoDB does not create them.
2025-03-25 12:25:55 0 [ERROR] InnoDB: Cannot open datafile for read-only: '.\phpmyadmin\pma__relation.ibd' OS error: 203
2025-03-25 12:25:55 0 [ERROR] InnoDB: Operating system error number 203 in a file operation.
2025-03-25 12:25:55 0 [Note] InnoDB: Some operating system error numbers are described at https://mariadb.com/kb/en/library/operating-system-error-codes/
2025-03-25 12:25:55 0 [ERROR] InnoDB: Could not find a valid tablespace file for ``phpmyadmin`.`pma__relation``. Please refer to https://mariadb.com/kb/en/innodb-data-dictionary-troubleshooting/ for how to resolve the issue.
2025-03-25 12:25:55 0 [Warning] InnoDB: Ignoring tablespace for `phpmyadmin`.`pma__relation` because it could not be opened.
2025-03-25 12:25:55 0 [ERROR] InnoDB: Operating system error number 3 in a file operation.
2025-03-25 12:25:55 0 [ERROR] InnoDB: The error means the system cannot find the path specified.
2025-03-25 12:25:55 0 [ERROR] InnoDB: If you are installing InnoDB, remember that you must create directories yourself, InnoDB does not create them.
2025-03-25 12:25:55 0 [ERROR] InnoDB: Cannot open datafile for read-only: '.\phpmyadmin\pma__savedsearches.ibd' OS error: 203
2025-03-25 12:25:55 0 [ERROR] InnoDB: Operating system error number 203 in a file operation.
2025-03-25 12:25:55 0 [Note] InnoDB: Some operating system error numbers are described at https://mariadb.com/kb/en/library/operating-system-error-codes/
2025-03-25 12:25:55 0 [ERROR] InnoDB: Could not find a valid tablespace file for ``phpmyadmin`.`pma__savedsearches``. Please refer to https://mariadb.com/kb/en/innodb-data-dictionary-troubleshooting/ for how to resolve the issue.
2025-03-25 12:25:55 0 [Warning] InnoDB: Ignoring tablespace for `phpmyadmin`.`pma__savedsearches` because it could not be opened.
2025-03-25 12:25:55 0 [ERROR] InnoDB: Operating system error number 3 in a file operation.
2025-03-25 12:25:55 0 [ERROR] InnoDB: The error means the system cannot find the path specified.
2025-03-25 12:25:55 0 [ERROR] InnoDB: If you are installing InnoDB, remember that you must create directories yourself, InnoDB does not create them.
2025-03-25 12:25:55 0 [ERROR] InnoDB: Cannot open datafile for read-only: '.\phpmyadmin\pma__table_coords.ibd' OS error: 203
2025-03-25 12:25:55 0 [ERROR] InnoDB: Operating system error number 203 in a file operation.
2025-03-25 12:25:55 0 [Note] InnoDB: Some operating system error numbers are described at https://mariadb.com/kb/en/library/operating-system-error-codes/
2025-03-25 12:25:55 0 [ERROR] InnoDB: Could not find a valid tablespace file for ``phpmyadmin`.`pma__table_coords``. Please refer to https://mariadb.com/kb/en/innodb-data-dictionary-troubleshooting/ for how to resolve the issue.
2025-03-25 12:25:55 0 [Warning] InnoDB: Ignoring tablespace for `phpmyadmin`.`pma__table_coords` because it could not be opened.
2025-03-25 12:25:55 0 [ERROR] InnoDB: Operating system error number 3 in a file operation.
2025-03-25 12:25:55 0 [ERROR] InnoDB: The error means the system cannot find the path specified.
2025-03-25 12:25:55 0 [ERROR] InnoDB: If you are installing InnoDB, remember that you must create directories yourself, InnoDB does not create them.
2025-03-25 12:25:55 0 [ERROR] InnoDB: Cannot open datafile for read-only: '.\phpmyadmin\pma__table_info.ibd' OS error: 203
2025-03-25 12:25:55 0 [ERROR] InnoDB: Operating system error number 203 in a file operation.
2025-03-25 12:25:55 0 [Note] InnoDB: Some operating system error numbers are described at https://mariadb.com/kb/en/library/operating-system-error-codes/
2025-03-25 12:25:55 0 [ERROR] InnoDB: Could not find a valid tablespace file for ``phpmyadmin`.`pma__table_info``. Please refer to https://mariadb.com/kb/en/innodb-data-dictionary-troubleshooting/ for how to resolve the issue.
2025-03-25 12:25:55 0 [Warning] InnoDB: Ignoring tablespace for `phpmyadmin`.`pma__table_info` because it could not be opened.
2025-03-25 12:25:55 0 [ERROR] InnoDB: Operating system error number 3 in a file operation.
2025-03-25 12:25:55 0 [ERROR] InnoDB: The error means the system cannot find the path specified.
2025-03-25 12:25:55 0 [ERROR] InnoDB: If you are installing InnoDB, remember that you must create directories yourself, InnoDB does not create them.
2025-03-25 12:25:55 0 [ERROR] InnoDB: Cannot open datafile for read-only: '.\phpmyadmin\pma__table_uiprefs.ibd' OS error: 203
2025-03-25 12:25:55 0 [ERROR] InnoDB: Operating system error number 203 in a file operation.
2025-03-25 12:25:55 0 [Note] InnoDB: Some operating system error numbers are described at https://mariadb.com/kb/en/library/operating-system-error-codes/
2025-03-25 12:25:55 0 [ERROR] InnoDB: Could not find a valid tablespace file for ``phpmyadmin`.`pma__table_uiprefs``. Please refer to https://mariadb.com/kb/en/innodb-data-dictionary-troubleshooting/ for how to resolve the issue.
2025-03-25 12:25:55 0 [Warning] InnoDB: Ignoring tablespace for `phpmyadmin`.`pma__table_uiprefs` because it could not be opened.
2025-03-25 12:25:55 0 [ERROR] InnoDB: Operating system error number 3 in a file operation.
2025-03-25 12:25:55 0 [ERROR] InnoDB: The error means the system cannot find the path specified.
2025-03-25 12:25:55 0 [ERROR] InnoDB: If you are installing InnoDB, remember that you must create directories yourself, InnoDB does not create them.
2025-03-25 12:25:55 0 [ERROR] InnoDB: Cannot open datafile for read-only: '.\phpmyadmin\pma__tracking.ibd' OS error: 203
2025-03-25 12:25:55 0 [ERROR] InnoDB: Operating system error number 203 in a file operation.
2025-03-25 12:25:55 0 [Note] InnoDB: Some operating system error numbers are described at https://mariadb.com/kb/en/library/operating-system-error-codes/
2025-03-25 12:25:55 0 [ERROR] InnoDB: Could not find a valid tablespace file for ``phpmyadmin`.`pma__tracking``. Please refer to https://mariadb.com/kb/en/innodb-data-dictionary-troubleshooting/ for how to resolve the issue.
2025-03-25 12:25:55 0 [Warning] InnoDB: Ignoring tablespace for `phpmyadmin`.`pma__tracking` because it could not be opened.
2025-03-25 12:25:55 0 [ERROR] InnoDB: Operating system error number 3 in a file operation.
2025-03-25 12:25:55 0 [ERROR] InnoDB: The error means the system cannot find the path specified.
2025-03-25 12:25:55 0 [ERROR] InnoDB: If you are installing InnoDB, remember that you must create directories yourself, InnoDB does not create them.
2025-03-25 12:25:55 0 [ERROR] InnoDB: Cannot open datafile for read-only: '.\phpmyadmin\pma__userconfig.ibd' OS error: 203
2025-03-25 12:25:56 0 [ERROR] InnoDB: Operating system error number 203 in a file operation.
2025-03-25 12:25:56 0 [Note] InnoDB: Some operating system error numbers are described at https://mariadb.com/kb/en/library/operating-system-error-codes/
2025-03-25 12:25:56 0 [ERROR] InnoDB: Could not find a valid tablespace file for ``phpmyadmin`.`pma__userconfig``. Please refer to https://mariadb.com/kb/en/innodb-data-dictionary-troubleshooting/ for how to resolve the issue.
2025-03-25 12:25:56 0 [Warning] InnoDB: Ignoring tablespace for `phpmyadmin`.`pma__userconfig` because it could not be opened.
2025-03-25 12:25:56 0 [ERROR] InnoDB: Operating system error number 3 in a file operation.
2025-03-25 12:25:56 0 [ERROR] InnoDB: The error means the system cannot find the path specified.
2025-03-25 12:25:56 0 [ERROR] InnoDB: If you are installing InnoDB, remember that you must create directories yourself, InnoDB does not create them.
2025-03-25 12:25:56 0 [ERROR] InnoDB: Cannot open datafile for read-only: '.\phpmyadmin\pma__usergroups.ibd' OS error: 203
2025-03-25 12:25:56 0 [ERROR] InnoDB: Operating system error number 203 in a file operation.
2025-03-25 12:25:56 0 [Note] InnoDB: Some operating system error numbers are described at https://mariadb.com/kb/en/library/operating-system-error-codes/
2025-03-25 12:25:56 0 [ERROR] InnoDB: Could not find a valid tablespace file for ``phpmyadmin`.`pma__usergroups``. Please refer to https://mariadb.com/kb/en/innodb-data-dictionary-troubleshooting/ for how to resolve the issue.
2025-03-25 12:25:56 0 [Warning] InnoDB: Ignoring tablespace for `phpmyadmin`.`pma__usergroups` because it could not be opened.
2025-03-25 12:25:56 0 [ERROR] InnoDB: Operating system error number 3 in a file operation.
2025-03-25 12:25:56 0 [ERROR] InnoDB: The error means the system cannot find the path specified.
2025-03-25 12:25:56 0 [ERROR] InnoDB: If you are installing InnoDB, remember that you must create directories yourself, InnoDB does not create them.
2025-03-25 12:25:56 0 [ERROR] InnoDB: Cannot open datafile for read-only: '.\phpmyadmin\pma__users.ibd' OS error: 203
2025-03-25 12:25:56 0 [ERROR] InnoDB: Operating system error number 203 in a file operation.
2025-03-25 12:25:56 0 [Note] InnoDB: Some operating system error numbers are described at https://mariadb.com/kb/en/library/operating-system-error-codes/
2025-03-25 12:25:56 0 [ERROR] InnoDB: Could not find a valid tablespace file for ``phpmyadmin`.`pma__users``. Please refer to https://mariadb.com/kb/en/innodb-data-dictionary-troubleshooting/ for how to resolve the issue.
2025-03-25 12:25:56 0 [Warning] InnoDB: Ignoring tablespace for `phpmyadmin`.`pma__users` because it could not be opened.
2025-03-25 12:25:56 0 [Note] InnoDB: 128 out of 128 rollback segments are active.
2025-03-25 12:25:56 0 [Note] InnoDB: Removed temporary tablespace data file: "ibtmp1"
2025-03-25 12:25:56 0 [Note] InnoDB: Creating shared tablespace for temporary tables
2025-03-25 12:25:56 0 [Note] InnoDB: Setting file 'C:\Users\Zedric Berwin\Desktop\OJT files\repository\ojt\server\mysql\data\ibtmp1' size to 12 MB. Physically writing the file full; Please wait ...
2025-03-25 12:25:56 0 [Note] InnoDB: File 'C:\Users\Zedric Berwin\Desktop\OJT files\repository\ojt\server\mysql\data\ibtmp1' size is now 12 MB.
2025-03-25 12:25:56 0 [Note] InnoDB: Waiting for purge to start
2025-03-25 12:25:56 0 [Note] InnoDB: 10.4.28 started; log sequence number 43227876; transaction id 69960
2025-03-25 12:25:56 0 [Note] InnoDB: Loading buffer pool(s) from C:\Users\Zedric Berwin\Desktop\OJT files\repository\ojt\server\mysql\data\ib_buffer_pool
2025-03-25 12:25:56 0 [Note] Plugin 'FEEDBACK' is disabled.
2025-03-25 12:25:56 0 [Note] Server socket created on IP: '::'.
2025-03-25 12:25:56 0 [Note] InnoDB: Buffer pool(s) load completed at 250325 12:25:56
2025-03-25 12:25:56 0 [Note] Reading of all Master_info entries succeeded
2025-03-25 12:25:56 0 [Note] Added new Master_info '' to hash table
2025-03-25 12:25:56 0 [Note] mysql\bin\mysqld.exe: ready for connections.
Version: '10.4.28-MariaDB'  socket: ''  port: 3306  mariadb.org binary distribution
2025-03-26  8:00:29 0 [Note] Starting MariaDB 10.4.28-MariaDB source revision c8f2e9a5c0ac5905f28b050b7df5a9ffd914b7e7 as process 21360
2025-03-26  8:00:29 0 [Note] InnoDB: Mutexes and rw_locks use Windows interlocked functions
2025-03-26  8:00:29 0 [Note] InnoDB: Uses event mutexes
2025-03-26  8:00:29 0 [Note] InnoDB: Compressed tables use zlib 1.2.12
2025-03-26  8:00:29 0 [Note] InnoDB: Number of pools: 1
2025-03-26  8:00:29 0 [Note] InnoDB: Using SSE2 crc32 instructions
2025-03-26  8:00:29 0 [Note] InnoDB: Initializing buffer pool, total size = 256M, instances = 1, chunk size = 128M
2025-03-26  8:00:29 0 [Note] InnoDB: Completed initialization of buffer pool
2025-03-26  8:00:29 0 [Note] InnoDB: Starting crash recovery from checkpoint LSN=43269304
2025-03-26  8:00:30 0 [ERROR] InnoDB: Operating system error number 3 in a file operation.
2025-03-26  8:00:30 0 [ERROR] InnoDB: The error means the system cannot find the path specified.
2025-03-26  8:00:30 0 [ERROR] InnoDB: If you are installing InnoDB, remember that you must create directories yourself, InnoDB does not create them.
2025-03-26  8:00:30 0 [ERROR] InnoDB: Cannot open datafile for read-only: '.\phpmyadmin\pma__bookmark.ibd' OS error: 203
2025-03-26  8:00:30 0 [ERROR] InnoDB: Operating system error number 203 in a file operation.
2025-03-26  8:00:30 0 [Note] InnoDB: Some operating system error numbers are described at https://mariadb.com/kb/en/library/operating-system-error-codes/
2025-03-26  8:00:30 0 [ERROR] InnoDB: Could not find a valid tablespace file for ``phpmyadmin`.`pma__bookmark``. Please refer to https://mariadb.com/kb/en/innodb-data-dictionary-troubleshooting/ for how to resolve the issue.
2025-03-26  8:00:30 0 [Warning] InnoDB: Ignoring tablespace for `phpmyadmin`.`pma__bookmark` because it could not be opened.
2025-03-26  8:00:30 0 [ERROR] InnoDB: Operating system error number 3 in a file operation.
2025-03-26  8:00:30 0 [ERROR] InnoDB: The error means the system cannot find the path specified.
2025-03-26  8:00:30 0 [ERROR] InnoDB: If you are installing InnoDB, remember that you must create directories yourself, InnoDB does not create them.
2025-03-26  8:00:30 0 [ERROR] InnoDB: Cannot open datafile for read-only: '.\phpmyadmin\pma__central_columns.ibd' OS error: 203
2025-03-26  8:00:30 0 [ERROR] InnoDB: Operating system error number 203 in a file operation.
2025-03-26  8:00:30 0 [Note] InnoDB: Some operating system error numbers are described at https://mariadb.com/kb/en/library/operating-system-error-codes/
2025-03-26  8:00:30 0 [ERROR] InnoDB: Could not find a valid tablespace file for ``phpmyadmin`.`pma__central_columns``. Please refer to https://mariadb.com/kb/en/innodb-data-dictionary-troubleshooting/ for how to resolve the issue.
2025-03-26  8:00:30 0 [Warning] InnoDB: Ignoring tablespace for `phpmyadmin`.`pma__central_columns` because it could not be opened.
2025-03-26  8:00:30 0 [ERROR] InnoDB: Operating system error number 3 in a file operation.
2025-03-26  8:00:30 0 [ERROR] InnoDB: The error means the system cannot find the path specified.
2025-03-26  8:00:30 0 [ERROR] InnoDB: If you are installing InnoDB, remember that you must create directories yourself, InnoDB does not create them.
2025-03-26  8:00:30 0 [ERROR] InnoDB: Cannot open datafile for read-only: '.\phpmyadmin\pma__column_info.ibd' OS error: 203
2025-03-26  8:00:30 0 [ERROR] InnoDB: Operating system error number 203 in a file operation.
2025-03-26  8:00:30 0 [Note] InnoDB: Some operating system error numbers are described at https://mariadb.com/kb/en/library/operating-system-error-codes/
2025-03-26  8:00:30 0 [ERROR] InnoDB: Could not find a valid tablespace file for ``phpmyadmin`.`pma__column_info``. Please refer to https://mariadb.com/kb/en/innodb-data-dictionary-troubleshooting/ for how to resolve the issue.
2025-03-26  8:00:30 0 [Warning] InnoDB: Ignoring tablespace for `phpmyadmin`.`pma__column_info` because it could not be opened.
2025-03-26  8:00:30 0 [ERROR] InnoDB: Operating system error number 3 in a file operation.
2025-03-26  8:00:30 0 [ERROR] InnoDB: The error means the system cannot find the path specified.
2025-03-26  8:00:30 0 [ERROR] InnoDB: If you are installing InnoDB, remember that you must create directories yourself, InnoDB does not create them.
2025-03-26  8:00:30 0 [ERROR] InnoDB: Cannot open datafile for read-only: '.\phpmyadmin\pma__designer_settings.ibd' OS error: 203
2025-03-26  8:00:30 0 [ERROR] InnoDB: Operating system error number 203 in a file operation.
2025-03-26  8:00:30 0 [Note] InnoDB: Some operating system error numbers are described at https://mariadb.com/kb/en/library/operating-system-error-codes/
2025-03-26  8:00:30 0 [ERROR] InnoDB: Could not find a valid tablespace file for ``phpmyadmin`.`pma__designer_settings``. Please refer to https://mariadb.com/kb/en/innodb-data-dictionary-troubleshooting/ for how to resolve the issue.
2025-03-26  8:00:30 0 [Warning] InnoDB: Ignoring tablespace for `phpmyadmin`.`pma__designer_settings` because it could not be opened.
2025-03-26  8:00:30 0 [ERROR] InnoDB: Operating system error number 3 in a file operation.
2025-03-26  8:00:30 0 [ERROR] InnoDB: The error means the system cannot find the path specified.
2025-03-26  8:00:30 0 [ERROR] InnoDB: If you are installing InnoDB, remember that you must create directories yourself, InnoDB does not create them.
2025-03-26  8:00:30 0 [ERROR] InnoDB: Cannot open datafile for read-only: '.\phpmyadmin\pma__export_templates.ibd' OS error: 203
2025-03-26  8:00:30 0 [ERROR] InnoDB: Operating system error number 203 in a file operation.
2025-03-26  8:00:30 0 [Note] InnoDB: Some operating system error numbers are described at https://mariadb.com/kb/en/library/operating-system-error-codes/
2025-03-26  8:00:30 0 [ERROR] InnoDB: Could not find a valid tablespace file for ``phpmyadmin`.`pma__export_templates``. Please refer to https://mariadb.com/kb/en/innodb-data-dictionary-troubleshooting/ for how to resolve the issue.
2025-03-26  8:00:30 0 [Warning] InnoDB: Ignoring tablespace for `phpmyadmin`.`pma__export_templates` because it could not be opened.
2025-03-26  8:00:30 0 [ERROR] InnoDB: Operating system error number 3 in a file operation.
2025-03-26  8:00:30 0 [ERROR] InnoDB: The error means the system cannot find the path specified.
2025-03-26  8:00:30 0 [ERROR] InnoDB: If you are installing InnoDB, remember that you must create directories yourself, InnoDB does not create them.
2025-03-26  8:00:30 0 [ERROR] InnoDB: Cannot open datafile for read-only: '.\phpmyadmin\pma__favorite.ibd' OS error: 203
2025-03-26  8:00:30 0 [ERROR] InnoDB: Operating system error number 203 in a file operation.
2025-03-26  8:00:30 0 [Note] InnoDB: Some operating system error numbers are described at https://mariadb.com/kb/en/library/operating-system-error-codes/
2025-03-26  8:00:30 0 [ERROR] InnoDB: Could not find a valid tablespace file for ``phpmyadmin`.`pma__favorite``. Please refer to https://mariadb.com/kb/en/innodb-data-dictionary-troubleshooting/ for how to resolve the issue.
2025-03-26  8:00:30 0 [Warning] InnoDB: Ignoring tablespace for `phpmyadmin`.`pma__favorite` because it could not be opened.
2025-03-26  8:00:30 0 [ERROR] InnoDB: Operating system error number 3 in a file operation.
2025-03-26  8:00:30 0 [ERROR] InnoDB: The error means the system cannot find the path specified.
2025-03-26  8:00:30 0 [ERROR] InnoDB: If you are installing InnoDB, remember that you must create directories yourself, InnoDB does not create them.
2025-03-26  8:00:30 0 [ERROR] InnoDB: Cannot open datafile for read-only: '.\phpmyadmin\pma__history.ibd' OS error: 203
2025-03-26  8:00:30 0 [ERROR] InnoDB: Operating system error number 203 in a file operation.
2025-03-26  8:00:30 0 [Note] InnoDB: Some operating system error numbers are described at https://mariadb.com/kb/en/library/operating-system-error-codes/
2025-03-26  8:00:30 0 [ERROR] InnoDB: Could not find a valid tablespace file for ``phpmyadmin`.`pma__history``. Please refer to https://mariadb.com/kb/en/innodb-data-dictionary-troubleshooting/ for how to resolve the issue.
2025-03-26  8:00:30 0 [Warning] InnoDB: Ignoring tablespace for `phpmyadmin`.`pma__history` because it could not be opened.
2025-03-26  8:00:30 0 [ERROR] InnoDB: Operating system error number 3 in a file operation.
2025-03-26  8:00:30 0 [ERROR] InnoDB: The error means the system cannot find the path specified.
2025-03-26  8:00:30 0 [ERROR] InnoDB: If you are installing InnoDB, remember that you must create directories yourself, InnoDB does not create them.
2025-03-26  8:00:30 0 [ERROR] InnoDB: Cannot open datafile for read-only: '.\phpmyadmin\pma__navigationhiding.ibd' OS error: 203
2025-03-26  8:00:30 0 [ERROR] InnoDB: Operating system error number 203 in a file operation.
2025-03-26  8:00:30 0 [Note] InnoDB: Some operating system error numbers are described at https://mariadb.com/kb/en/library/operating-system-error-codes/
2025-03-26  8:00:30 0 [ERROR] InnoDB: Could not find a valid tablespace file for ``phpmyadmin`.`pma__navigationhiding``. Please refer to https://mariadb.com/kb/en/innodb-data-dictionary-troubleshooting/ for how to resolve the issue.
2025-03-26  8:00:30 0 [Warning] InnoDB: Ignoring tablespace for `phpmyadmin`.`pma__navigationhiding` because it could not be opened.
2025-03-26  8:00:30 0 [ERROR] InnoDB: Operating system error number 3 in a file operation.
2025-03-26  8:00:30 0 [ERROR] InnoDB: The error means the system cannot find the path specified.
2025-03-26  8:00:30 0 [ERROR] InnoDB: If you are installing InnoDB, remember that you must create directories yourself, InnoDB does not create them.
2025-03-26  8:00:30 0 [ERROR] InnoDB: Cannot open datafile for read-only: '.\phpmyadmin\pma__pdf_pages.ibd' OS error: 203
2025-03-26  8:00:30 0 [ERROR] InnoDB: Operating system error number 203 in a file operation.
2025-03-26  8:00:30 0 [Note] InnoDB: Some operating system error numbers are described at https://mariadb.com/kb/en/library/operating-system-error-codes/
2025-03-26  8:00:30 0 [ERROR] InnoDB: Could not find a valid tablespace file for ``phpmyadmin`.`pma__pdf_pages``. Please refer to https://mariadb.com/kb/en/innodb-data-dictionary-troubleshooting/ for how to resolve the issue.
2025-03-26  8:00:30 0 [Warning] InnoDB: Ignoring tablespace for `phpmyadmin`.`pma__pdf_pages` because it could not be opened.
2025-03-26  8:00:30 0 [ERROR] InnoDB: Operating system error number 3 in a file operation.
2025-03-26  8:00:30 0 [ERROR] InnoDB: The error means the system cannot find the path specified.
2025-03-26  8:00:30 0 [ERROR] InnoDB: If you are installing InnoDB, remember that you must create directories yourself, InnoDB does not create them.
2025-03-26  8:00:30 0 [ERROR] InnoDB: Cannot open datafile for read-only: '.\phpmyadmin\pma__recent.ibd' OS error: 203
2025-03-26  8:00:30 0 [ERROR] InnoDB: Operating system error number 203 in a file operation.
2025-03-26  8:00:30 0 [Note] InnoDB: Some operating system error numbers are described at https://mariadb.com/kb/en/library/operating-system-error-codes/
2025-03-26  8:00:30 0 [ERROR] InnoDB: Could not find a valid tablespace file for ``phpmyadmin`.`pma__recent``. Please refer to https://mariadb.com/kb/en/innodb-data-dictionary-troubleshooting/ for how to resolve the issue.
2025-03-26  8:00:30 0 [Warning] InnoDB: Ignoring tablespace for `phpmyadmin`.`pma__recent` because it could not be opened.
2025-03-26  8:00:30 0 [ERROR] InnoDB: Operating system error number 3 in a file operation.
2025-03-26  8:00:30 0 [ERROR] InnoDB: The error means the system cannot find the path specified.
2025-03-26  8:00:30 0 [ERROR] InnoDB: If you are installing InnoDB, remember that you must create directories yourself, InnoDB does not create them.
2025-03-26  8:00:30 0 [ERROR] InnoDB: Cannot open datafile for read-only: '.\phpmyadmin\pma__relation.ibd' OS error: 203
2025-03-26  8:00:30 0 [ERROR] InnoDB: Operating system error number 203 in a file operation.
2025-03-26  8:00:30 0 [Note] InnoDB: Some operating system error numbers are described at https://mariadb.com/kb/en/library/operating-system-error-codes/
2025-03-26  8:00:30 0 [ERROR] InnoDB: Could not find a valid tablespace file for ``phpmyadmin`.`pma__relation``. Please refer to https://mariadb.com/kb/en/innodb-data-dictionary-troubleshooting/ for how to resolve the issue.
2025-03-26  8:00:30 0 [Warning] InnoDB: Ignoring tablespace for `phpmyadmin`.`pma__relation` because it could not be opened.
2025-03-26  8:00:30 0 [ERROR] InnoDB: Operating system error number 3 in a file operation.
2025-03-26  8:00:30 0 [ERROR] InnoDB: The error means the system cannot find the path specified.
2025-03-26  8:00:30 0 [ERROR] InnoDB: If you are installing InnoDB, remember that you must create directories yourself, InnoDB does not create them.
2025-03-26  8:00:30 0 [ERROR] InnoDB: Cannot open datafile for read-only: '.\phpmyadmin\pma__savedsearches.ibd' OS error: 203
2025-03-26  8:00:30 0 [ERROR] InnoDB: Operating system error number 203 in a file operation.
2025-03-26  8:00:30 0 [Note] InnoDB: Some operating system error numbers are described at https://mariadb.com/kb/en/library/operating-system-error-codes/
2025-03-26  8:00:30 0 [ERROR] InnoDB: Could not find a valid tablespace file for ``phpmyadmin`.`pma__savedsearches``. Please refer to https://mariadb.com/kb/en/innodb-data-dictionary-troubleshooting/ for how to resolve the issue.
2025-03-26  8:00:30 0 [Warning] InnoDB: Ignoring tablespace for `phpmyadmin`.`pma__savedsearches` because it could not be opened.
2025-03-26  8:00:30 0 [ERROR] InnoDB: Operating system error number 3 in a file operation.
2025-03-26  8:00:30 0 [ERROR] InnoDB: The error means the system cannot find the path specified.
2025-03-26  8:00:30 0 [ERROR] InnoDB: If you are installing InnoDB, remember that you must create directories yourself, InnoDB does not create them.
2025-03-26  8:00:30 0 [ERROR] InnoDB: Cannot open datafile for read-only: '.\phpmyadmin\pma__table_coords.ibd' OS error: 203
2025-03-26  8:00:30 0 [ERROR] InnoDB: Operating system error number 203 in a file operation.
2025-03-26  8:00:30 0 [Note] InnoDB: Some operating system error numbers are described at https://mariadb.com/kb/en/library/operating-system-error-codes/
2025-03-26  8:00:30 0 [ERROR] InnoDB: Could not find a valid tablespace file for ``phpmyadmin`.`pma__table_coords``. Please refer to https://mariadb.com/kb/en/innodb-data-dictionary-troubleshooting/ for how to resolve the issue.
2025-03-26  8:00:30 0 [Warning] InnoDB: Ignoring tablespace for `phpmyadmin`.`pma__table_coords` because it could not be opened.
2025-03-26  8:00:30 0 [ERROR] InnoDB: Operating system error number 3 in a file operation.
2025-03-26  8:00:30 0 [ERROR] InnoDB: The error means the system cannot find the path specified.
2025-03-26  8:00:30 0 [ERROR] InnoDB: If you are installing InnoDB, remember that you must create directories yourself, InnoDB does not create them.
2025-03-26  8:00:30 0 [ERROR] InnoDB: Cannot open datafile for read-only: '.\phpmyadmin\pma__table_info.ibd' OS error: 203
2025-03-26  8:00:30 0 [ERROR] InnoDB: Operating system error number 203 in a file operation.
2025-03-26  8:00:30 0 [Note] InnoDB: Some operating system error numbers are described at https://mariadb.com/kb/en/library/operating-system-error-codes/
2025-03-26  8:00:30 0 [ERROR] InnoDB: Could not find a valid tablespace file for ``phpmyadmin`.`pma__table_info``. Please refer to https://mariadb.com/kb/en/innodb-data-dictionary-troubleshooting/ for how to resolve the issue.
2025-03-26  8:00:30 0 [Warning] InnoDB: Ignoring tablespace for `phpmyadmin`.`pma__table_info` because it could not be opened.
2025-03-26  8:00:30 0 [ERROR] InnoDB: Operating system error number 3 in a file operation.
2025-03-26  8:00:30 0 [ERROR] InnoDB: The error means the system cannot find the path specified.
2025-03-26  8:00:30 0 [ERROR] InnoDB: If you are installing InnoDB, remember that you must create directories yourself, InnoDB does not create them.
2025-03-26  8:00:30 0 [ERROR] InnoDB: Cannot open datafile for read-only: '.\phpmyadmin\pma__table_uiprefs.ibd' OS error: 203
2025-03-26  8:00:30 0 [ERROR] InnoDB: Operating system error number 203 in a file operation.
2025-03-26  8:00:30 0 [Note] InnoDB: Some operating system error numbers are described at https://mariadb.com/kb/en/library/operating-system-error-codes/
2025-03-26  8:00:30 0 [ERROR] InnoDB: Could not find a valid tablespace file for ``phpmyadmin`.`pma__table_uiprefs``. Please refer to https://mariadb.com/kb/en/innodb-data-dictionary-troubleshooting/ for how to resolve the issue.
2025-03-26  8:00:30 0 [Warning] InnoDB: Ignoring tablespace for `phpmyadmin`.`pma__table_uiprefs` because it could not be opened.
2025-03-26  8:00:30 0 [ERROR] InnoDB: Operating system error number 3 in a file operation.
2025-03-26  8:00:30 0 [ERROR] InnoDB: The error means the system cannot find the path specified.
2025-03-26  8:00:30 0 [ERROR] InnoDB: If you are installing InnoDB, remember that you must create directories yourself, InnoDB does not create them.
2025-03-26  8:00:30 0 [ERROR] InnoDB: Cannot open datafile for read-only: '.\phpmyadmin\pma__tracking.ibd' OS error: 203
2025-03-26  8:00:30 0 [ERROR] InnoDB: Operating system error number 203 in a file operation.
2025-03-26  8:00:30 0 [Note] InnoDB: Some operating system error numbers are described at https://mariadb.com/kb/en/library/operating-system-error-codes/
2025-03-26  8:00:30 0 [ERROR] InnoDB: Could not find a valid tablespace file for ``phpmyadmin`.`pma__tracking``. Please refer to https://mariadb.com/kb/en/innodb-data-dictionary-troubleshooting/ for how to resolve the issue.
2025-03-26  8:00:30 0 [Warning] InnoDB: Ignoring tablespace for `phpmyadmin`.`pma__tracking` because it could not be opened.
2025-03-26  8:00:30 0 [ERROR] InnoDB: Operating system error number 3 in a file operation.
2025-03-26  8:00:30 0 [ERROR] InnoDB: The error means the system cannot find the path specified.
2025-03-26  8:00:30 0 [ERROR] InnoDB: If you are installing InnoDB, remember that you must create directories yourself, InnoDB does not create them.
2025-03-26  8:00:30 0 [ERROR] InnoDB: Cannot open datafile for read-only: '.\phpmyadmin\pma__userconfig.ibd' OS error: 203
2025-03-26  8:00:30 0 [ERROR] InnoDB: Operating system error number 203 in a file operation.
2025-03-26  8:00:30 0 [Note] InnoDB: Some operating system error numbers are described at https://mariadb.com/kb/en/library/operating-system-error-codes/
2025-03-26  8:00:30 0 [ERROR] InnoDB: Could not find a valid tablespace file for ``phpmyadmin`.`pma__userconfig``. Please refer to https://mariadb.com/kb/en/innodb-data-dictionary-troubleshooting/ for how to resolve the issue.
2025-03-26  8:00:30 0 [Warning] InnoDB: Ignoring tablespace for `phpmyadmin`.`pma__userconfig` because it could not be opened.
2025-03-26  8:00:30 0 [ERROR] InnoDB: Operating system error number 3 in a file operation.
2025-03-26  8:00:30 0 [ERROR] InnoDB: The error means the system cannot find the path specified.
2025-03-26  8:00:30 0 [ERROR] InnoDB: If you are installing InnoDB, remember that you must create directories yourself, InnoDB does not create them.
2025-03-26  8:00:30 0 [ERROR] InnoDB: Cannot open datafile for read-only: '.\phpmyadmin\pma__usergroups.ibd' OS error: 203
2025-03-26  8:00:30 0 [ERROR] InnoDB: Operating system error number 203 in a file operation.
2025-03-26  8:00:30 0 [Note] InnoDB: Some operating system error numbers are described at https://mariadb.com/kb/en/library/operating-system-error-codes/
2025-03-26  8:00:30 0 [ERROR] InnoDB: Could not find a valid tablespace file for ``phpmyadmin`.`pma__usergroups``. Please refer to https://mariadb.com/kb/en/innodb-data-dictionary-troubleshooting/ for how to resolve the issue.
2025-03-26  8:00:30 0 [Warning] InnoDB: Ignoring tablespace for `phpmyadmin`.`pma__usergroups` because it could not be opened.
2025-03-26  8:00:30 0 [ERROR] InnoDB: Operating system error number 3 in a file operation.
2025-03-26  8:00:30 0 [ERROR] InnoDB: The error means the system cannot find the path specified.
2025-03-26  8:00:30 0 [ERROR] InnoDB: If you are installing InnoDB, remember that you must create directories yourself, InnoDB does not create them.
2025-03-26  8:00:30 0 [ERROR] InnoDB: Cannot open datafile for read-only: '.\phpmyadmin\pma__users.ibd' OS error: 203
2025-03-26  8:00:30 0 [ERROR] InnoDB: Operating system error number 203 in a file operation.
2025-03-26  8:00:30 0 [Note] InnoDB: Some operating system error numbers are described at https://mariadb.com/kb/en/library/operating-system-error-codes/
2025-03-26  8:00:30 0 [ERROR] InnoDB: Could not find a valid tablespace file for ``phpmyadmin`.`pma__users``. Please refer to https://mariadb.com/kb/en/innodb-data-dictionary-troubleshooting/ for how to resolve the issue.
2025-03-26  8:00:30 0 [Warning] InnoDB: Ignoring tablespace for `phpmyadmin`.`pma__users` because it could not be opened.
2025-03-26  8:00:30 0 [Note] InnoDB: 128 out of 128 rollback segments are active.
2025-03-26  8:00:30 0 [Note] InnoDB: Removed temporary tablespace data file: "ibtmp1"
2025-03-26  8:00:30 0 [Note] InnoDB: Creating shared tablespace for temporary tables
2025-03-26  8:00:30 0 [Note] InnoDB: Setting file 'C:\Users\Zedric Berwin\Desktop\OJT files\repository\ojt\server\mysql\data\ibtmp1' size to 12 MB. Physically writing the file full; Please wait ...
2025-03-26  8:00:30 0 [Note] InnoDB: File 'C:\Users\Zedric Berwin\Desktop\OJT files\repository\ojt\server\mysql\data\ibtmp1' size is now 12 MB.
2025-03-26  8:00:30 0 [Note] InnoDB: Waiting for purge to start
2025-03-26  8:00:30 0 [Note] InnoDB: 10.4.28 started; log sequence number 43269313; transaction id 70088
2025-03-26  8:00:30 0 [Note] InnoDB: Loading buffer pool(s) from C:\Users\Zedric Berwin\Desktop\OJT files\repository\ojt\server\mysql\data\ib_buffer_pool
2025-03-26  8:00:30 0 [Note] Plugin 'FEEDBACK' is disabled.
2025-03-26  8:00:30 0 [Note] Server socket created on IP: '::'.
2025-03-26  8:00:30 0 [Note] InnoDB: Buffer pool(s) load completed at 250326  8:00:30
2025-03-26  8:00:30 0 [Note] Reading of all Master_info entries succeeded
2025-03-26  8:00:30 0 [Note] Added new Master_info '' to hash table
2025-03-26  8:00:30 0 [Note] mysql\bin\mysqld.exe: ready for connections.
Version: '10.4.28-MariaDB'  socket: ''  port: 3306  mariadb.org binary distribution
2025-03-27  7:57:33 0 [Note] Starting MariaDB 10.4.28-MariaDB source revision c8f2e9a5c0ac5905f28b050b7df5a9ffd914b7e7 as process 18516
2025-03-27  7:57:33 0 [Note] InnoDB: Mutexes and rw_locks use Windows interlocked functions
2025-03-27  7:57:33 0 [Note] InnoDB: Uses event mutexes
2025-03-27  7:57:33 0 [Note] InnoDB: Compressed tables use zlib 1.2.12
2025-03-27  7:57:33 0 [Note] InnoDB: Number of pools: 1
2025-03-27  7:57:33 0 [Note] InnoDB: Using SSE2 crc32 instructions
2025-03-27  7:57:33 0 [Note] InnoDB: Initializing buffer pool, total size = 256M, instances = 1, chunk size = 128M
2025-03-27  7:57:33 0 [Note] InnoDB: Completed initialization of buffer pool
2025-03-27  7:57:33 0 [Note] InnoDB: Starting crash recovery from checkpoint LSN=46187194
2025-03-27  7:57:33 0 [ERROR] InnoDB: Operating system error number 3 in a file operation.
2025-03-27  7:57:33 0 [ERROR] InnoDB: The error means the system cannot find the path specified.
2025-03-27  7:57:33 0 [ERROR] InnoDB: If you are installing InnoDB, remember that you must create directories yourself, InnoDB does not create them.
2025-03-27  7:57:33 0 [ERROR] InnoDB: Cannot open datafile for read-only: '.\phpmyadmin\pma__bookmark.ibd' OS error: 203
2025-03-27  7:57:33 0 [ERROR] InnoDB: Operating system error number 203 in a file operation.
2025-03-27  7:57:33 0 [Note] InnoDB: Some operating system error numbers are described at https://mariadb.com/kb/en/library/operating-system-error-codes/
2025-03-27  7:57:33 0 [ERROR] InnoDB: Could not find a valid tablespace file for ``phpmyadmin`.`pma__bookmark``. Please refer to https://mariadb.com/kb/en/innodb-data-dictionary-troubleshooting/ for how to resolve the issue.
2025-03-27  7:57:33 0 [Warning] InnoDB: Ignoring tablespace for `phpmyadmin`.`pma__bookmark` because it could not be opened.
2025-03-27  7:57:33 0 [ERROR] InnoDB: Operating system error number 3 in a file operation.
2025-03-27  7:57:33 0 [ERROR] InnoDB: The error means the system cannot find the path specified.
2025-03-27  7:57:33 0 [ERROR] InnoDB: If you are installing InnoDB, remember that you must create directories yourself, InnoDB does not create them.
2025-03-27  7:57:33 0 [ERROR] InnoDB: Cannot open datafile for read-only: '.\phpmyadmin\pma__central_columns.ibd' OS error: 203
2025-03-27  7:57:33 0 [ERROR] InnoDB: Operating system error number 203 in a file operation.
2025-03-27  7:57:33 0 [Note] InnoDB: Some operating system error numbers are described at https://mariadb.com/kb/en/library/operating-system-error-codes/
2025-03-27  7:57:33 0 [ERROR] InnoDB: Could not find a valid tablespace file for ``phpmyadmin`.`pma__central_columns``. Please refer to https://mariadb.com/kb/en/innodb-data-dictionary-troubleshooting/ for how to resolve the issue.
2025-03-27  7:57:33 0 [Warning] InnoDB: Ignoring tablespace for `phpmyadmin`.`pma__central_columns` because it could not be opened.
2025-03-27  7:57:33 0 [ERROR] InnoDB: Operating system error number 3 in a file operation.
2025-03-27  7:57:33 0 [ERROR] InnoDB: The error means the system cannot find the path specified.
2025-03-27  7:57:33 0 [ERROR] InnoDB: If you are installing InnoDB, remember that you must create directories yourself, InnoDB does not create them.
2025-03-27  7:57:33 0 [ERROR] InnoDB: Cannot open datafile for read-only: '.\phpmyadmin\pma__column_info.ibd' OS error: 203
2025-03-27  7:57:33 0 [ERROR] InnoDB: Operating system error number 203 in a file operation.
2025-03-27  7:57:33 0 [Note] InnoDB: Some operating system error numbers are described at https://mariadb.com/kb/en/library/operating-system-error-codes/
2025-03-27  7:57:33 0 [ERROR] InnoDB: Could not find a valid tablespace file for ``phpmyadmin`.`pma__column_info``. Please refer to https://mariadb.com/kb/en/innodb-data-dictionary-troubleshooting/ for how to resolve the issue.
2025-03-27  7:57:33 0 [Warning] InnoDB: Ignoring tablespace for `phpmyadmin`.`pma__column_info` because it could not be opened.
2025-03-27  7:57:33 0 [ERROR] InnoDB: Operating system error number 3 in a file operation.
2025-03-27  7:57:33 0 [ERROR] InnoDB: The error means the system cannot find the path specified.
2025-03-27  7:57:33 0 [ERROR] InnoDB: If you are installing InnoDB, remember that you must create directories yourself, InnoDB does not create them.
2025-03-27  7:57:33 0 [ERROR] InnoDB: Cannot open datafile for read-only: '.\phpmyadmin\pma__designer_settings.ibd' OS error: 203
2025-03-27  7:57:33 0 [ERROR] InnoDB: Operating system error number 203 in a file operation.
2025-03-27  7:57:33 0 [Note] InnoDB: Some operating system error numbers are described at https://mariadb.com/kb/en/library/operating-system-error-codes/
2025-03-27  7:57:33 0 [ERROR] InnoDB: Could not find a valid tablespace file for ``phpmyadmin`.`pma__designer_settings``. Please refer to https://mariadb.com/kb/en/innodb-data-dictionary-troubleshooting/ for how to resolve the issue.
2025-03-27  7:57:33 0 [Warning] InnoDB: Ignoring tablespace for `phpmyadmin`.`pma__designer_settings` because it could not be opened.
2025-03-27  7:57:33 0 [ERROR] InnoDB: Operating system error number 3 in a file operation.
2025-03-27  7:57:33 0 [ERROR] InnoDB: The error means the system cannot find the path specified.
2025-03-27  7:57:33 0 [ERROR] InnoDB: If you are installing InnoDB, remember that you must create directories yourself, InnoDB does not create them.
2025-03-27  7:57:33 0 [ERROR] InnoDB: Cannot open datafile for read-only: '.\phpmyadmin\pma__export_templates.ibd' OS error: 203
2025-03-27  7:57:33 0 [ERROR] InnoDB: Operating system error number 203 in a file operation.
2025-03-27  7:57:33 0 [Note] InnoDB: Some operating system error numbers are described at https://mariadb.com/kb/en/library/operating-system-error-codes/
2025-03-27  7:57:33 0 [ERROR] InnoDB: Could not find a valid tablespace file for ``phpmyadmin`.`pma__export_templates``. Please refer to https://mariadb.com/kb/en/innodb-data-dictionary-troubleshooting/ for how to resolve the issue.
2025-03-27  7:57:33 0 [Warning] InnoDB: Ignoring tablespace for `phpmyadmin`.`pma__export_templates` because it could not be opened.
2025-03-27  7:57:33 0 [ERROR] InnoDB: Operating system error number 3 in a file operation.
2025-03-27  7:57:33 0 [ERROR] InnoDB: The error means the system cannot find the path specified.
2025-03-27  7:57:33 0 [ERROR] InnoDB: If you are installing InnoDB, remember that you must create directories yourself, InnoDB does not create them.
2025-03-27  7:57:33 0 [ERROR] InnoDB: Cannot open datafile for read-only: '.\phpmyadmin\pma__favorite.ibd' OS error: 203
2025-03-27  7:57:33 0 [ERROR] InnoDB: Operating system error number 203 in a file operation.
2025-03-27  7:57:33 0 [Note] InnoDB: Some operating system error numbers are described at https://mariadb.com/kb/en/library/operating-system-error-codes/
2025-03-27  7:57:33 0 [ERROR] InnoDB: Could not find a valid tablespace file for ``phpmyadmin`.`pma__favorite``. Please refer to https://mariadb.com/kb/en/innodb-data-dictionary-troubleshooting/ for how to resolve the issue.
2025-03-27  7:57:33 0 [Warning] InnoDB: Ignoring tablespace for `phpmyadmin`.`pma__favorite` because it could not be opened.
2025-03-27  7:57:33 0 [ERROR] InnoDB: Operating system error number 3 in a file operation.
2025-03-27  7:57:33 0 [ERROR] InnoDB: The error means the system cannot find the path specified.
2025-03-27  7:57:33 0 [ERROR] InnoDB: If you are installing InnoDB, remember that you must create directories yourself, InnoDB does not create them.
2025-03-27  7:57:33 0 [ERROR] InnoDB: Cannot open datafile for read-only: '.\phpmyadmin\pma__history.ibd' OS error: 203
2025-03-27  7:57:33 0 [ERROR] InnoDB: Operating system error number 203 in a file operation.
2025-03-27  7:57:33 0 [Note] InnoDB: Some operating system error numbers are described at https://mariadb.com/kb/en/library/operating-system-error-codes/
2025-03-27  7:57:33 0 [ERROR] InnoDB: Could not find a valid tablespace file for ``phpmyadmin`.`pma__history``. Please refer to https://mariadb.com/kb/en/innodb-data-dictionary-troubleshooting/ for how to resolve the issue.
2025-03-27  7:57:33 0 [Warning] InnoDB: Ignoring tablespace for `phpmyadmin`.`pma__history` because it could not be opened.
2025-03-27  7:57:33 0 [ERROR] InnoDB: Operating system error number 3 in a file operation.
2025-03-27  7:57:33 0 [ERROR] InnoDB: The error means the system cannot find the path specified.
2025-03-27  7:57:33 0 [ERROR] InnoDB: If you are installing InnoDB, remember that you must create directories yourself, InnoDB does not create them.
2025-03-27  7:57:33 0 [ERROR] InnoDB: Cannot open datafile for read-only: '.\phpmyadmin\pma__navigationhiding.ibd' OS error: 203
2025-03-27  7:57:33 0 [ERROR] InnoDB: Operating system error number 203 in a file operation.
2025-03-27  7:57:33 0 [Note] InnoDB: Some operating system error numbers are described at https://mariadb.com/kb/en/library/operating-system-error-codes/
2025-03-27  7:57:33 0 [ERROR] InnoDB: Could not find a valid tablespace file for ``phpmyadmin`.`pma__navigationhiding``. Please refer to https://mariadb.com/kb/en/innodb-data-dictionary-troubleshooting/ for how to resolve the issue.
2025-03-27  7:57:33 0 [Warning] InnoDB: Ignoring tablespace for `phpmyadmin`.`pma__navigationhiding` because it could not be opened.
2025-03-27  7:57:33 0 [ERROR] InnoDB: Operating system error number 3 in a file operation.
2025-03-27  7:57:33 0 [ERROR] InnoDB: The error means the system cannot find the path specified.
2025-03-27  7:57:33 0 [ERROR] InnoDB: If you are installing InnoDB, remember that you must create directories yourself, InnoDB does not create them.
2025-03-27  7:57:33 0 [ERROR] InnoDB: Cannot open datafile for read-only: '.\phpmyadmin\pma__pdf_pages.ibd' OS error: 203
2025-03-27  7:57:33 0 [ERROR] InnoDB: Operating system error number 203 in a file operation.
2025-03-27  7:57:33 0 [Note] InnoDB: Some operating system error numbers are described at https://mariadb.com/kb/en/library/operating-system-error-codes/
2025-03-27  7:57:33 0 [ERROR] InnoDB: Could not find a valid tablespace file for ``phpmyadmin`.`pma__pdf_pages``. Please refer to https://mariadb.com/kb/en/innodb-data-dictionary-troubleshooting/ for how to resolve the issue.
2025-03-27  7:57:33 0 [Warning] InnoDB: Ignoring tablespace for `phpmyadmin`.`pma__pdf_pages` because it could not be opened.
2025-03-27  7:57:33 0 [ERROR] InnoDB: Operating system error number 3 in a file operation.
2025-03-27  7:57:33 0 [ERROR] InnoDB: The error means the system cannot find the path specified.
2025-03-27  7:57:33 0 [ERROR] InnoDB: If you are installing InnoDB, remember that you must create directories yourself, InnoDB does not create them.
2025-03-27  7:57:33 0 [ERROR] InnoDB: Cannot open datafile for read-only: '.\phpmyadmin\pma__recent.ibd' OS error: 203
2025-03-27  7:57:33 0 [ERROR] InnoDB: Operating system error number 203 in a file operation.
2025-03-27  7:57:33 0 [Note] InnoDB: Some operating system error numbers are described at https://mariadb.com/kb/en/library/operating-system-error-codes/
2025-03-27  7:57:33 0 [ERROR] InnoDB: Could not find a valid tablespace file for ``phpmyadmin`.`pma__recent``. Please refer to https://mariadb.com/kb/en/innodb-data-dictionary-troubleshooting/ for how to resolve the issue.
2025-03-27  7:57:33 0 [Warning] InnoDB: Ignoring tablespace for `phpmyadmin`.`pma__recent` because it could not be opened.
2025-03-27  7:57:33 0 [ERROR] InnoDB: Operating system error number 3 in a file operation.
2025-03-27  7:57:33 0 [ERROR] InnoDB: The error means the system cannot find the path specified.
2025-03-27  7:57:33 0 [ERROR] InnoDB: If you are installing InnoDB, remember that you must create directories yourself, InnoDB does not create them.
2025-03-27  7:57:33 0 [ERROR] InnoDB: Cannot open datafile for read-only: '.\phpmyadmin\pma__relation.ibd' OS error: 203
2025-03-27  7:57:33 0 [ERROR] InnoDB: Operating system error number 203 in a file operation.
2025-03-27  7:57:33 0 [Note] InnoDB: Some operating system error numbers are described at https://mariadb.com/kb/en/library/operating-system-error-codes/
2025-03-27  7:57:33 0 [ERROR] InnoDB: Could not find a valid tablespace file for ``phpmyadmin`.`pma__relation``. Please refer to https://mariadb.com/kb/en/innodb-data-dictionary-troubleshooting/ for how to resolve the issue.
2025-03-27  7:57:33 0 [Warning] InnoDB: Ignoring tablespace for `phpmyadmin`.`pma__relation` because it could not be opened.
2025-03-27  7:57:33 0 [ERROR] InnoDB: Operating system error number 3 in a file operation.
2025-03-27  7:57:33 0 [ERROR] InnoDB: The error means the system cannot find the path specified.
2025-03-27  7:57:33 0 [ERROR] InnoDB: If you are installing InnoDB, remember that you must create directories yourself, InnoDB does not create them.
2025-03-27  7:57:33 0 [ERROR] InnoDB: Cannot open datafile for read-only: '.\phpmyadmin\pma__savedsearches.ibd' OS error: 203
2025-03-27  7:57:33 0 [ERROR] InnoDB: Operating system error number 203 in a file operation.
2025-03-27  7:57:33 0 [Note] InnoDB: Some operating system error numbers are described at https://mariadb.com/kb/en/library/operating-system-error-codes/
2025-03-27  7:57:33 0 [ERROR] InnoDB: Could not find a valid tablespace file for ``phpmyadmin`.`pma__savedsearches``. Please refer to https://mariadb.com/kb/en/innodb-data-dictionary-troubleshooting/ for how to resolve the issue.
2025-03-27  7:57:33 0 [Warning] InnoDB: Ignoring tablespace for `phpmyadmin`.`pma__savedsearches` because it could not be opened.
2025-03-27  7:57:33 0 [ERROR] InnoDB: Operating system error number 3 in a file operation.
2025-03-27  7:57:33 0 [ERROR] InnoDB: The error means the system cannot find the path specified.
2025-03-27  7:57:33 0 [ERROR] InnoDB: If you are installing InnoDB, remember that you must create directories yourself, InnoDB does not create them.
2025-03-27  7:57:33 0 [ERROR] InnoDB: Cannot open datafile for read-only: '.\phpmyadmin\pma__table_coords.ibd' OS error: 203
2025-03-27  7:57:33 0 [ERROR] InnoDB: Operating system error number 203 in a file operation.
2025-03-27  7:57:33 0 [Note] InnoDB: Some operating system error numbers are described at https://mariadb.com/kb/en/library/operating-system-error-codes/
2025-03-27  7:57:33 0 [ERROR] InnoDB: Could not find a valid tablespace file for ``phpmyadmin`.`pma__table_coords``. Please refer to https://mariadb.com/kb/en/innodb-data-dictionary-troubleshooting/ for how to resolve the issue.
2025-03-27  7:57:33 0 [Warning] InnoDB: Ignoring tablespace for `phpmyadmin`.`pma__table_coords` because it could not be opened.
2025-03-27  7:57:33 0 [ERROR] InnoDB: Operating system error number 3 in a file operation.
2025-03-27  7:57:33 0 [ERROR] InnoDB: The error means the system cannot find the path specified.
2025-03-27  7:57:33 0 [ERROR] InnoDB: If you are installing InnoDB, remember that you must create directories yourself, InnoDB does not create them.
2025-03-27  7:57:33 0 [ERROR] InnoDB: Cannot open datafile for read-only: '.\phpmyadmin\pma__table_info.ibd' OS error: 203
2025-03-27  7:57:33 0 [ERROR] InnoDB: Operating system error number 203 in a file operation.
2025-03-27  7:57:33 0 [Note] InnoDB: Some operating system error numbers are described at https://mariadb.com/kb/en/library/operating-system-error-codes/
2025-03-27  7:57:33 0 [ERROR] InnoDB: Could not find a valid tablespace file for ``phpmyadmin`.`pma__table_info``. Please refer to https://mariadb.com/kb/en/innodb-data-dictionary-troubleshooting/ for how to resolve the issue.
2025-03-27  7:57:33 0 [Warning] InnoDB: Ignoring tablespace for `phpmyadmin`.`pma__table_info` because it could not be opened.
2025-03-27  7:57:33 0 [ERROR] InnoDB: Operating system error number 3 in a file operation.
2025-03-27  7:57:33 0 [ERROR] InnoDB: The error means the system cannot find the path specified.
2025-03-27  7:57:33 0 [ERROR] InnoDB: If you are installing InnoDB, remember that you must create directories yourself, InnoDB does not create them.
2025-03-27  7:57:33 0 [ERROR] InnoDB: Cannot open datafile for read-only: '.\phpmyadmin\pma__table_uiprefs.ibd' OS error: 203
2025-03-27  7:57:33 0 [ERROR] InnoDB: Operating system error number 203 in a file operation.
2025-03-27  7:57:33 0 [Note] InnoDB: Some operating system error numbers are described at https://mariadb.com/kb/en/library/operating-system-error-codes/
2025-03-27  7:57:33 0 [ERROR] InnoDB: Could not find a valid tablespace file for ``phpmyadmin`.`pma__table_uiprefs``. Please refer to https://mariadb.com/kb/en/innodb-data-dictionary-troubleshooting/ for how to resolve the issue.
2025-03-27  7:57:33 0 [Warning] InnoDB: Ignoring tablespace for `phpmyadmin`.`pma__table_uiprefs` because it could not be opened.
2025-03-27  7:57:33 0 [ERROR] InnoDB: Operating system error number 3 in a file operation.
2025-03-27  7:57:33 0 [ERROR] InnoDB: The error means the system cannot find the path specified.
2025-03-27  7:57:33 0 [ERROR] InnoDB: If you are installing InnoDB, remember that you must create directories yourself, InnoDB does not create them.
2025-03-27  7:57:33 0 [ERROR] InnoDB: Cannot open datafile for read-only: '.\phpmyadmin\pma__tracking.ibd' OS error: 203
2025-03-27  7:57:33 0 [ERROR] InnoDB: Operating system error number 203 in a file operation.
2025-03-27  7:57:33 0 [Note] InnoDB: Some operating system error numbers are described at https://mariadb.com/kb/en/library/operating-system-error-codes/
2025-03-27  7:57:33 0 [ERROR] InnoDB: Could not find a valid tablespace file for ``phpmyadmin`.`pma__tracking``. Please refer to https://mariadb.com/kb/en/innodb-data-dictionary-troubleshooting/ for how to resolve the issue.
2025-03-27  7:57:33 0 [Warning] InnoDB: Ignoring tablespace for `phpmyadmin`.`pma__tracking` because it could not be opened.
2025-03-27  7:57:33 0 [ERROR] InnoDB: Operating system error number 3 in a file operation.
2025-03-27  7:57:33 0 [ERROR] InnoDB: The error means the system cannot find the path specified.
2025-03-27  7:57:33 0 [ERROR] InnoDB: If you are installing InnoDB, remember that you must create directories yourself, InnoDB does not create them.
2025-03-27  7:57:33 0 [ERROR] InnoDB: Cannot open datafile for read-only: '.\phpmyadmin\pma__userconfig.ibd' OS error: 203
2025-03-27  7:57:33 0 [ERROR] InnoDB: Operating system error number 203 in a file operation.
2025-03-27  7:57:33 0 [Note] InnoDB: Some operating system error numbers are described at https://mariadb.com/kb/en/library/operating-system-error-codes/
2025-03-27  7:57:33 0 [ERROR] InnoDB: Could not find a valid tablespace file for ``phpmyadmin`.`pma__userconfig``. Please refer to https://mariadb.com/kb/en/innodb-data-dictionary-troubleshooting/ for how to resolve the issue.
2025-03-27  7:57:33 0 [Warning] InnoDB: Ignoring tablespace for `phpmyadmin`.`pma__userconfig` because it could not be opened.
2025-03-27  7:57:33 0 [ERROR] InnoDB: Operating system error number 3 in a file operation.
2025-03-27  7:57:33 0 [ERROR] InnoDB: The error means the system cannot find the path specified.
2025-03-27  7:57:33 0 [ERROR] InnoDB: If you are installing InnoDB, remember that you must create directories yourself, InnoDB does not create them.
2025-03-27  7:57:33 0 [ERROR] InnoDB: Cannot open datafile for read-only: '.\phpmyadmin\pma__usergroups.ibd' OS error: 203
2025-03-27  7:57:33 0 [ERROR] InnoDB: Operating system error number 203 in a file operation.
2025-03-27  7:57:33 0 [Note] InnoDB: Some operating system error numbers are described at https://mariadb.com/kb/en/library/operating-system-error-codes/
2025-03-27  7:57:33 0 [ERROR] InnoDB: Could not find a valid tablespace file for ``phpmyadmin`.`pma__usergroups``. Please refer to https://mariadb.com/kb/en/innodb-data-dictionary-troubleshooting/ for how to resolve the issue.
2025-03-27  7:57:33 0 [Warning] InnoDB: Ignoring tablespace for `phpmyadmin`.`pma__usergroups` because it could not be opened.
2025-03-27  7:57:33 0 [ERROR] InnoDB: Operating system error number 3 in a file operation.
2025-03-27  7:57:33 0 [ERROR] InnoDB: The error means the system cannot find the path specified.
2025-03-27  7:57:33 0 [ERROR] InnoDB: If you are installing InnoDB, remember that you must create directories yourself, InnoDB does not create them.
2025-03-27  7:57:33 0 [ERROR] InnoDB: Cannot open datafile for read-only: '.\phpmyadmin\pma__users.ibd' OS error: 203
2025-03-27  7:57:33 0 [ERROR] InnoDB: Operating system error number 203 in a file operation.
2025-03-27  7:57:33 0 [Note] InnoDB: Some operating system error numbers are described at https://mariadb.com/kb/en/library/operating-system-error-codes/
2025-03-27  7:57:33 0 [ERROR] InnoDB: Could not find a valid tablespace file for ``phpmyadmin`.`pma__users``. Please refer to https://mariadb.com/kb/en/innodb-data-dictionary-troubleshooting/ for how to resolve the issue.
2025-03-27  7:57:33 0 [Warning] InnoDB: Ignoring tablespace for `phpmyadmin`.`pma__users` because it could not be opened.
2025-03-27  7:57:33 0 [Note] InnoDB: 128 out of 128 rollback segments are active.
2025-03-27  7:57:33 0 [Note] InnoDB: Removed temporary tablespace data file: "ibtmp1"
2025-03-27  7:57:33 0 [Note] InnoDB: Creating shared tablespace for temporary tables
2025-03-27  7:57:33 0 [Note] InnoDB: Setting file 'C:\Users\Zedric Berwin\Desktop\OJT files\repository\ojt\server\mysql\data\ibtmp1' size to 12 MB. Physically writing the file full; Please wait ...
2025-03-27  7:57:33 0 [Note] InnoDB: File 'C:\Users\Zedric Berwin\Desktop\OJT files\repository\ojt\server\mysql\data\ibtmp1' size is now 12 MB.
2025-03-27  7:57:33 0 [Note] InnoDB: Waiting for purge to start
2025-03-27  7:57:34 0 [Note] InnoDB: 10.4.28 started; log sequence number 46187203; transaction id 74789
2025-03-27  7:57:34 0 [Note] InnoDB: Loading buffer pool(s) from C:\Users\Zedric Berwin\Desktop\OJT files\repository\ojt\server\mysql\data\ib_buffer_pool
2025-03-27  7:57:34 0 [Note] Plugin 'FEEDBACK' is disabled.
2025-03-27  7:57:34 0 [Note] Server socket created on IP: '::'.
2025-03-27  7:57:34 0 [Note] InnoDB: Buffer pool(s) load completed at 250327  7:57:34
2025-03-27  7:57:34 0 [Note] Reading of all Master_info entries succeeded
2025-03-27  7:57:34 0 [Note] Added new Master_info '' to hash table
2025-03-27  7:57:34 0 [Note] mysql\bin\mysqld.exe: ready for connections.
Version: '10.4.28-MariaDB'  socket: ''  port: 3306  mariadb.org binary distribution
2025-03-27 10:12:24 0 [Note] Starting MariaDB 10.4.28-MariaDB source revision c8f2e9a5c0ac5905f28b050b7df5a9ffd914b7e7 as process 10632
2025-03-27 10:12:24 0 [Note] InnoDB: Mutexes and rw_locks use Windows interlocked functions
2025-03-27 10:12:24 0 [Note] InnoDB: Uses event mutexes
2025-03-27 10:12:24 0 [Note] InnoDB: Compressed tables use zlib 1.2.12
2025-03-27 10:12:24 0 [Note] InnoDB: Number of pools: 1
2025-03-27 10:12:24 0 [Note] InnoDB: Using SSE2 crc32 instructions
2025-03-27 10:12:24 0 [Note] InnoDB: Initializing buffer pool, total size = 256M, instances = 1, chunk size = 128M
2025-03-27 10:12:24 0 [Note] InnoDB: Completed initialization of buffer pool
2025-03-27 10:12:24 0 [Note] InnoDB: Starting crash recovery from checkpoint LSN=48263045
2025-03-27 10:12:24 0 [ERROR] InnoDB: Operating system error number 3 in a file operation.
2025-03-27 10:12:24 0 [ERROR] InnoDB: The error means the system cannot find the path specified.
2025-03-27 10:12:24 0 [ERROR] InnoDB: If you are installing InnoDB, remember that you must create directories yourself, InnoDB does not create them.
2025-03-27 10:12:24 0 [ERROR] InnoDB: Cannot open datafile for read-only: '.\phpmyadmin\pma__bookmark.ibd' OS error: 203
2025-03-27 10:12:24 0 [ERROR] InnoDB: Operating system error number 203 in a file operation.
2025-03-27 10:12:24 0 [Note] InnoDB: Some operating system error numbers are described at https://mariadb.com/kb/en/library/operating-system-error-codes/
2025-03-27 10:12:24 0 [ERROR] InnoDB: Could not find a valid tablespace file for ``phpmyadmin`.`pma__bookmark``. Please refer to https://mariadb.com/kb/en/innodb-data-dictionary-troubleshooting/ for how to resolve the issue.
2025-03-27 10:12:24 0 [Warning] InnoDB: Ignoring tablespace for `phpmyadmin`.`pma__bookmark` because it could not be opened.
2025-03-27 10:12:24 0 [ERROR] InnoDB: Operating system error number 3 in a file operation.
2025-03-27 10:12:24 0 [ERROR] InnoDB: The error means the system cannot find the path specified.
2025-03-27 10:12:24 0 [ERROR] InnoDB: If you are installing InnoDB, remember that you must create directories yourself, InnoDB does not create them.
2025-03-27 10:12:24 0 [ERROR] InnoDB: Cannot open datafile for read-only: '.\phpmyadmin\pma__central_columns.ibd' OS error: 203
2025-03-27 10:12:24 0 [ERROR] InnoDB: Operating system error number 203 in a file operation.
2025-03-27 10:12:24 0 [Note] InnoDB: Some operating system error numbers are described at https://mariadb.com/kb/en/library/operating-system-error-codes/
2025-03-27 10:12:24 0 [ERROR] InnoDB: Could not find a valid tablespace file for ``phpmyadmin`.`pma__central_columns``. Please refer to https://mariadb.com/kb/en/innodb-data-dictionary-troubleshooting/ for how to resolve the issue.
2025-03-27 10:12:24 0 [Warning] InnoDB: Ignoring tablespace for `phpmyadmin`.`pma__central_columns` because it could not be opened.
2025-03-27 10:12:24 0 [ERROR] InnoDB: Operating system error number 3 in a file operation.
2025-03-27 10:12:24 0 [ERROR] InnoDB: The error means the system cannot find the path specified.
2025-03-27 10:12:24 0 [ERROR] InnoDB: If you are installing InnoDB, remember that you must create directories yourself, InnoDB does not create them.
2025-03-27 10:12:24 0 [ERROR] InnoDB: Cannot open datafile for read-only: '.\phpmyadmin\pma__column_info.ibd' OS error: 203
2025-03-27 10:12:24 0 [ERROR] InnoDB: Operating system error number 203 in a file operation.
2025-03-27 10:12:24 0 [Note] InnoDB: Some operating system error numbers are described at https://mariadb.com/kb/en/library/operating-system-error-codes/
2025-03-27 10:12:24 0 [ERROR] InnoDB: Could not find a valid tablespace file for ``phpmyadmin`.`pma__column_info``. Please refer to https://mariadb.com/kb/en/innodb-data-dictionary-troubleshooting/ for how to resolve the issue.
2025-03-27 10:12:24 0 [Warning] InnoDB: Ignoring tablespace for `phpmyadmin`.`pma__column_info` because it could not be opened.
2025-03-27 10:12:24 0 [ERROR] InnoDB: Operating system error number 3 in a file operation.
2025-03-27 10:12:24 0 [ERROR] InnoDB: The error means the system cannot find the path specified.
2025-03-27 10:12:24 0 [ERROR] InnoDB: If you are installing InnoDB, remember that you must create directories yourself, InnoDB does not create them.
2025-03-27 10:12:24 0 [ERROR] InnoDB: Cannot open datafile for read-only: '.\phpmyadmin\pma__designer_settings.ibd' OS error: 203
2025-03-27 10:12:24 0 [ERROR] InnoDB: Operating system error number 203 in a file operation.
2025-03-27 10:12:24 0 [Note] InnoDB: Some operating system error numbers are described at https://mariadb.com/kb/en/library/operating-system-error-codes/
2025-03-27 10:12:24 0 [ERROR] InnoDB: Could not find a valid tablespace file for ``phpmyadmin`.`pma__designer_settings``. Please refer to https://mariadb.com/kb/en/innodb-data-dictionary-troubleshooting/ for how to resolve the issue.
2025-03-27 10:12:24 0 [Warning] InnoDB: Ignoring tablespace for `phpmyadmin`.`pma__designer_settings` because it could not be opened.
2025-03-27 10:12:24 0 [ERROR] InnoDB: Operating system error number 3 in a file operation.
2025-03-27 10:12:24 0 [ERROR] InnoDB: The error means the system cannot find the path specified.
2025-03-27 10:12:24 0 [ERROR] InnoDB: If you are installing InnoDB, remember that you must create directories yourself, InnoDB does not create them.
2025-03-27 10:12:24 0 [ERROR] InnoDB: Cannot open datafile for read-only: '.\phpmyadmin\pma__export_templates.ibd' OS error: 203
2025-03-27 10:12:24 0 [ERROR] InnoDB: Operating system error number 203 in a file operation.
2025-03-27 10:12:24 0 [Note] InnoDB: Some operating system error numbers are described at https://mariadb.com/kb/en/library/operating-system-error-codes/
2025-03-27 10:12:24 0 [ERROR] InnoDB: Could not find a valid tablespace file for ``phpmyadmin`.`pma__export_templates``. Please refer to https://mariadb.com/kb/en/innodb-data-dictionary-troubleshooting/ for how to resolve the issue.
2025-03-27 10:12:24 0 [Warning] InnoDB: Ignoring tablespace for `phpmyadmin`.`pma__export_templates` because it could not be opened.
2025-03-27 10:12:24 0 [ERROR] InnoDB: Operating system error number 3 in a file operation.
2025-03-27 10:12:24 0 [ERROR] InnoDB: The error means the system cannot find the path specified.
2025-03-27 10:12:24 0 [ERROR] InnoDB: If you are installing InnoDB, remember that you must create directories yourself, InnoDB does not create them.
2025-03-27 10:12:24 0 [ERROR] InnoDB: Cannot open datafile for read-only: '.\phpmyadmin\pma__favorite.ibd' OS error: 203
2025-03-27 10:12:24 0 [ERROR] InnoDB: Operating system error number 203 in a file operation.
2025-03-27 10:12:24 0 [Note] InnoDB: Some operating system error numbers are described at https://mariadb.com/kb/en/library/operating-system-error-codes/
2025-03-27 10:12:24 0 [ERROR] InnoDB: Could not find a valid tablespace file for ``phpmyadmin`.`pma__favorite``. Please refer to https://mariadb.com/kb/en/innodb-data-dictionary-troubleshooting/ for how to resolve the issue.
2025-03-27 10:12:24 0 [Warning] InnoDB: Ignoring tablespace for `phpmyadmin`.`pma__favorite` because it could not be opened.
2025-03-27 10:12:24 0 [ERROR] InnoDB: Operating system error number 3 in a file operation.
2025-03-27 10:12:24 0 [ERROR] InnoDB: The error means the system cannot find the path specified.
2025-03-27 10:12:24 0 [ERROR] InnoDB: If you are installing InnoDB, remember that you must create directories yourself, InnoDB does not create them.
2025-03-27 10:12:24 0 [ERROR] InnoDB: Cannot open datafile for read-only: '.\phpmyadmin\pma__history.ibd' OS error: 203
2025-03-27 10:12:24 0 [ERROR] InnoDB: Operating system error number 203 in a file operation.
2025-03-27 10:12:24 0 [Note] InnoDB: Some operating system error numbers are described at https://mariadb.com/kb/en/library/operating-system-error-codes/
2025-03-27 10:12:24 0 [ERROR] InnoDB: Could not find a valid tablespace file for ``phpmyadmin`.`pma__history``. Please refer to https://mariadb.com/kb/en/innodb-data-dictionary-troubleshooting/ for how to resolve the issue.
2025-03-27 10:12:24 0 [Warning] InnoDB: Ignoring tablespace for `phpmyadmin`.`pma__history` because it could not be opened.
2025-03-27 10:12:24 0 [ERROR] InnoDB: Operating system error number 3 in a file operation.
2025-03-27 10:12:24 0 [ERROR] InnoDB: The error means the system cannot find the path specified.
2025-03-27 10:12:24 0 [ERROR] InnoDB: If you are installing InnoDB, remember that you must create directories yourself, InnoDB does not create them.
2025-03-27 10:12:24 0 [ERROR] InnoDB: Cannot open datafile for read-only: '.\phpmyadmin\pma__navigationhiding.ibd' OS error: 203
2025-03-27 10:12:24 0 [ERROR] InnoDB: Operating system error number 203 in a file operation.
2025-03-27 10:12:24 0 [Note] InnoDB: Some operating system error numbers are described at https://mariadb.com/kb/en/library/operating-system-error-codes/
2025-03-27 10:12:24 0 [ERROR] InnoDB: Could not find a valid tablespace file for ``phpmyadmin`.`pma__navigationhiding``. Please refer to https://mariadb.com/kb/en/innodb-data-dictionary-troubleshooting/ for how to resolve the issue.
2025-03-27 10:12:24 0 [Warning] InnoDB: Ignoring tablespace for `phpmyadmin`.`pma__navigationhiding` because it could not be opened.
2025-03-27 10:12:24 0 [ERROR] InnoDB: Operating system error number 3 in a file operation.
2025-03-27 10:12:24 0 [ERROR] InnoDB: The error means the system cannot find the path specified.
2025-03-27 10:12:24 0 [ERROR] InnoDB: If you are installing InnoDB, remember that you must create directories yourself, InnoDB does not create them.
2025-03-27 10:12:24 0 [ERROR] InnoDB: Cannot open datafile for read-only: '.\phpmyadmin\pma__pdf_pages.ibd' OS error: 203
2025-03-27 10:12:24 0 [ERROR] InnoDB: Operating system error number 203 in a file operation.
2025-03-27 10:12:24 0 [Note] InnoDB: Some operating system error numbers are described at https://mariadb.com/kb/en/library/operating-system-error-codes/
2025-03-27 10:12:24 0 [ERROR] InnoDB: Could not find a valid tablespace file for ``phpmyadmin`.`pma__pdf_pages``. Please refer to https://mariadb.com/kb/en/innodb-data-dictionary-troubleshooting/ for how to resolve the issue.
2025-03-27 10:12:24 0 [Warning] InnoDB: Ignoring tablespace for `phpmyadmin`.`pma__pdf_pages` because it could not be opened.
2025-03-27 10:12:24 0 [ERROR] InnoDB: Operating system error number 3 in a file operation.
2025-03-27 10:12:24 0 [ERROR] InnoDB: The error means the system cannot find the path specified.
2025-03-27 10:12:24 0 [ERROR] InnoDB: If you are installing InnoDB, remember that you must create directories yourself, InnoDB does not create them.
2025-03-27 10:12:24 0 [ERROR] InnoDB: Cannot open datafile for read-only: '.\phpmyadmin\pma__recent.ibd' OS error: 203
2025-03-27 10:12:24 0 [ERROR] InnoDB: Operating system error number 203 in a file operation.
2025-03-27 10:12:24 0 [Note] InnoDB: Some operating system error numbers are described at https://mariadb.com/kb/en/library/operating-system-error-codes/
2025-03-27 10:12:24 0 [ERROR] InnoDB: Could not find a valid tablespace file for ``phpmyadmin`.`pma__recent``. Please refer to https://mariadb.com/kb/en/innodb-data-dictionary-troubleshooting/ for how to resolve the issue.
2025-03-27 10:12:24 0 [Warning] InnoDB: Ignoring tablespace for `phpmyadmin`.`pma__recent` because it could not be opened.
2025-03-27 10:12:24 0 [ERROR] InnoDB: Operating system error number 3 in a file operation.
2025-03-27 10:12:24 0 [ERROR] InnoDB: The error means the system cannot find the path specified.
2025-03-27 10:12:24 0 [ERROR] InnoDB: If you are installing InnoDB, remember that you must create directories yourself, InnoDB does not create them.
2025-03-27 10:12:24 0 [ERROR] InnoDB: Cannot open datafile for read-only: '.\phpmyadmin\pma__relation.ibd' OS error: 203
2025-03-27 10:12:24 0 [ERROR] InnoDB: Operating system error number 203 in a file operation.
2025-03-27 10:12:24 0 [Note] InnoDB: Some operating system error numbers are described at https://mariadb.com/kb/en/library/operating-system-error-codes/
2025-03-27 10:12:24 0 [ERROR] InnoDB: Could not find a valid tablespace file for ``phpmyadmin`.`pma__relation``. Please refer to https://mariadb.com/kb/en/innodb-data-dictionary-troubleshooting/ for how to resolve the issue.
2025-03-27 10:12:24 0 [Warning] InnoDB: Ignoring tablespace for `phpmyadmin`.`pma__relation` because it could not be opened.
2025-03-27 10:12:24 0 [ERROR] InnoDB: Operating system error number 3 in a file operation.
2025-03-27 10:12:24 0 [ERROR] InnoDB: The error means the system cannot find the path specified.
2025-03-27 10:12:24 0 [ERROR] InnoDB: If you are installing InnoDB, remember that you must create directories yourself, InnoDB does not create them.
2025-03-27 10:12:24 0 [ERROR] InnoDB: Cannot open datafile for read-only: '.\phpmyadmin\pma__savedsearches.ibd' OS error: 203
2025-03-27 10:12:24 0 [ERROR] InnoDB: Operating system error number 203 in a file operation.
2025-03-27 10:12:24 0 [Note] InnoDB: Some operating system error numbers are described at https://mariadb.com/kb/en/library/operating-system-error-codes/
2025-03-27 10:12:24 0 [ERROR] InnoDB: Could not find a valid tablespace file for ``phpmyadmin`.`pma__savedsearches``. Please refer to https://mariadb.com/kb/en/innodb-data-dictionary-troubleshooting/ for how to resolve the issue.
2025-03-27 10:12:24 0 [Warning] InnoDB: Ignoring tablespace for `phpmyadmin`.`pma__savedsearches` because it could not be opened.
2025-03-27 10:12:24 0 [ERROR] InnoDB: Operating system error number 3 in a file operation.
2025-03-27 10:12:24 0 [ERROR] InnoDB: The error means the system cannot find the path specified.
2025-03-27 10:12:24 0 [ERROR] InnoDB: If you are installing InnoDB, remember that you must create directories yourself, InnoDB does not create them.
2025-03-27 10:12:24 0 [ERROR] InnoDB: Cannot open datafile for read-only: '.\phpmyadmin\pma__table_coords.ibd' OS error: 203
2025-03-27 10:12:24 0 [ERROR] InnoDB: Operating system error number 203 in a file operation.
2025-03-27 10:12:24 0 [Note] InnoDB: Some operating system error numbers are described at https://mariadb.com/kb/en/library/operating-system-error-codes/
2025-03-27 10:12:24 0 [ERROR] InnoDB: Could not find a valid tablespace file for ``phpmyadmin`.`pma__table_coords``. Please refer to https://mariadb.com/kb/en/innodb-data-dictionary-troubleshooting/ for how to resolve the issue.
2025-03-27 10:12:24 0 [Warning] InnoDB: Ignoring tablespace for `phpmyadmin`.`pma__table_coords` because it could not be opened.
2025-03-27 10:12:24 0 [ERROR] InnoDB: Operating system error number 3 in a file operation.
2025-03-27 10:12:24 0 [ERROR] InnoDB: The error means the system cannot find the path specified.
2025-03-27 10:12:24 0 [ERROR] InnoDB: If you are installing InnoDB, remember that you must create directories yourself, InnoDB does not create them.
2025-03-27 10:12:24 0 [ERROR] InnoDB: Cannot open datafile for read-only: '.\phpmyadmin\pma__table_info.ibd' OS error: 203
2025-03-27 10:12:24 0 [ERROR] InnoDB: Operating system error number 203 in a file operation.
2025-03-27 10:12:24 0 [Note] InnoDB: Some operating system error numbers are described at https://mariadb.com/kb/en/library/operating-system-error-codes/
2025-03-27 10:12:24 0 [ERROR] InnoDB: Could not find a valid tablespace file for ``phpmyadmin`.`pma__table_info``. Please refer to https://mariadb.com/kb/en/innodb-data-dictionary-troubleshooting/ for how to resolve the issue.
2025-03-27 10:12:24 0 [Warning] InnoDB: Ignoring tablespace for `phpmyadmin`.`pma__table_info` because it could not be opened.
2025-03-27 10:12:24 0 [ERROR] InnoDB: Operating system error number 3 in a file operation.
2025-03-27 10:12:24 0 [ERROR] InnoDB: The error means the system cannot find the path specified.
2025-03-27 10:12:24 0 [ERROR] InnoDB: If you are installing InnoDB, remember that you must create directories yourself, InnoDB does not create them.
2025-03-27 10:12:24 0 [ERROR] InnoDB: Cannot open datafile for read-only: '.\phpmyadmin\pma__table_uiprefs.ibd' OS error: 203
2025-03-27 10:12:24 0 [ERROR] InnoDB: Operating system error number 203 in a file operation.
2025-03-27 10:12:24 0 [Note] InnoDB: Some operating system error numbers are described at https://mariadb.com/kb/en/library/operating-system-error-codes/
2025-03-27 10:12:24 0 [ERROR] InnoDB: Could not find a valid tablespace file for ``phpmyadmin`.`pma__table_uiprefs``. Please refer to https://mariadb.com/kb/en/innodb-data-dictionary-troubleshooting/ for how to resolve the issue.
2025-03-27 10:12:24 0 [Warning] InnoDB: Ignoring tablespace for `phpmyadmin`.`pma__table_uiprefs` because it could not be opened.
2025-03-27 10:12:24 0 [ERROR] InnoDB: Operating system error number 3 in a file operation.
2025-03-27 10:12:24 0 [ERROR] InnoDB: The error means the system cannot find the path specified.
2025-03-27 10:12:24 0 [ERROR] InnoDB: If you are installing InnoDB, remember that you must create directories yourself, InnoDB does not create them.
2025-03-27 10:12:24 0 [ERROR] InnoDB: Cannot open datafile for read-only: '.\phpmyadmin\pma__tracking.ibd' OS error: 203
2025-03-27 10:12:24 0 [ERROR] InnoDB: Operating system error number 203 in a file operation.
2025-03-27 10:12:24 0 [Note] InnoDB: Some operating system error numbers are described at https://mariadb.com/kb/en/library/operating-system-error-codes/
2025-03-27 10:12:24 0 [ERROR] InnoDB: Could not find a valid tablespace file for ``phpmyadmin`.`pma__tracking``. Please refer to https://mariadb.com/kb/en/innodb-data-dictionary-troubleshooting/ for how to resolve the issue.
2025-03-27 10:12:24 0 [Warning] InnoDB: Ignoring tablespace for `phpmyadmin`.`pma__tracking` because it could not be opened.
2025-03-27 10:12:24 0 [ERROR] InnoDB: Operating system error number 3 in a file operation.
2025-03-27 10:12:24 0 [ERROR] InnoDB: The error means the system cannot find the path specified.
2025-03-27 10:12:24 0 [ERROR] InnoDB: If you are installing InnoDB, remember that you must create directories yourself, InnoDB does not create them.
2025-03-27 10:12:24 0 [ERROR] InnoDB: Cannot open datafile for read-only: '.\phpmyadmin\pma__userconfig.ibd' OS error: 203
2025-03-27 10:12:24 0 [ERROR] InnoDB: Operating system error number 203 in a file operation.
2025-03-27 10:12:24 0 [Note] InnoDB: Some operating system error numbers are described at https://mariadb.com/kb/en/library/operating-system-error-codes/
2025-03-27 10:12:24 0 [ERROR] InnoDB: Could not find a valid tablespace file for ``phpmyadmin`.`pma__userconfig``. Please refer to https://mariadb.com/kb/en/innodb-data-dictionary-troubleshooting/ for how to resolve the issue.
2025-03-27 10:12:24 0 [Warning] InnoDB: Ignoring tablespace for `phpmyadmin`.`pma__userconfig` because it could not be opened.
2025-03-27 10:12:24 0 [ERROR] InnoDB: Operating system error number 3 in a file operation.
2025-03-27 10:12:24 0 [ERROR] InnoDB: The error means the system cannot find the path specified.
2025-03-27 10:12:24 0 [ERROR] InnoDB: If you are installing InnoDB, remember that you must create directories yourself, InnoDB does not create them.
2025-03-27 10:12:24 0 [ERROR] InnoDB: Cannot open datafile for read-only: '.\phpmyadmin\pma__usergroups.ibd' OS error: 203
2025-03-27 10:12:24 0 [ERROR] InnoDB: Operating system error number 203 in a file operation.
2025-03-27 10:12:24 0 [Note] InnoDB: Some operating system error numbers are described at https://mariadb.com/kb/en/library/operating-system-error-codes/
2025-03-27 10:12:24 0 [ERROR] InnoDB: Could not find a valid tablespace file for ``phpmyadmin`.`pma__usergroups``. Please refer to https://mariadb.com/kb/en/innodb-data-dictionary-troubleshooting/ for how to resolve the issue.
2025-03-27 10:12:24 0 [Warning] InnoDB: Ignoring tablespace for `phpmyadmin`.`pma__usergroups` because it could not be opened.
2025-03-27 10:12:24 0 [ERROR] InnoDB: Operating system error number 3 in a file operation.
2025-03-27 10:12:24 0 [ERROR] InnoDB: The error means the system cannot find the path specified.
2025-03-27 10:12:24 0 [ERROR] InnoDB: If you are installing InnoDB, remember that you must create directories yourself, InnoDB does not create them.
2025-03-27 10:12:24 0 [ERROR] InnoDB: Cannot open datafile for read-only: '.\phpmyadmin\pma__users.ibd' OS error: 203
2025-03-27 10:12:24 0 [ERROR] InnoDB: Operating system error number 203 in a file operation.
2025-03-27 10:12:24 0 [Note] InnoDB: Some operating system error numbers are described at https://mariadb.com/kb/en/library/operating-system-error-codes/
2025-03-27 10:12:24 0 [ERROR] InnoDB: Could not find a valid tablespace file for ``phpmyadmin`.`pma__users``. Please refer to https://mariadb.com/kb/en/innodb-data-dictionary-troubleshooting/ for how to resolve the issue.
2025-03-27 10:12:24 0 [Warning] InnoDB: Ignoring tablespace for `phpmyadmin`.`pma__users` because it could not be opened.
2025-03-27 10:12:24 0 [Note] InnoDB: 128 out of 128 rollback segments are active.
2025-03-27 10:12:24 0 [Note] InnoDB: Removed temporary tablespace data file: "ibtmp1"
2025-03-27 10:12:24 0 [Note] InnoDB: Creating shared tablespace for temporary tables
2025-03-27 10:12:24 0 [Note] InnoDB: Setting file 'C:\Users\Zedric Berwin\Desktop\OJT files\repository\ojt\server\mysql\data\ibtmp1' size to 12 MB. Physically writing the file full; Please wait ...
2025-03-27 10:12:24 0 [Note] InnoDB: File 'C:\Users\Zedric Berwin\Desktop\OJT files\repository\ojt\server\mysql\data\ibtmp1' size is now 12 MB.
2025-03-27 10:12:24 0 [Note] InnoDB: Waiting for purge to start
2025-03-27 10:12:24 0 [Note] InnoDB: 10.4.28 started; log sequence number 48263054; transaction id 77037
2025-03-27 10:12:24 0 [Note] InnoDB: Loading buffer pool(s) from C:\Users\Zedric Berwin\Desktop\OJT files\repository\ojt\server\mysql\data\ib_buffer_pool
2025-03-27 10:12:24 0 [Note] Plugin 'FEEDBACK' is disabled.
2025-03-27 10:12:24 0 [Note] Server socket created on IP: '::'.
2025-03-27 10:12:24 0 [Note] InnoDB: Buffer pool(s) load completed at 250327 10:12:24
2025-03-27 10:12:24 0 [Note] Reading of all Master_info entries succeeded
2025-03-27 10:12:24 0 [Note] Added new Master_info '' to hash table
2025-03-27 10:12:24 0 [Note] mysql\bin\mysqld.exe: ready for connections.
Version: '10.4.28-MariaDB'  socket: ''  port: 3306  mariadb.org binary distribution
2025-03-28  7:57:52 0 [Note] Starting MariaDB 10.4.28-MariaDB source revision c8f2e9a5c0ac5905f28b050b7df5a9ffd914b7e7 as process 16204
2025-03-28  7:57:52 0 [Note] InnoDB: Mutexes and rw_locks use Windows interlocked functions
2025-03-28  7:57:52 0 [Note] InnoDB: Uses event mutexes
2025-03-28  7:57:52 0 [Note] InnoDB: Compressed tables use zlib 1.2.12
2025-03-28  7:57:52 0 [Note] InnoDB: Number of pools: 1
2025-03-28  7:57:52 0 [Note] InnoDB: Using SSE2 crc32 instructions
2025-03-28  7:57:52 0 [Note] InnoDB: Initializing buffer pool, total size = 256M, instances = 1, chunk size = 128M
2025-03-28  7:57:52 0 [Note] InnoDB: Completed initialization of buffer pool
2025-03-28  7:57:52 0 [Note] InnoDB: Starting crash recovery from checkpoint LSN=49923745
2025-03-28  7:57:53 0 [ERROR] InnoDB: Operating system error number 3 in a file operation.
2025-03-28  7:57:53 0 [ERROR] InnoDB: The error means the system cannot find the path specified.
2025-03-28  7:57:53 0 [ERROR] InnoDB: If you are installing InnoDB, remember that you must create directories yourself, InnoDB does not create them.
2025-03-28  7:57:53 0 [ERROR] InnoDB: Cannot open datafile for read-only: '.\phpmyadmin\pma__bookmark.ibd' OS error: 203
2025-03-28  7:57:53 0 [ERROR] InnoDB: Operating system error number 203 in a file operation.
2025-03-28  7:57:53 0 [Note] InnoDB: Some operating system error numbers are described at https://mariadb.com/kb/en/library/operating-system-error-codes/
2025-03-28  7:57:53 0 [ERROR] InnoDB: Could not find a valid tablespace file for ``phpmyadmin`.`pma__bookmark``. Please refer to https://mariadb.com/kb/en/innodb-data-dictionary-troubleshooting/ for how to resolve the issue.
2025-03-28  7:57:53 0 [Warning] InnoDB: Ignoring tablespace for `phpmyadmin`.`pma__bookmark` because it could not be opened.
2025-03-28  7:57:53 0 [ERROR] InnoDB: Operating system error number 3 in a file operation.
2025-03-28  7:57:53 0 [ERROR] InnoDB: The error means the system cannot find the path specified.
2025-03-28  7:57:53 0 [ERROR] InnoDB: If you are installing InnoDB, remember that you must create directories yourself, InnoDB does not create them.
2025-03-28  7:57:53 0 [ERROR] InnoDB: Cannot open datafile for read-only: '.\phpmyadmin\pma__central_columns.ibd' OS error: 203
2025-03-28  7:57:53 0 [ERROR] InnoDB: Operating system error number 203 in a file operation.
2025-03-28  7:57:53 0 [Note] InnoDB: Some operating system error numbers are described at https://mariadb.com/kb/en/library/operating-system-error-codes/
2025-03-28  7:57:53 0 [ERROR] InnoDB: Could not find a valid tablespace file for ``phpmyadmin`.`pma__central_columns``. Please refer to https://mariadb.com/kb/en/innodb-data-dictionary-troubleshooting/ for how to resolve the issue.
2025-03-28  7:57:53 0 [Warning] InnoDB: Ignoring tablespace for `phpmyadmin`.`pma__central_columns` because it could not be opened.
2025-03-28  7:57:53 0 [ERROR] InnoDB: Operating system error number 3 in a file operation.
2025-03-28  7:57:53 0 [ERROR] InnoDB: The error means the system cannot find the path specified.
2025-03-28  7:57:53 0 [ERROR] InnoDB: If you are installing InnoDB, remember that you must create directories yourself, InnoDB does not create them.
2025-03-28  7:57:53 0 [ERROR] InnoDB: Cannot open datafile for read-only: '.\phpmyadmin\pma__column_info.ibd' OS error: 203
2025-03-28  7:57:53 0 [ERROR] InnoDB: Operating system error number 203 in a file operation.
2025-03-28  7:57:53 0 [Note] InnoDB: Some operating system error numbers are described at https://mariadb.com/kb/en/library/operating-system-error-codes/
2025-03-28  7:57:53 0 [ERROR] InnoDB: Could not find a valid tablespace file for ``phpmyadmin`.`pma__column_info``. Please refer to https://mariadb.com/kb/en/innodb-data-dictionary-troubleshooting/ for how to resolve the issue.
2025-03-28  7:57:53 0 [Warning] InnoDB: Ignoring tablespace for `phpmyadmin`.`pma__column_info` because it could not be opened.
2025-03-28  7:57:53 0 [ERROR] InnoDB: Operating system error number 3 in a file operation.
2025-03-28  7:57:53 0 [ERROR] InnoDB: The error means the system cannot find the path specified.
2025-03-28  7:57:53 0 [ERROR] InnoDB: If you are installing InnoDB, remember that you must create directories yourself, InnoDB does not create them.
2025-03-28  7:57:53 0 [ERROR] InnoDB: Cannot open datafile for read-only: '.\phpmyadmin\pma__designer_settings.ibd' OS error: 203
2025-03-28  7:57:53 0 [ERROR] InnoDB: Operating system error number 203 in a file operation.
2025-03-28  7:57:53 0 [Note] InnoDB: Some operating system error numbers are described at https://mariadb.com/kb/en/library/operating-system-error-codes/
2025-03-28  7:57:53 0 [ERROR] InnoDB: Could not find a valid tablespace file for ``phpmyadmin`.`pma__designer_settings``. Please refer to https://mariadb.com/kb/en/innodb-data-dictionary-troubleshooting/ for how to resolve the issue.
2025-03-28  7:57:53 0 [Warning] InnoDB: Ignoring tablespace for `phpmyadmin`.`pma__designer_settings` because it could not be opened.
2025-03-28  7:57:53 0 [ERROR] InnoDB: Operating system error number 3 in a file operation.
2025-03-28  7:57:53 0 [ERROR] InnoDB: The error means the system cannot find the path specified.
2025-03-28  7:57:53 0 [ERROR] InnoDB: If you are installing InnoDB, remember that you must create directories yourself, InnoDB does not create them.
2025-03-28  7:57:53 0 [ERROR] InnoDB: Cannot open datafile for read-only: '.\phpmyadmin\pma__export_templates.ibd' OS error: 203
2025-03-28  7:57:53 0 [ERROR] InnoDB: Operating system error number 203 in a file operation.
2025-03-28  7:57:53 0 [Note] InnoDB: Some operating system error numbers are described at https://mariadb.com/kb/en/library/operating-system-error-codes/
2025-03-28  7:57:53 0 [ERROR] InnoDB: Could not find a valid tablespace file for ``phpmyadmin`.`pma__export_templates``. Please refer to https://mariadb.com/kb/en/innodb-data-dictionary-troubleshooting/ for how to resolve the issue.
2025-03-28  7:57:53 0 [Warning] InnoDB: Ignoring tablespace for `phpmyadmin`.`pma__export_templates` because it could not be opened.
2025-03-28  7:57:53 0 [ERROR] InnoDB: Operating system error number 3 in a file operation.
2025-03-28  7:57:53 0 [ERROR] InnoDB: The error means the system cannot find the path specified.
2025-03-28  7:57:53 0 [ERROR] InnoDB: If you are installing InnoDB, remember that you must create directories yourself, InnoDB does not create them.
2025-03-28  7:57:53 0 [ERROR] InnoDB: Cannot open datafile for read-only: '.\phpmyadmin\pma__favorite.ibd' OS error: 203
2025-03-28  7:57:53 0 [ERROR] InnoDB: Operating system error number 203 in a file operation.
2025-03-28  7:57:53 0 [Note] InnoDB: Some operating system error numbers are described at https://mariadb.com/kb/en/library/operating-system-error-codes/
2025-03-28  7:57:53 0 [ERROR] InnoDB: Could not find a valid tablespace file for ``phpmyadmin`.`pma__favorite``. Please refer to https://mariadb.com/kb/en/innodb-data-dictionary-troubleshooting/ for how to resolve the issue.
2025-03-28  7:57:53 0 [Warning] InnoDB: Ignoring tablespace for `phpmyadmin`.`pma__favorite` because it could not be opened.
2025-03-28  7:57:53 0 [ERROR] InnoDB: Operating system error number 3 in a file operation.
2025-03-28  7:57:53 0 [ERROR] InnoDB: The error means the system cannot find the path specified.
2025-03-28  7:57:53 0 [ERROR] InnoDB: If you are installing InnoDB, remember that you must create directories yourself, InnoDB does not create them.
2025-03-28  7:57:53 0 [ERROR] InnoDB: Cannot open datafile for read-only: '.\phpmyadmin\pma__history.ibd' OS error: 203
2025-03-28  7:57:53 0 [ERROR] InnoDB: Operating system error number 203 in a file operation.
2025-03-28  7:57:53 0 [Note] InnoDB: Some operating system error numbers are described at https://mariadb.com/kb/en/library/operating-system-error-codes/
2025-03-28  7:57:53 0 [ERROR] InnoDB: Could not find a valid tablespace file for ``phpmyadmin`.`pma__history``. Please refer to https://mariadb.com/kb/en/innodb-data-dictionary-troubleshooting/ for how to resolve the issue.
2025-03-28  7:57:53 0 [Warning] InnoDB: Ignoring tablespace for `phpmyadmin`.`pma__history` because it could not be opened.
2025-03-28  7:57:53 0 [ERROR] InnoDB: Operating system error number 3 in a file operation.
2025-03-28  7:57:53 0 [ERROR] InnoDB: The error means the system cannot find the path specified.
2025-03-28  7:57:53 0 [ERROR] InnoDB: If you are installing InnoDB, remember that you must create directories yourself, InnoDB does not create them.
2025-03-28  7:57:53 0 [ERROR] InnoDB: Cannot open datafile for read-only: '.\phpmyadmin\pma__navigationhiding.ibd' OS error: 203
2025-03-28  7:57:53 0 [ERROR] InnoDB: Operating system error number 203 in a file operation.
2025-03-28  7:57:53 0 [Note] InnoDB: Some operating system error numbers are described at https://mariadb.com/kb/en/library/operating-system-error-codes/
2025-03-28  7:57:53 0 [ERROR] InnoDB: Could not find a valid tablespace file for ``phpmyadmin`.`pma__navigationhiding``. Please refer to https://mariadb.com/kb/en/innodb-data-dictionary-troubleshooting/ for how to resolve the issue.
2025-03-28  7:57:53 0 [Warning] InnoDB: Ignoring tablespace for `phpmyadmin`.`pma__navigationhiding` because it could not be opened.
2025-03-28  7:57:53 0 [ERROR] InnoDB: Operating system error number 3 in a file operation.
2025-03-28  7:57:53 0 [ERROR] InnoDB: The error means the system cannot find the path specified.
2025-03-28  7:57:53 0 [ERROR] InnoDB: If you are installing InnoDB, remember that you must create directories yourself, InnoDB does not create them.
2025-03-28  7:57:53 0 [ERROR] InnoDB: Cannot open datafile for read-only: '.\phpmyadmin\pma__pdf_pages.ibd' OS error: 203
2025-03-28  7:57:53 0 [ERROR] InnoDB: Operating system error number 203 in a file operation.
2025-03-28  7:57:53 0 [Note] InnoDB: Some operating system error numbers are described at https://mariadb.com/kb/en/library/operating-system-error-codes/
2025-03-28  7:57:53 0 [ERROR] InnoDB: Could not find a valid tablespace file for ``phpmyadmin`.`pma__pdf_pages``. Please refer to https://mariadb.com/kb/en/innodb-data-dictionary-troubleshooting/ for how to resolve the issue.
2025-03-28  7:57:53 0 [Warning] InnoDB: Ignoring tablespace for `phpmyadmin`.`pma__pdf_pages` because it could not be opened.
2025-03-28  7:57:53 0 [ERROR] InnoDB: Operating system error number 3 in a file operation.
2025-03-28  7:57:53 0 [ERROR] InnoDB: The error means the system cannot find the path specified.
2025-03-28  7:57:53 0 [ERROR] InnoDB: If you are installing InnoDB, remember that you must create directories yourself, InnoDB does not create them.
2025-03-28  7:57:53 0 [ERROR] InnoDB: Cannot open datafile for read-only: '.\phpmyadmin\pma__recent.ibd' OS error: 203
2025-03-28  7:57:53 0 [ERROR] InnoDB: Operating system error number 203 in a file operation.
2025-03-28  7:57:53 0 [Note] InnoDB: Some operating system error numbers are described at https://mariadb.com/kb/en/library/operating-system-error-codes/
2025-03-28  7:57:53 0 [ERROR] InnoDB: Could not find a valid tablespace file for ``phpmyadmin`.`pma__recent``. Please refer to https://mariadb.com/kb/en/innodb-data-dictionary-troubleshooting/ for how to resolve the issue.
2025-03-28  7:57:53 0 [Warning] InnoDB: Ignoring tablespace for `phpmyadmin`.`pma__recent` because it could not be opened.
2025-03-28  7:57:53 0 [ERROR] InnoDB: Operating system error number 3 in a file operation.
2025-03-28  7:57:53 0 [ERROR] InnoDB: The error means the system cannot find the path specified.
2025-03-28  7:57:53 0 [ERROR] InnoDB: If you are installing InnoDB, remember that you must create directories yourself, InnoDB does not create them.
2025-03-28  7:57:53 0 [ERROR] InnoDB: Cannot open datafile for read-only: '.\phpmyadmin\pma__relation.ibd' OS error: 203
2025-03-28  7:57:53 0 [ERROR] InnoDB: Operating system error number 203 in a file operation.
2025-03-28  7:57:53 0 [Note] InnoDB: Some operating system error numbers are described at https://mariadb.com/kb/en/library/operating-system-error-codes/
2025-03-28  7:57:53 0 [ERROR] InnoDB: Could not find a valid tablespace file for ``phpmyadmin`.`pma__relation``. Please refer to https://mariadb.com/kb/en/innodb-data-dictionary-troubleshooting/ for how to resolve the issue.
2025-03-28  7:57:53 0 [Warning] InnoDB: Ignoring tablespace for `phpmyadmin`.`pma__relation` because it could not be opened.
2025-03-28  7:57:53 0 [ERROR] InnoDB: Operating system error number 3 in a file operation.
2025-03-28  7:57:53 0 [ERROR] InnoDB: The error means the system cannot find the path specified.
2025-03-28  7:57:53 0 [ERROR] InnoDB: If you are installing InnoDB, remember that you must create directories yourself, InnoDB does not create them.
2025-03-28  7:57:53 0 [ERROR] InnoDB: Cannot open datafile for read-only: '.\phpmyadmin\pma__savedsearches.ibd' OS error: 203
2025-03-28  7:57:53 0 [ERROR] InnoDB: Operating system error number 203 in a file operation.
2025-03-28  7:57:53 0 [Note] InnoDB: Some operating system error numbers are described at https://mariadb.com/kb/en/library/operating-system-error-codes/
2025-03-28  7:57:53 0 [ERROR] InnoDB: Could not find a valid tablespace file for ``phpmyadmin`.`pma__savedsearches``. Please refer to https://mariadb.com/kb/en/innodb-data-dictionary-troubleshooting/ for how to resolve the issue.
2025-03-28  7:57:53 0 [Warning] InnoDB: Ignoring tablespace for `phpmyadmin`.`pma__savedsearches` because it could not be opened.
2025-03-28  7:57:53 0 [ERROR] InnoDB: Operating system error number 3 in a file operation.
2025-03-28  7:57:53 0 [ERROR] InnoDB: The error means the system cannot find the path specified.
2025-03-28  7:57:53 0 [ERROR] InnoDB: If you are installing InnoDB, remember that you must create directories yourself, InnoDB does not create them.
2025-03-28  7:57:53 0 [ERROR] InnoDB: Cannot open datafile for read-only: '.\phpmyadmin\pma__table_coords.ibd' OS error: 203
2025-03-28  7:57:53 0 [ERROR] InnoDB: Operating system error number 203 in a file operation.
2025-03-28  7:57:53 0 [Note] InnoDB: Some operating system error numbers are described at https://mariadb.com/kb/en/library/operating-system-error-codes/
2025-03-28  7:57:53 0 [ERROR] InnoDB: Could not find a valid tablespace file for ``phpmyadmin`.`pma__table_coords``. Please refer to https://mariadb.com/kb/en/innodb-data-dictionary-troubleshooting/ for how to resolve the issue.
2025-03-28  7:57:53 0 [Warning] InnoDB: Ignoring tablespace for `phpmyadmin`.`pma__table_coords` because it could not be opened.
2025-03-28  7:57:53 0 [ERROR] InnoDB: Operating system error number 3 in a file operation.
2025-03-28  7:57:53 0 [ERROR] InnoDB: The error means the system cannot find the path specified.
2025-03-28  7:57:53 0 [ERROR] InnoDB: If you are installing InnoDB, remember that you must create directories yourself, InnoDB does not create them.
2025-03-28  7:57:53 0 [ERROR] InnoDB: Cannot open datafile for read-only: '.\phpmyadmin\pma__table_info.ibd' OS error: 203
2025-03-28  7:57:53 0 [ERROR] InnoDB: Operating system error number 203 in a file operation.
2025-03-28  7:57:53 0 [Note] InnoDB: Some operating system error numbers are described at https://mariadb.com/kb/en/library/operating-system-error-codes/
2025-03-28  7:57:53 0 [ERROR] InnoDB: Could not find a valid tablespace file for ``phpmyadmin`.`pma__table_info``. Please refer to https://mariadb.com/kb/en/innodb-data-dictionary-troubleshooting/ for how to resolve the issue.
2025-03-28  7:57:53 0 [Warning] InnoDB: Ignoring tablespace for `phpmyadmin`.`pma__table_info` because it could not be opened.
2025-03-28  7:57:53 0 [ERROR] InnoDB: Operating system error number 3 in a file operation.
2025-03-28  7:57:53 0 [ERROR] InnoDB: The error means the system cannot find the path specified.
2025-03-28  7:57:53 0 [ERROR] InnoDB: If you are installing InnoDB, remember that you must create directories yourself, InnoDB does not create them.
2025-03-28  7:57:53 0 [ERROR] InnoDB: Cannot open datafile for read-only: '.\phpmyadmin\pma__table_uiprefs.ibd' OS error: 203
2025-03-28  7:57:53 0 [ERROR] InnoDB: Operating system error number 203 in a file operation.
2025-03-28  7:57:53 0 [Note] InnoDB: Some operating system error numbers are described at https://mariadb.com/kb/en/library/operating-system-error-codes/
2025-03-28  7:57:53 0 [ERROR] InnoDB: Could not find a valid tablespace file for ``phpmyadmin`.`pma__table_uiprefs``. Please refer to https://mariadb.com/kb/en/innodb-data-dictionary-troubleshooting/ for how to resolve the issue.
2025-03-28  7:57:53 0 [Warning] InnoDB: Ignoring tablespace for `phpmyadmin`.`pma__table_uiprefs` because it could not be opened.
2025-03-28  7:57:53 0 [ERROR] InnoDB: Operating system error number 3 in a file operation.
2025-03-28  7:57:53 0 [ERROR] InnoDB: The error means the system cannot find the path specified.
2025-03-28  7:57:53 0 [ERROR] InnoDB: If you are installing InnoDB, remember that you must create directories yourself, InnoDB does not create them.
2025-03-28  7:57:53 0 [ERROR] InnoDB: Cannot open datafile for read-only: '.\phpmyadmin\pma__tracking.ibd' OS error: 203
2025-03-28  7:57:53 0 [ERROR] InnoDB: Operating system error number 203 in a file operation.
2025-03-28  7:57:53 0 [Note] InnoDB: Some operating system error numbers are described at https://mariadb.com/kb/en/library/operating-system-error-codes/
2025-03-28  7:57:53 0 [ERROR] InnoDB: Could not find a valid tablespace file for ``phpmyadmin`.`pma__tracking``. Please refer to https://mariadb.com/kb/en/innodb-data-dictionary-troubleshooting/ for how to resolve the issue.
2025-03-28  7:57:53 0 [Warning] InnoDB: Ignoring tablespace for `phpmyadmin`.`pma__tracking` because it could not be opened.
2025-03-28  7:57:53 0 [ERROR] InnoDB: Operating system error number 3 in a file operation.
2025-03-28  7:57:53 0 [ERROR] InnoDB: The error means the system cannot find the path specified.
2025-03-28  7:57:53 0 [ERROR] InnoDB: If you are installing InnoDB, remember that you must create directories yourself, InnoDB does not create them.
2025-03-28  7:57:53 0 [ERROR] InnoDB: Cannot open datafile for read-only: '.\phpmyadmin\pma__userconfig.ibd' OS error: 203
2025-03-28  7:57:53 0 [ERROR] InnoDB: Operating system error number 203 in a file operation.
2025-03-28  7:57:53 0 [Note] InnoDB: Some operating system error numbers are described at https://mariadb.com/kb/en/library/operating-system-error-codes/
2025-03-28  7:57:53 0 [ERROR] InnoDB: Could not find a valid tablespace file for ``phpmyadmin`.`pma__userconfig``. Please refer to https://mariadb.com/kb/en/innodb-data-dictionary-troubleshooting/ for how to resolve the issue.
2025-03-28  7:57:53 0 [Warning] InnoDB: Ignoring tablespace for `phpmyadmin`.`pma__userconfig` because it could not be opened.
2025-03-28  7:57:53 0 [ERROR] InnoDB: Operating system error number 3 in a file operation.
2025-03-28  7:57:53 0 [ERROR] InnoDB: The error means the system cannot find the path specified.
2025-03-28  7:57:53 0 [ERROR] InnoDB: If you are installing InnoDB, remember that you must create directories yourself, InnoDB does not create them.
2025-03-28  7:57:53 0 [ERROR] InnoDB: Cannot open datafile for read-only: '.\phpmyadmin\pma__usergroups.ibd' OS error: 203
2025-03-28  7:57:53 0 [ERROR] InnoDB: Operating system error number 203 in a file operation.
2025-03-28  7:57:53 0 [Note] InnoDB: Some operating system error numbers are described at https://mariadb.com/kb/en/library/operating-system-error-codes/
2025-03-28  7:57:53 0 [ERROR] InnoDB: Could not find a valid tablespace file for ``phpmyadmin`.`pma__usergroups``. Please refer to https://mariadb.com/kb/en/innodb-data-dictionary-troubleshooting/ for how to resolve the issue.
2025-03-28  7:57:53 0 [Warning] InnoDB: Ignoring tablespace for `phpmyadmin`.`pma__usergroups` because it could not be opened.
2025-03-28  7:57:53 0 [ERROR] InnoDB: Operating system error number 3 in a file operation.
2025-03-28  7:57:53 0 [ERROR] InnoDB: The error means the system cannot find the path specified.
2025-03-28  7:57:53 0 [ERROR] InnoDB: If you are installing InnoDB, remember that you must create directories yourself, InnoDB does not create them.
2025-03-28  7:57:53 0 [ERROR] InnoDB: Cannot open datafile for read-only: '.\phpmyadmin\pma__users.ibd' OS error: 203
2025-03-28  7:57:53 0 [ERROR] InnoDB: Operating system error number 203 in a file operation.
2025-03-28  7:57:53 0 [Note] InnoDB: Some operating system error numbers are described at https://mariadb.com/kb/en/library/operating-system-error-codes/
2025-03-28  7:57:53 0 [ERROR] InnoDB: Could not find a valid tablespace file for ``phpmyadmin`.`pma__users``. Please refer to https://mariadb.com/kb/en/innodb-data-dictionary-troubleshooting/ for how to resolve the issue.
2025-03-28  7:57:53 0 [Warning] InnoDB: Ignoring tablespace for `phpmyadmin`.`pma__users` because it could not be opened.
2025-03-28  7:57:53 0 [Note] InnoDB: 128 out of 128 rollback segments are active.
2025-03-28  7:57:53 0 [Note] InnoDB: Removed temporary tablespace data file: "ibtmp1"
2025-03-28  7:57:53 0 [Note] InnoDB: Creating shared tablespace for temporary tables
2025-03-28  7:57:53 0 [Note] InnoDB: Setting file 'C:\Users\Zedric Berwin\Desktop\OJT files\repository\ojt\server\mysql\data\ibtmp1' size to 12 MB. Physically writing the file full; Please wait ...
2025-03-28  7:57:53 0 [Note] InnoDB: File 'C:\Users\Zedric Berwin\Desktop\OJT files\repository\ojt\server\mysql\data\ibtmp1' size is now 12 MB.
2025-03-28  7:57:53 0 [Note] InnoDB: Waiting for purge to start
2025-03-28  7:57:53 0 [Note] InnoDB: 10.4.28 started; log sequence number 49923754; transaction id 79670
2025-03-28  7:57:53 0 [Note] InnoDB: Loading buffer pool(s) from C:\Users\Zedric Berwin\Desktop\OJT files\repository\ojt\server\mysql\data\ib_buffer_pool
2025-03-28  7:57:53 0 [Note] Plugin 'FEEDBACK' is disabled.
2025-03-28  7:57:53 0 [Note] Server socket created on IP: '::'.
2025-03-28  7:57:53 0 [Note] InnoDB: Buffer pool(s) load completed at 250328  7:57:53
2025-03-28  7:57:53 0 [Note] Reading of all Master_info entries succeeded
2025-03-28  7:57:53 0 [Note] Added new Master_info '' to hash table
2025-03-28  7:57:53 0 [Note] mysql\bin\mysqld.exe: ready for connections.
Version: '10.4.28-MariaDB'  socket: ''  port: 3306  mariadb.org binary distribution
2025-03-28  8:01:15 0 [Note] Starting MariaDB 10.4.28-MariaDB source revision c8f2e9a5c0ac5905f28b050b7df5a9ffd914b7e7 as process 13192
2025-03-28  8:01:15 0 [ERROR] InnoDB: The innodb_system data file 'ibdata1' must be writable
2025-03-28  8:01:15 0 [ERROR] InnoDB: The innodb_system data file 'ibdata1' must be writable
2025-03-28  8:01:15 0 [ERROR] Plugin 'InnoDB' init function returned error.
2025-03-28  8:01:15 0 [ERROR] Plugin 'InnoDB' registration as a STORAGE ENGINE failed.
2025-03-28  8:01:15 0 [Note] Plugin 'FEEDBACK' is disabled.
2025-03-28  8:01:15 0 [ERROR] Unknown/unsupported storage engine: innodb
2025-03-28  8:01:15 0 [ERROR] Aborting
2025-03-31  9:47:28 0 [Note] Starting MariaDB 10.4.28-MariaDB source revision c8f2e9a5c0ac5905f28b050b7df5a9ffd914b7e7 as process 17076
2025-03-31  9:47:28 0 [Note] InnoDB: Mutexes and rw_locks use Windows interlocked functions
2025-03-31  9:47:28 0 [Note] InnoDB: Uses event mutexes
2025-03-31  9:47:28 0 [Note] InnoDB: Compressed tables use zlib 1.2.12
2025-03-31  9:47:28 0 [Note] InnoDB: Number of pools: 1
2025-03-31  9:47:28 0 [Note] InnoDB: Using SSE2 crc32 instructions
2025-03-31  9:47:28 0 [Note] InnoDB: Initializing buffer pool, total size = 256M, instances = 1, chunk size = 128M
2025-03-31  9:47:28 0 [Note] InnoDB: Completed initialization of buffer pool
2025-03-31  9:47:28 0 [Note] InnoDB: Starting crash recovery from checkpoint LSN=51616703
2025-03-31  9:47:28 0 [ERROR] InnoDB: Operating system error number 3 in a file operation.
2025-03-31  9:47:28 0 [ERROR] InnoDB: The error means the system cannot find the path specified.
2025-03-31  9:47:28 0 [ERROR] InnoDB: If you are installing InnoDB, remember that you must create directories yourself, InnoDB does not create them.
2025-03-31  9:47:28 0 [ERROR] InnoDB: Cannot open datafile for read-only: '.\phpmyadmin\pma__bookmark.ibd' OS error: 203
2025-03-31  9:47:28 0 [ERROR] InnoDB: Operating system error number 203 in a file operation.
2025-03-31  9:47:28 0 [Note] InnoDB: Some operating system error numbers are described at https://mariadb.com/kb/en/library/operating-system-error-codes/
2025-03-31  9:47:28 0 [ERROR] InnoDB: Could not find a valid tablespace file for ``phpmyadmin`.`pma__bookmark``. Please refer to https://mariadb.com/kb/en/innodb-data-dictionary-troubleshooting/ for how to resolve the issue.
2025-03-31  9:47:28 0 [Warning] InnoDB: Ignoring tablespace for `phpmyadmin`.`pma__bookmark` because it could not be opened.
2025-03-31  9:47:28 0 [ERROR] InnoDB: Operating system error number 3 in a file operation.
2025-03-31  9:47:28 0 [ERROR] InnoDB: The error means the system cannot find the path specified.
2025-03-31  9:47:28 0 [ERROR] InnoDB: If you are installing InnoDB, remember that you must create directories yourself, InnoDB does not create them.
2025-03-31  9:47:28 0 [ERROR] InnoDB: Cannot open datafile for read-only: '.\phpmyadmin\pma__central_columns.ibd' OS error: 203
2025-03-31  9:47:28 0 [ERROR] InnoDB: Operating system error number 203 in a file operation.
2025-03-31  9:47:28 0 [Note] InnoDB: Some operating system error numbers are described at https://mariadb.com/kb/en/library/operating-system-error-codes/
2025-03-31  9:47:28 0 [ERROR] InnoDB: Could not find a valid tablespace file for ``phpmyadmin`.`pma__central_columns``. Please refer to https://mariadb.com/kb/en/innodb-data-dictionary-troubleshooting/ for how to resolve the issue.
2025-03-31  9:47:28 0 [Warning] InnoDB: Ignoring tablespace for `phpmyadmin`.`pma__central_columns` because it could not be opened.
2025-03-31  9:47:28 0 [ERROR] InnoDB: Operating system error number 3 in a file operation.
2025-03-31  9:47:28 0 [ERROR] InnoDB: The error means the system cannot find the path specified.
2025-03-31  9:47:28 0 [ERROR] InnoDB: If you are installing InnoDB, remember that you must create directories yourself, InnoDB does not create them.
2025-03-31  9:47:28 0 [ERROR] InnoDB: Cannot open datafile for read-only: '.\phpmyadmin\pma__column_info.ibd' OS error: 203
2025-03-31  9:47:28 0 [ERROR] InnoDB: Operating system error number 203 in a file operation.
2025-03-31  9:47:28 0 [Note] InnoDB: Some operating system error numbers are described at https://mariadb.com/kb/en/library/operating-system-error-codes/
2025-03-31  9:47:28 0 [ERROR] InnoDB: Could not find a valid tablespace file for ``phpmyadmin`.`pma__column_info``. Please refer to https://mariadb.com/kb/en/innodb-data-dictionary-troubleshooting/ for how to resolve the issue.
2025-03-31  9:47:28 0 [Warning] InnoDB: Ignoring tablespace for `phpmyadmin`.`pma__column_info` because it could not be opened.
2025-03-31  9:47:28 0 [ERROR] InnoDB: Operating system error number 3 in a file operation.
2025-03-31  9:47:28 0 [ERROR] InnoDB: The error means the system cannot find the path specified.
2025-03-31  9:47:28 0 [ERROR] InnoDB: If you are installing InnoDB, remember that you must create directories yourself, InnoDB does not create them.
2025-03-31  9:47:28 0 [ERROR] InnoDB: Cannot open datafile for read-only: '.\phpmyadmin\pma__designer_settings.ibd' OS error: 203
2025-03-31  9:47:28 0 [ERROR] InnoDB: Operating system error number 203 in a file operation.
2025-03-31  9:47:28 0 [Note] InnoDB: Some operating system error numbers are described at https://mariadb.com/kb/en/library/operating-system-error-codes/
2025-03-31  9:47:28 0 [ERROR] InnoDB: Could not find a valid tablespace file for ``phpmyadmin`.`pma__designer_settings``. Please refer to https://mariadb.com/kb/en/innodb-data-dictionary-troubleshooting/ for how to resolve the issue.
2025-03-31  9:47:28 0 [Warning] InnoDB: Ignoring tablespace for `phpmyadmin`.`pma__designer_settings` because it could not be opened.
2025-03-31  9:47:28 0 [ERROR] InnoDB: Operating system error number 3 in a file operation.
2025-03-31  9:47:28 0 [ERROR] InnoDB: The error means the system cannot find the path specified.
2025-03-31  9:47:28 0 [ERROR] InnoDB: If you are installing InnoDB, remember that you must create directories yourself, InnoDB does not create them.
2025-03-31  9:47:28 0 [ERROR] InnoDB: Cannot open datafile for read-only: '.\phpmyadmin\pma__export_templates.ibd' OS error: 203
2025-03-31  9:47:28 0 [ERROR] InnoDB: Operating system error number 203 in a file operation.
2025-03-31  9:47:28 0 [Note] InnoDB: Some operating system error numbers are described at https://mariadb.com/kb/en/library/operating-system-error-codes/
2025-03-31  9:47:28 0 [ERROR] InnoDB: Could not find a valid tablespace file for ``phpmyadmin`.`pma__export_templates``. Please refer to https://mariadb.com/kb/en/innodb-data-dictionary-troubleshooting/ for how to resolve the issue.
2025-03-31  9:47:28 0 [Warning] InnoDB: Ignoring tablespace for `phpmyadmin`.`pma__export_templates` because it could not be opened.
2025-03-31  9:47:28 0 [ERROR] InnoDB: Operating system error number 3 in a file operation.
2025-03-31  9:47:28 0 [ERROR] InnoDB: The error means the system cannot find the path specified.
2025-03-31  9:47:28 0 [ERROR] InnoDB: If you are installing InnoDB, remember that you must create directories yourself, InnoDB does not create them.
2025-03-31  9:47:28 0 [ERROR] InnoDB: Cannot open datafile for read-only: '.\phpmyadmin\pma__favorite.ibd' OS error: 203
2025-03-31  9:47:28 0 [ERROR] InnoDB: Operating system error number 203 in a file operation.
2025-03-31  9:47:28 0 [Note] InnoDB: Some operating system error numbers are described at https://mariadb.com/kb/en/library/operating-system-error-codes/
2025-03-31  9:47:28 0 [ERROR] InnoDB: Could not find a valid tablespace file for ``phpmyadmin`.`pma__favorite``. Please refer to https://mariadb.com/kb/en/innodb-data-dictionary-troubleshooting/ for how to resolve the issue.
2025-03-31  9:47:28 0 [Warning] InnoDB: Ignoring tablespace for `phpmyadmin`.`pma__favorite` because it could not be opened.
2025-03-31  9:47:28 0 [ERROR] InnoDB: Operating system error number 3 in a file operation.
2025-03-31  9:47:28 0 [ERROR] InnoDB: The error means the system cannot find the path specified.
2025-03-31  9:47:28 0 [ERROR] InnoDB: If you are installing InnoDB, remember that you must create directories yourself, InnoDB does not create them.
2025-03-31  9:47:28 0 [ERROR] InnoDB: Cannot open datafile for read-only: '.\phpmyadmin\pma__history.ibd' OS error: 203
2025-03-31  9:47:28 0 [ERROR] InnoDB: Operating system error number 203 in a file operation.
2025-03-31  9:47:28 0 [Note] InnoDB: Some operating system error numbers are described at https://mariadb.com/kb/en/library/operating-system-error-codes/
2025-03-31  9:47:28 0 [ERROR] InnoDB: Could not find a valid tablespace file for ``phpmyadmin`.`pma__history``. Please refer to https://mariadb.com/kb/en/innodb-data-dictionary-troubleshooting/ for how to resolve the issue.
2025-03-31  9:47:28 0 [Warning] InnoDB: Ignoring tablespace for `phpmyadmin`.`pma__history` because it could not be opened.
2025-03-31  9:47:28 0 [ERROR] InnoDB: Operating system error number 3 in a file operation.
2025-03-31  9:47:28 0 [ERROR] InnoDB: The error means the system cannot find the path specified.
2025-03-31  9:47:28 0 [ERROR] InnoDB: If you are installing InnoDB, remember that you must create directories yourself, InnoDB does not create them.
2025-03-31  9:47:28 0 [ERROR] InnoDB: Cannot open datafile for read-only: '.\phpmyadmin\pma__navigationhiding.ibd' OS error: 203
2025-03-31  9:47:28 0 [ERROR] InnoDB: Operating system error number 203 in a file operation.
2025-03-31  9:47:28 0 [Note] InnoDB: Some operating system error numbers are described at https://mariadb.com/kb/en/library/operating-system-error-codes/
2025-03-31  9:47:28 0 [ERROR] InnoDB: Could not find a valid tablespace file for ``phpmyadmin`.`pma__navigationhiding``. Please refer to https://mariadb.com/kb/en/innodb-data-dictionary-troubleshooting/ for how to resolve the issue.
2025-03-31  9:47:28 0 [Warning] InnoDB: Ignoring tablespace for `phpmyadmin`.`pma__navigationhiding` because it could not be opened.
2025-03-31  9:47:28 0 [ERROR] InnoDB: Operating system error number 3 in a file operation.
2025-03-31  9:47:28 0 [ERROR] InnoDB: The error means the system cannot find the path specified.
2025-03-31  9:47:28 0 [ERROR] InnoDB: If you are installing InnoDB, remember that you must create directories yourself, InnoDB does not create them.
2025-03-31  9:47:28 0 [ERROR] InnoDB: Cannot open datafile for read-only: '.\phpmyadmin\pma__pdf_pages.ibd' OS error: 203
2025-03-31  9:47:28 0 [ERROR] InnoDB: Operating system error number 203 in a file operation.
2025-03-31  9:47:28 0 [Note] InnoDB: Some operating system error numbers are described at https://mariadb.com/kb/en/library/operating-system-error-codes/
2025-03-31  9:47:28 0 [ERROR] InnoDB: Could not find a valid tablespace file for ``phpmyadmin`.`pma__pdf_pages``. Please refer to https://mariadb.com/kb/en/innodb-data-dictionary-troubleshooting/ for how to resolve the issue.
2025-03-31  9:47:28 0 [Warning] InnoDB: Ignoring tablespace for `phpmyadmin`.`pma__pdf_pages` because it could not be opened.
2025-03-31  9:47:28 0 [ERROR] InnoDB: Operating system error number 3 in a file operation.
2025-03-31  9:47:28 0 [ERROR] InnoDB: The error means the system cannot find the path specified.
2025-03-31  9:47:28 0 [ERROR] InnoDB: If you are installing InnoDB, remember that you must create directories yourself, InnoDB does not create them.
2025-03-31  9:47:28 0 [ERROR] InnoDB: Cannot open datafile for read-only: '.\phpmyadmin\pma__recent.ibd' OS error: 203
2025-03-31  9:47:28 0 [ERROR] InnoDB: Operating system error number 203 in a file operation.
2025-03-31  9:47:28 0 [Note] InnoDB: Some operating system error numbers are described at https://mariadb.com/kb/en/library/operating-system-error-codes/
2025-03-31  9:47:28 0 [ERROR] InnoDB: Could not find a valid tablespace file for ``phpmyadmin`.`pma__recent``. Please refer to https://mariadb.com/kb/en/innodb-data-dictionary-troubleshooting/ for how to resolve the issue.
2025-03-31  9:47:28 0 [Warning] InnoDB: Ignoring tablespace for `phpmyadmin`.`pma__recent` because it could not be opened.
2025-03-31  9:47:28 0 [ERROR] InnoDB: Operating system error number 3 in a file operation.
2025-03-31  9:47:28 0 [ERROR] InnoDB: The error means the system cannot find the path specified.
2025-03-31  9:47:28 0 [ERROR] InnoDB: If you are installing InnoDB, remember that you must create directories yourself, InnoDB does not create them.
2025-03-31  9:47:28 0 [ERROR] InnoDB: Cannot open datafile for read-only: '.\phpmyadmin\pma__relation.ibd' OS error: 203
2025-03-31  9:47:28 0 [ERROR] InnoDB: Operating system error number 203 in a file operation.
2025-03-31  9:47:28 0 [Note] InnoDB: Some operating system error numbers are described at https://mariadb.com/kb/en/library/operating-system-error-codes/
2025-03-31  9:47:28 0 [ERROR] InnoDB: Could not find a valid tablespace file for ``phpmyadmin`.`pma__relation``. Please refer to https://mariadb.com/kb/en/innodb-data-dictionary-troubleshooting/ for how to resolve the issue.
2025-03-31  9:47:28 0 [Warning] InnoDB: Ignoring tablespace for `phpmyadmin`.`pma__relation` because it could not be opened.
2025-03-31  9:47:28 0 [ERROR] InnoDB: Operating system error number 3 in a file operation.
2025-03-31  9:47:28 0 [ERROR] InnoDB: The error means the system cannot find the path specified.
2025-03-31  9:47:28 0 [ERROR] InnoDB: If you are installing InnoDB, remember that you must create directories yourself, InnoDB does not create them.
2025-03-31  9:47:28 0 [ERROR] InnoDB: Cannot open datafile for read-only: '.\phpmyadmin\pma__savedsearches.ibd' OS error: 203
2025-03-31  9:47:28 0 [ERROR] InnoDB: Operating system error number 203 in a file operation.
2025-03-31  9:47:28 0 [Note] InnoDB: Some operating system error numbers are described at https://mariadb.com/kb/en/library/operating-system-error-codes/
2025-03-31  9:47:28 0 [ERROR] InnoDB: Could not find a valid tablespace file for ``phpmyadmin`.`pma__savedsearches``. Please refer to https://mariadb.com/kb/en/innodb-data-dictionary-troubleshooting/ for how to resolve the issue.
2025-03-31  9:47:28 0 [Warning] InnoDB: Ignoring tablespace for `phpmyadmin`.`pma__savedsearches` because it could not be opened.
2025-03-31  9:47:28 0 [ERROR] InnoDB: Operating system error number 3 in a file operation.
2025-03-31  9:47:28 0 [ERROR] InnoDB: The error means the system cannot find the path specified.
2025-03-31  9:47:28 0 [ERROR] InnoDB: If you are installing InnoDB, remember that you must create directories yourself, InnoDB does not create them.
2025-03-31  9:47:28 0 [ERROR] InnoDB: Cannot open datafile for read-only: '.\phpmyadmin\pma__table_coords.ibd' OS error: 203
2025-03-31  9:47:28 0 [ERROR] InnoDB: Operating system error number 203 in a file operation.
2025-03-31  9:47:28 0 [Note] InnoDB: Some operating system error numbers are described at https://mariadb.com/kb/en/library/operating-system-error-codes/
2025-03-31  9:47:28 0 [ERROR] InnoDB: Could not find a valid tablespace file for ``phpmyadmin`.`pma__table_coords``. Please refer to https://mariadb.com/kb/en/innodb-data-dictionary-troubleshooting/ for how to resolve the issue.
2025-03-31  9:47:28 0 [Warning] InnoDB: Ignoring tablespace for `phpmyadmin`.`pma__table_coords` because it could not be opened.
2025-03-31  9:47:28 0 [ERROR] InnoDB: Operating system error number 3 in a file operation.
2025-03-31  9:47:28 0 [ERROR] InnoDB: The error means the system cannot find the path specified.
2025-03-31  9:47:28 0 [ERROR] InnoDB: If you are installing InnoDB, remember that you must create directories yourself, InnoDB does not create them.
2025-03-31  9:47:29 0 [ERROR] InnoDB: Cannot open datafile for read-only: '.\phpmyadmin\pma__table_info.ibd' OS error: 203
2025-03-31  9:47:29 0 [ERROR] InnoDB: Operating system error number 203 in a file operation.
2025-03-31  9:47:29 0 [Note] InnoDB: Some operating system error numbers are described at https://mariadb.com/kb/en/library/operating-system-error-codes/
2025-03-31  9:47:29 0 [ERROR] InnoDB: Could not find a valid tablespace file for ``phpmyadmin`.`pma__table_info``. Please refer to https://mariadb.com/kb/en/innodb-data-dictionary-troubleshooting/ for how to resolve the issue.
2025-03-31  9:47:29 0 [Warning] InnoDB: Ignoring tablespace for `phpmyadmin`.`pma__table_info` because it could not be opened.
2025-03-31  9:47:29 0 [ERROR] InnoDB: Operating system error number 3 in a file operation.
2025-03-31  9:47:29 0 [ERROR] InnoDB: The error means the system cannot find the path specified.
2025-03-31  9:47:29 0 [ERROR] InnoDB: If you are installing InnoDB, remember that you must create directories yourself, InnoDB does not create them.
2025-03-31  9:47:29 0 [ERROR] InnoDB: Cannot open datafile for read-only: '.\phpmyadmin\pma__table_uiprefs.ibd' OS error: 203
2025-03-31  9:47:29 0 [ERROR] InnoDB: Operating system error number 203 in a file operation.
2025-03-31  9:47:29 0 [Note] InnoDB: Some operating system error numbers are described at https://mariadb.com/kb/en/library/operating-system-error-codes/
2025-03-31  9:47:29 0 [ERROR] InnoDB: Could not find a valid tablespace file for ``phpmyadmin`.`pma__table_uiprefs``. Please refer to https://mariadb.com/kb/en/innodb-data-dictionary-troubleshooting/ for how to resolve the issue.
2025-03-31  9:47:29 0 [Warning] InnoDB: Ignoring tablespace for `phpmyadmin`.`pma__table_uiprefs` because it could not be opened.
2025-03-31  9:47:29 0 [ERROR] InnoDB: Operating system error number 3 in a file operation.
2025-03-31  9:47:29 0 [ERROR] InnoDB: The error means the system cannot find the path specified.
2025-03-31  9:47:29 0 [ERROR] InnoDB: If you are installing InnoDB, remember that you must create directories yourself, InnoDB does not create them.
2025-03-31  9:47:29 0 [ERROR] InnoDB: Cannot open datafile for read-only: '.\phpmyadmin\pma__tracking.ibd' OS error: 203
2025-03-31  9:47:29 0 [ERROR] InnoDB: Operating system error number 203 in a file operation.
2025-03-31  9:47:29 0 [Note] InnoDB: Some operating system error numbers are described at https://mariadb.com/kb/en/library/operating-system-error-codes/
2025-03-31  9:47:29 0 [ERROR] InnoDB: Could not find a valid tablespace file for ``phpmyadmin`.`pma__tracking``. Please refer to https://mariadb.com/kb/en/innodb-data-dictionary-troubleshooting/ for how to resolve the issue.
2025-03-31  9:47:29 0 [Warning] InnoDB: Ignoring tablespace for `phpmyadmin`.`pma__tracking` because it could not be opened.
2025-03-31  9:47:29 0 [ERROR] InnoDB: Operating system error number 3 in a file operation.
2025-03-31  9:47:29 0 [ERROR] InnoDB: The error means the system cannot find the path specified.
2025-03-31  9:47:29 0 [ERROR] InnoDB: If you are installing InnoDB, remember that you must create directories yourself, InnoDB does not create them.
2025-03-31  9:47:29 0 [ERROR] InnoDB: Cannot open datafile for read-only: '.\phpmyadmin\pma__userconfig.ibd' OS error: 203
2025-03-31  9:47:29 0 [ERROR] InnoDB: Operating system error number 203 in a file operation.
2025-03-31  9:47:29 0 [Note] InnoDB: Some operating system error numbers are described at https://mariadb.com/kb/en/library/operating-system-error-codes/
2025-03-31  9:47:29 0 [ERROR] InnoDB: Could not find a valid tablespace file for ``phpmyadmin`.`pma__userconfig``. Please refer to https://mariadb.com/kb/en/innodb-data-dictionary-troubleshooting/ for how to resolve the issue.
2025-03-31  9:47:29 0 [Warning] InnoDB: Ignoring tablespace for `phpmyadmin`.`pma__userconfig` because it could not be opened.
2025-03-31  9:47:29 0 [ERROR] InnoDB: Operating system error number 3 in a file operation.
2025-03-31  9:47:29 0 [ERROR] InnoDB: The error means the system cannot find the path specified.
2025-03-31  9:47:29 0 [ERROR] InnoDB: If you are installing InnoDB, remember that you must create directories yourself, InnoDB does not create them.
2025-03-31  9:47:29 0 [ERROR] InnoDB: Cannot open datafile for read-only: '.\phpmyadmin\pma__usergroups.ibd' OS error: 203
2025-03-31  9:47:29 0 [ERROR] InnoDB: Operating system error number 203 in a file operation.
2025-03-31  9:47:29 0 [Note] InnoDB: Some operating system error numbers are described at https://mariadb.com/kb/en/library/operating-system-error-codes/
2025-03-31  9:47:29 0 [ERROR] InnoDB: Could not find a valid tablespace file for ``phpmyadmin`.`pma__usergroups``. Please refer to https://mariadb.com/kb/en/innodb-data-dictionary-troubleshooting/ for how to resolve the issue.
2025-03-31  9:47:29 0 [Warning] InnoDB: Ignoring tablespace for `phpmyadmin`.`pma__usergroups` because it could not be opened.
2025-03-31  9:47:29 0 [ERROR] InnoDB: Operating system error number 3 in a file operation.
2025-03-31  9:47:29 0 [ERROR] InnoDB: The error means the system cannot find the path specified.
2025-03-31  9:47:29 0 [ERROR] InnoDB: If you are installing InnoDB, remember that you must create directories yourself, InnoDB does not create them.
2025-03-31  9:47:29 0 [ERROR] InnoDB: Cannot open datafile for read-only: '.\phpmyadmin\pma__users.ibd' OS error: 203
2025-03-31  9:47:29 0 [ERROR] InnoDB: Operating system error number 203 in a file operation.
2025-03-31  9:47:29 0 [Note] InnoDB: Some operating system error numbers are described at https://mariadb.com/kb/en/library/operating-system-error-codes/
2025-03-31  9:47:29 0 [ERROR] InnoDB: Could not find a valid tablespace file for ``phpmyadmin`.`pma__users``. Please refer to https://mariadb.com/kb/en/innodb-data-dictionary-troubleshooting/ for how to resolve the issue.
2025-03-31  9:47:29 0 [Warning] InnoDB: Ignoring tablespace for `phpmyadmin`.`pma__users` because it could not be opened.
2025-03-31  9:47:29 0 [Note] InnoDB: 128 out of 128 rollback segments are active.
2025-03-31  9:47:29 0 [Note] InnoDB: Removed temporary tablespace data file: "ibtmp1"
2025-03-31  9:47:29 0 [Note] InnoDB: Creating shared tablespace for temporary tables
2025-03-31  9:47:29 0 [Note] InnoDB: Setting file 'C:\Users\Zedric Berwin\Desktop\OJT files\repository\ojt\server\mysql\data\ibtmp1' size to 12 MB. Physically writing the file full; Please wait ...
2025-03-31  9:47:29 0 [Note] InnoDB: File 'C:\Users\Zedric Berwin\Desktop\OJT files\repository\ojt\server\mysql\data\ibtmp1' size is now 12 MB.
2025-03-31  9:47:29 0 [Note] InnoDB: Waiting for purge to start
2025-03-31  9:47:29 0 [Note] InnoDB: 10.4.28 started; log sequence number 51616712; transaction id 82408
2025-03-31  9:47:29 0 [Note] InnoDB: Loading buffer pool(s) from C:\Users\Zedric Berwin\Desktop\OJT files\repository\ojt\server\mysql\data\ib_buffer_pool
2025-03-31  9:47:29 0 [Note] Plugin 'FEEDBACK' is disabled.
2025-03-31  9:47:29 0 [Note] Server socket created on IP: '::'.
2025-03-31  9:47:29 0 [Note] InnoDB: Buffer pool(s) load completed at 250331  9:47:29
2025-03-31  9:47:29 0 [Note] Reading of all Master_info entries succeeded
2025-03-31  9:47:29 0 [Note] Added new Master_info '' to hash table
2025-03-31  9:47:29 0 [Note] mysql\bin\mysqld.exe: ready for connections.
Version: '10.4.28-MariaDB'  socket: ''  port: 3306  mariadb.org binary distribution
